{"Google_RE": {"means": ["Mean P@1,10,k: 0.03720335550277548, 0.17937022964325786, 0.5592407161825383"], "place_of_birth": [{"MRR": 0.09955960798949358, "MRR_negative": 0.0, "MRR_positive": 0.09955960798949358, "P_AT_1": 0.0759278175008512, "P_AT_10": 0.27681307456588355, "P_AT_K": 0.6019748042219952, "P_AT_K_positive": 0.6019748042219952, "P_AT_K_negative": 0.0}], "date_of_birth": [{"MRR": 0.05747183669034041, "MRR_negative": 0.0, "MRR_positive": 0.05747183669034041, "P_AT_1": 0.014794520547945205, "P_AT_10": 0.13205479452054794, "P_AT_K": 0.795068493150685, "P_AT_K_positive": 0.795068493150685, "P_AT_K_negative": 0.0}], "place_of_death": [{"MRR": 0.049709707151278454, "MRR_negative": 0.0, "MRR_positive": 0.049709707151278454, "P_AT_1": 0.020887728459530026, "P_AT_10": 0.12924281984334204, "P_AT_K": 0.28067885117493474, "P_AT_K_positive": 0.28067885117493474, "P_AT_K_negative": 0.0}]}, "TREx": {"means": ["Mean P@1,10,k: 0.10717576317932549, 0.35155827443878773, 0.6681202792397951"], "P19": [{"MRR": 0.11876459643023374, "MRR_negative": 0.0, "MRR_positive": 0.0, "P_AT_1": 0.0858050847457627, "P_AT_10": 0.3093220338983051, "P_AT_K": 0.6228813559322034, "P_AT_K_positive": 0.0, "P_AT_K_negative": 0.0}], "P20": [{"MRR": 0.10483996231904083, "MRR_negative": 0.0, "MRR_positive": 0.0, "P_AT_1": 0.07869884575026233, "P_AT_10": 0.2864637985309549, "P_AT_K": 0.5194123819517313, "P_AT_K_positive": 0.0, "P_AT_K_negative": 0.0}], "P279": [{"MRR": 0.1795262239996715, "MRR_negative": 0.0, "MRR_positive": 0.0, "P_AT_1": 0.07053941908713693, "P_AT_10": 0.3962655601659751, "P_AT_K": 0.6089211618257261, "P_AT_K_positive": 0.0, "P_AT_K_negative": 0.0}], "P37": [{"MRR": 0.20945153565391442, "MRR_negative": 0.0, "MRR_positive": 0.0, "P_AT_1": 0.2919254658385093, "P_AT_10": 0.7060041407867494, "P_AT_K": 0.9637681159420289, "P_AT_K_positive": 0.0, "P_AT_K_negative": 0.0}], "P413": [{"MRR": 0.030247458871675608, "MRR_negative": 0.0, "MRR_positive": 0.0, "P_AT_1": 0.0010504201680672268, "P_AT_10": 0.0861344537815126, "P_AT_K": 0.4569327731092437, "P_AT_K_positive": 0.0, "P_AT_K_negative": 0.0}], "P449": [{"MRR": 0.27546440477912304, "MRR_negative": 0.0, "MRR_positive": 0.0, "P_AT_1": 0.33181818181818185, "P_AT_10": 0.7465909090909091, "P_AT_K": 0.8886363636363637, "P_AT_K_positive": 0.0, "P_AT_K_negative": 0.0}], "P47": [{"MRR": 0.12032183571091222, "MRR_negative": 0.0, "MRR_positive": 0.0, "P_AT_1": 0.04456521739130435, "P_AT_10": 0.3184782608695652, "P_AT_K": 0.6630434782608695, "P_AT_K_positive": 0.0, "P_AT_K_negative": 0.0}], "P138": [{"MRR": 0.09260513596466127, "MRR_negative": 0.0, "MRR_positive": 0.0, "P_AT_1": 0.014018691588785047, "P_AT_10": 0.23052959501557632, "P_AT_K": 0.5093457943925234, "P_AT_K_positive": 0.0, "P_AT_K_negative": 0.0}], "P364": [{"MRR": 0.20279161994633438, "MRR_negative": 0.0, "MRR_positive": 0.0, "P_AT_1": 0.18341121495327103, "P_AT_10": 0.6214953271028038, "P_AT_K": 0.9439252336448598, "P_AT_K_positive": 0.0, "P_AT_K_negative": 0.0}], "P463": [{"MRR": 0.18579438511172225, "MRR_negative": 0.0, "MRR_positive": 0.0, "P_AT_1": 0.19111111111111112, "P_AT_10": 0.5466666666666666, "P_AT_K": 0.7466666666666667, "P_AT_K_positive": 0.0, "P_AT_K_negative": 0.0}], "P101": [{"MRR": 0.0806729533100272, "MRR_negative": 0.0, "MRR_positive": 0.0, "P_AT_1": 0.02586206896551724, "P_AT_10": 0.2557471264367816, "P_AT_K": 0.6781609195402298, "P_AT_K_positive": 0.0, "P_AT_K_negative": 0.0}], "P106": [{"MRR": 0.07317444064724753, "MRR_negative": 0.0, "MRR_positive": 0.0, "P_AT_1": 0.017745302713987474, "P_AT_10": 0.19102296450939457, "P_AT_K": 0.802713987473904, "P_AT_K_positive": 0.0, "P_AT_K_negative": 0.0}], "P527": [{"MRR": 0.08273189057101671, "MRR_negative": 0.0, "MRR_positive": 0.0, "P_AT_1": 0.027663934426229508, "P_AT_10": 0.22540983606557377, "P_AT_K": 0.5112704918032787, "P_AT_K_positive": 0.0, "P_AT_K_negative": 0.0}], "P530": [{"MRR": 0.060620379742397194, "MRR_negative": 0.0, "MRR_positive": 0.0, "P_AT_1": 0.012048192771084338, "P_AT_10": 0.14056224899598393, "P_AT_K": 0.8504016064257028, "P_AT_K_positive": 0.0, "P_AT_K_negative": 0.0}], "P176": [{"MRR": 0.1442249604201669, "MRR_negative": 0.0, "MRR_positive": 0.0, "P_AT_1": 0.2538540596094553, "P_AT_10": 0.527235354573484, "P_AT_K": 0.7667009249743063, "P_AT_K_positive": 0.0, "P_AT_K_negative": 0.0}], "P27": [{"MRR": 0.009412815219663044, "MRR_negative": 0.0, "MRR_positive": 0.0, "P_AT_1": 0.0, "P_AT_10": 0.012422360248447204, "P_AT_K": 0.2153209109730849, "P_AT_K_positive": 0.0, "P_AT_K_negative": 0.0}], "P407": [{"MRR": 0.13555295070721288, "MRR_negative": 0.0, "MRR_positive": 0.0, "P_AT_1": 0.059293044469783354, "P_AT_10": 0.39110604332953247, "P_AT_K": 0.7730900798175598, "P_AT_K_positive": 0.0, "P_AT_K_negative": 0.0}], "P30": [{"MRR": 0.050014305949860324, "MRR_negative": 0.0, "MRR_positive": 0.0, "P_AT_1": 0.012307692307692308, "P_AT_10": 0.12307692307692308, "P_AT_K": 0.4882051282051282, "P_AT_K_positive": 0.0, "P_AT_K_negative": 0.0}], "P178": [{"MRR": 0.1685667800118644, "MRR_negative": 0.0, "MRR_positive": 0.0, "P_AT_1": 0.17089678510998307, "P_AT_10": 0.55668358714044, "P_AT_K": 0.8291032148900169, "P_AT_K_positive": 0.0, "P_AT_K_negative": 0.0}], "P1376": [{"MRR": 0.19110642151694757, "MRR_negative": 0.0, "MRR_positive": 0.0, "P_AT_1": 0.3090128755364807, "P_AT_10": 0.6566523605150214, "P_AT_K": 0.8583690987124464, "P_AT_K_positive": 0.0, "P_AT_K_negative": 0.0}], "P131": [{"MRR": 0.10691976732389442, "MRR_negative": 0.0, "MRR_positive": 0.0, "P_AT_1": 0.09534619750283768, "P_AT_10": 0.3496027241770715, "P_AT_K": 0.7321225879682179, "P_AT_K_positive": 0.0, "P_AT_K_negative": 0.0}], "P1412": [{"MRR": 0.10689118060056951, "MRR_negative": 0.0, "MRR_positive": 0.0, "P_AT_1": 0.058823529411764705, "P_AT_10": 0.29927760577915374, "P_AT_K": 0.7523219814241486, "P_AT_K_positive": 0.0, "P_AT_K_negative": 0.0}], "P108": [{"MRR": 0.04191850535472941, "MRR_negative": 0.0, "MRR_positive": 0.0, "P_AT_1": 0.018276762402088774, "P_AT_10": 0.10704960835509138, "P_AT_K": 0.4308093994778068, "P_AT_K_positive": 0.0, "P_AT_K_negative": 0.0}], "P136": [{"MRR": 0.06656038857300023, "MRR_negative": 0.0, "MRR_positive": 0.0, "P_AT_1": 0.010741138560687433, "P_AT_10": 0.21804511278195488, "P_AT_K": 0.6143931256713212, "P_AT_K_positive": 0.0, "P_AT_K_negative": 0.0}], "P17": [{"MRR": 0.18088301168458826, "MRR_negative": 0.0, "MRR_positive": 0.0, "P_AT_1": 0.16021505376344086, "P_AT_10": 0.5182795698924731, "P_AT_K": 0.8268817204301075, "P_AT_K_positive": 0.0, "P_AT_K_negative": 0.0}], "P39": [{"MRR": 0.11153876916991991, "MRR_negative": 0.0, "MRR_positive": 0.0, "P_AT_1": 0.03587443946188341, "P_AT_10": 0.3217488789237668, "P_AT_K": 0.8654708520179372, "P_AT_K_positive": 0.0, "P_AT_K_negative": 0.0}], "P264": [{"MRR": 0.04989188529463683, "MRR_negative": 0.0, "MRR_positive": 0.0, "P_AT_1": 0.002331002331002331, "P_AT_10": 0.1258741258741259, "P_AT_K": 0.37995337995337997, "P_AT_K_positive": 0.0, "P_AT_K_negative": 0.0}], "P276": [{"MRR": 0.11329402985985144, "MRR_negative": 0.0, "MRR_positive": 0.0, "P_AT_1": 0.15657620041753653, "P_AT_10": 0.38308977035490605, "P_AT_K": 0.6711899791231732, "P_AT_K_positive": 0.0, "P_AT_K_negative": 0.0}], "P937": [{"MRR": 0.11079301729123128, "MRR_negative": 0.0, "MRR_positive": 0.0, "P_AT_1": 0.12054507337526206, "P_AT_10": 0.32914046121593293, "P_AT_K": 0.6069182389937107, "P_AT_K_positive": 0.0, "P_AT_K_negative": 0.0}], "P140": [{"MRR": 0.12621867037986342, "MRR_negative": 0.0, "MRR_positive": 0.0, "P_AT_1": 0.008456659619450317, "P_AT_10": 0.4186046511627907, "P_AT_K": 0.9788583509513742, "P_AT_K_positive": 0.0, "P_AT_K_negative": 0.0}], "P1303": [{"MRR": 0.12436189022732727, "MRR_negative": 0.0, "MRR_positive": 0.0, "P_AT_1": 0.1053740779768177, "P_AT_10": 0.3772391991570074, "P_AT_K": 0.6933614330874605, "P_AT_K_positive": 0.0, "P_AT_K_negative": 0.0}], "P127": [{"MRR": 0.0909760705707233, "MRR_negative": 0.0, "MRR_positive": 0.0, "P_AT_1": 0.09606986899563319,