{"Google_RE": {"means": ["Mean P@1,10,k: 0.01322260136666143, 0.0855187530808454, 0.3970773998726486"], "place_of_birth": [{"MRR": 0.04459071758693433, "MRR_negative": 0.0, "MRR_positive": 0.04459071758693433, "P_AT_1": 0.02247191011235955, "P_AT_10": 0.11576438542730677, "P_AT_K": 0.3701055498808308, "P_AT_K_positive": 0.3701055498808308, "P_AT_K_negative": 0.0}], "date_of_birth": [{"MRR": 0.04232130366096666, "MRR_negative": 0.0, "MRR_positive": 0.04232130366096666, "P_AT_1": 0.01589041095890411, "P_AT_10": 0.10684931506849316, "P_AT_K": 0.5939726027397261, "P_AT_K_positive": 0.5939726027397261, "P_AT_K_negative": 0.0}], "place_of_death": [{"MRR": 0.016742227384158846, "MRR_negative": 0.0, "MRR_positive": 0.016742227384158846, "P_AT_1": 0.0013054830287206266, "P_AT_10": 0.033942558746736295, "P_AT_K": 0.22715404699738903, "P_AT_K_positive": 0.22715404699738903, "P_AT_K_negative": 0.0}]}, "TREx": {"means": ["Mean P@1,10,k: 0.026847337364334947, 0.13163222522054532, 0.40274767617463336"], "P19": [{"MRR": 0.052975236868854754, "MRR_negative": 0.0, "MRR_positive": 0.0, "P_AT_1": 0.0211864406779661, "P_AT_10": 0.13241525423728814, "P_AT_K": 0.3961864406779661, "P_AT_K_positive": 0.0, "P_AT_K_negative": 0.0}], "P20": [{"MRR": 0.033848506209761806, "MRR_negative": 0.0, "MRR_positive": 0.0, "P_AT_1": 0.007345225603357817, "P_AT_10": 0.08289611752360965, "P_AT_K": 0.3830010493179433, "P_AT_K_positive": 0.0, "P_AT_K_negative": 0.0}], "P279": [{"MRR": 0.018737042725839544, "MRR_negative": 0.0, "MRR_positive": 0.0, "P_AT_1": 0.001037344398340249, "P_AT_10": 0.04564315352697095, "P_AT_K": 0.2437759336099585, "P_AT_K_positive": 0.0, "P_AT_K_negative": 0.0}], "P37": [{"MRR": 0.050079945214164354, "MRR_negative": 0.0, "MRR_positive": 0.0, "P_AT_1": 0.010351966873706004, "P_AT_10": 0.14492753623188406, "P_AT_K": 0.34575569358178054, "P_AT_K_positive": 0.0, "P_AT_K_negative": 0.0}], "P413": [{"MRR": 0.004296332120034547, "MRR_negative": 0.0, "MRR_positive": 0.0, "P_AT_1": 0.0, "P_AT_10": 0.0021008403361344537, "P_AT_K": 0.06197478991596639, "P_AT_K_positive": 0.0, "P_AT_K_negative": 0.0}], "P449": [{"MRR": 0.2522377640397942, "MRR_negative": 0.0, "MRR_positive": 0.0, "P_AT_1": 0.12727272727272726, "P_AT_10": 0.6375, "P_AT_K": 0.8590909090909091, "P_AT_K_positive": 0.0, "P_AT_K_negative": 0.0}], "P47": [{"MRR": 0.03381212753159359, "MRR_negative": 0.0, "MRR_positive": 0.0, "P_AT_1": 0.016304347826086956, "P_AT_10": 0.09565217391304348, "P_AT_K": 0.37282608695652175, "P_AT_K_positive": 0.0, "P_AT_K_negative": 0.0}], "P138": [{"MRR": 0.001955707999833235, "MRR_negative": 0.0, "MRR_positive": 0.0, "P_AT_1": 0.003115264797507788, "P_AT_10": 0.006230529595015576, "P_AT_K": 0.028037383177570093, "P_AT_K_positive": 0.0, "P_AT_K_negative": 0.0}], "P364": [{"MRR": 0.026117331352832614, "MRR_negative": 0.0, "MRR_positive": 0.0, "P_AT_1": 0.0035046728971962616, "P_AT_10": 0.0630841121495327, "P_AT_K": 0.4719626168224299, "P_AT_K_positive": 0.0, "P_AT_K_negative": 0.0}], "P463": [{"MRR": 0.06578361833084961, "MRR_negative": 0.0, "MRR_positive": 0.0, "P_AT_1": 0.48444444444444446, "P_AT_10": 0.5733333333333334, "P_AT_K": 0.7288888888888889, "P_AT_K_positive": 0.0, "P_AT_K_negative": 0.0}], "P101": [{"MRR": 0.05668286842447782, "MRR_negative": 0.0, "MRR_positive": 0.0, "P_AT_1": 0.01293103448275862, "P_AT_10": 0.13649425287356323, "P_AT_K": 0.49712643678160917, "P_AT_K_positive": 0.0, "P_AT_K_negative": 0.0}], "P106": [{"MRR": 0.04579403087220375, "MRR_negative": 0.0, "MRR_positive": 0.0, "P_AT_1": 0.006263048016701462, "P_AT_10": 0.11064718162839249, "P_AT_K": 0.6127348643006263, "P_AT_K_positive": 0.0, "P_AT_K_negative": 0.0}], "P527": [{"MRR": 0.01852635730411032, "MRR_negative": 0.0, "MRR_positive": 0.0, "P_AT_1": 0.0010245901639344263, "P_AT_10": 0.036885245901639344, "P_AT_K": 0.3135245901639344, "P_AT_K_positive": 0.0, "P_AT_K_negative": 0.0}], "P530": [{"MRR": 0.05323148966453421, "MRR_negative": 0.0, "MRR_positive": 0.0, "P_AT_1": 0.008032128514056224, "P_AT_10": 0.1536144578313253, "P_AT_K": 0.6877510040160643, "P_AT_K_positive": 0.0, "P_AT_K_negative": 0.0}], "P176": [{"MRR": 0.059132244528881585, "MRR_negative": 0.0, "MRR_positive": 0.0, "P_AT_1": 0.0010277492291880781, "P_AT_10": 0.12332990750256938, "P_AT_K": 0.3001027749229188, "P_AT_K_positive": 0.0, "P_AT_K_negative": 0.0}], "P27": [{"MRR": 0.0008246923195981442, "MRR_negative": 0.0, "MRR_positive": 0.0, "P_AT_1": 0.0, "P_AT_10": 0.0, "P_AT_K": 0.011387163561076604, "P_AT_K_positive": 0.0, "P_AT_K_negative": 0.0}], "P407": [{"MRR": 0.10993439424846425, "MRR_negative": 0.0, "MRR_positive": 0.0, "P_AT_1": 0.07183580387685291, "P_AT_10": 0.3124287343215507, "P_AT_K": 0.6088939566704675, "P_AT_K_positive": 0.0, "P_AT_K_negative": 0.0}], "P30": [{"MRR": 0.008943158480420396, "MRR_negative": 0.0, "MRR_positive": 0.0, "P_AT_1": 0.0, "P_AT_10": 0.0071794871794871795, "P_AT_K": 0.21846153846153846, "P_AT_K_positive": 0.0, "P_AT_K_negative": 0.0}], "P178": [{"MRR": 0.08034555846767712, "MRR_negative": 0.0, "MRR_positive": 0.0, "P_AT_1": 0.0, "P_AT_10": 0.30456852791878175, "P_AT_K": 0.5126903553299492, "P_AT_K_positive": 0.0, "P_AT_K_negative": 0.0}], "P1376": [{"MRR": 0.04197708007246032, "MRR_negative": 0.0, "MRR_positive": 0.0, "P_AT_1": 0.004291845493562232, "P_AT_10": 0.0944206008583691, "P_AT_K": 0.27896995708154504, "P_AT_K_positive": 0.0, "P_AT_K_negative": 0.0}], "P131": [{"MRR": 0.05075734273132037, "MRR_negative": 0.0, "MRR_positive": 0.0, "P_AT_1": 0.0022701475595913734, "P_AT_10": 0.1112372304199773, "P_AT_K": 0.4517593643586833, "P_AT_K_positive": 0.0, "P_AT_K_negative": 0.0}], "P1412": [{"MRR": 0.08119452079324001, "MRR_negative": 0.0, "MRR_positive": 0.0, "P_AT_1": 0.01238390092879257, "P_AT_10": 0.20330237358101136, "P_AT_K": 0.4613003095975232, "P_AT_K_positive": 0.0, "P_AT_K_negative": 0.0}], "P108": [{"MRR": 0.005443985749003271, "MRR_negative": 0.0, "MRR_positive": 0.0, "P_AT_1": 0.0026109660574412533, "P_AT_10": 0.007832898172323759, "P_AT_K": 0.09921671018276762, "P_AT_K_positive": 0.0, "P_AT_K_negative": 0.0}], "P136": [{"MRR": 0.021798764022034487, "MRR_negative": 0.0, "MRR_positive": 0.0, "P_AT_1": 0.0, "P_AT_10": 0.02685284640171858, "P_AT_K": 0.6154672395273899, "P_AT_K_positive": 0.0, "P_AT_K_negative": 0.0}], "P17": [{"MRR": 0.05024708203714418, "MRR_negative": 0.0, "MRR_positive": 0.0, "P_AT_1": 0.00967741935483871, "P_AT_10": 0.15161290322580645, "P_AT_K": 0.5731182795698925, "P_AT_K_positive": 0.0, "P_AT_K_negative": 0.0}], "P39": [{"MRR": 0.07753938610797953, "MRR_negative": 0.0, "MRR_positive": 0.0, "P_AT_1": 0.020179372197309416, "P_AT_10": 0.18721973094170405, "P_AT_K": 0.8789237668161435, "P_AT_K_positive": 0.0, "P_AT_K_negative": 0.0}], "P264": [{"MRR": 0.08088619021389475, "MRR_negative": 0.0, "MRR_positive": 0.0, "P_AT_1": 0.006993006993006993, "P_AT_10": 0.16317016317016317, "P_AT_K": 0.2913752913752914, "P_AT_K_positive": 0.0, "P_AT_K_negative": 0.0}], "P276": [{"MRR": 0.024237850881915886, "MRR_negative": 0.0, "MRR_positive": 0.0, "P_AT_1": 0.0041753653444676405, "P_AT_10": 0.05741127348643006, "P_AT_K": 0.3496868475991649, "P_AT_K_positive": 0.0, "P_AT_K_negative": 0.0}], "P937": [{"MRR": 0.052425954337766034, "MRR_negative": 0.0, "MRR_positive": 0.0, "P_AT_1": 0.008385744234800839, "P_AT_10": 0.1761006289308176, "P_AT_K": 0.5083857442348009, "P_AT_K_positive": 0.0, "P_AT_K_negative": 0.0}], "P140": [{"MRR": 0.020080036919003046, "MRR_negative": 0.0, "MRR_positive": 0.0, "P_AT_1": 0.0021141649048625794, "P_AT_10": 0.008456659619450317, "P_AT_K": 0.5581395348837209, "P_AT_K_positive": 0.0, "P_AT_K_negative": 0.0}], "P1303": [{"MRR": 0.0795761751250518, "MRR_negative": 0.0, "MRR_positive": 0.0, "P_AT_1": 0.0136986301369863, "P_AT_10": 0.20758693361433087, "P_AT_K": 0.5110642781875658, "P_AT_K_positive": 0.0, "P_AT_K_negative": 0.0}], "P127": [{"MRR": 0.030544845179454175, "MRR_negative": 0.0, "MRR_positive": 0.0, "P_AT_1": 0.001455604075691412, "P_AT_10": 0.05967976710334789,