{"Google_RE": {"means": ["Mean P@1,10,k: 0.012046867320339591, 0.09173112968501158, 0.3540262220387573"], "place_of_birth": [{"MRR": 0.054222526292371266, "MRR_negative": 0.0, "MRR_positive": 0.054222526292371266, "P_AT_1": 0.020088525706503234, "P_AT_10": 0.1355124276472591, "P_AT_K": 0.3891726251276813, "P_AT_K_positive": 0.3891726251276813, "P_AT_K_negative": 0.0}], "date_of_birth": [{"MRR": 0.0388054249678788, "MRR_negative": 0.0, "MRR_positive": 0.0388054249678788, "P_AT_1": 0.00821917808219178, "P_AT_10": 0.08876712328767124, "P_AT_K": 0.46794520547945206, "P_AT_K_positive": 0.46794520547945206, "P_AT_K_negative": 0.0}], "place_of_death": [{"MRR": 0.01671476429047196, "MRR_negative": 0.0, "MRR_positive": 0.01671476429047196, "P_AT_1": 0.007832898172323759, "P_AT_10": 0.050913838120104436, "P_AT_K": 0.20496083550913838, "P_AT_K_positive": 0.20496083550913838, "P_AT_K_negative": 0.0}]}, "TREx": {"means": ["Mean P@1,10,k: 0.027353835714179663, 0.12190408659192012, 0.3620124078626466"], "P19": [{"MRR": 0.05315684818878369, "MRR_negative": 0.0, "MRR_positive": 0.0, "P_AT_1": 0.024364406779661018, "P_AT_10": 0.1281779661016949, "P_AT_K": 0.3919491525423729, "P_AT_K_positive": 0.0, "P_AT_K_negative": 0.0}], "P20": [{"MRR": 0.038017874028904455, "MRR_negative": 0.0, "MRR_positive": 0.0, "P_AT_1": 0.0031479538300104933, "P_AT_10": 0.09233997901364113, "P_AT_K": 0.34207764952780695, "P_AT_K_positive": 0.0, "P_AT_K_negative": 0.0}], "P279": [{"MRR": 0.021513007316047335, "MRR_negative": 0.0, "MRR_positive": 0.0, "P_AT_1": 0.001037344398340249, "P_AT_10": 0.05912863070539419, "P_AT_K": 0.25103734439834025, "P_AT_K_positive": 0.0, "P_AT_K_negative": 0.0}], "P37": [{"MRR": 0.014645799058150296, "MRR_negative": 0.0, "MRR_positive": 0.0, "P_AT_1": 0.002070393374741201, "P_AT_10": 0.037267080745341616, "P_AT_K": 0.2028985507246377, "P_AT_K_positive": 0.0, "P_AT_K_negative": 0.0}], "P413": [{"MRR": 0.004828151314636367, "MRR_negative": 0.0, "MRR_positive": 0.0, "P_AT_1": 0.0, "P_AT_10": 0.0010504201680672268, "P_AT_K": 0.16701680672268907, "P_AT_K_positive": 0.0, "P_AT_K_negative": 0.0}], "P449": [{"MRR": 0.06757065079890322, "MRR_negative": 0.0, "MRR_positive": 0.0, "P_AT_1": 0.325, "P_AT_10": 0.6545454545454545, "P_AT_K": 0.8545454545454545, "P_AT_K_positive": 0.0, "P_AT_K_negative": 0.0}], "P47": [{"MRR": 0.035541937662759794, "MRR_negative": 0.0, "MRR_positive": 0.0, "P_AT_1": 0.007608695652173913, "P_AT_10": 0.08152173913043478, "P_AT_K": 0.29891304347826086, "P_AT_K_positive": 0.0, "P_AT_K_negative": 0.0}], "P138": [{"MRR": 0.004270469258936286, "MRR_negative": 0.0, "MRR_positive": 0.0, "P_AT_1": 0.003115264797507788, "P_AT_10": 0.009345794392523364, "P_AT_K": 0.059190031152647975, "P_AT_K_positive": 0.0, "P_AT_K_negative": 0.0}], "P364": [{"MRR": 0.02378903759401808, "MRR_negative": 0.0, "MRR_positive": 0.0, "P_AT_1": 0.0011682242990654205, "P_AT_10": 0.05957943925233645, "P_AT_K": 0.3014018691588785, "P_AT_K_positive": 0.0, "P_AT_K_negative": 0.0}], "P463": [{"MRR": 0.23628695636057745, "MRR_negative": 0.0, "MRR_positive": 0.0, "P_AT_1": 0.06666666666666667, "P_AT_10": 0.5466666666666666, "P_AT_K": 0.6933333333333334, "P_AT_K_positive": 0.0, "P_AT_K_negative": 0.0}], "P101": [{"MRR": 0.041135107918367476, "MRR_negative": 0.0, "MRR_positive": 0.0, "P_AT_1": 0.034482758620689655, "P_AT_10": 0.12643678160919541, "P_AT_K": 0.5057471264367817, "P_AT_K_positive": 0.0, "P_AT_K_negative": 0.0}], "P106": [{"MRR": 0.04046898318526283, "MRR_negative": 0.0, "MRR_positive": 0.0, "P_AT_1": 0.003131524008350731, "P_AT_10": 0.10647181628392484, "P_AT_K": 0.5855949895615866, "P_AT_K_positive": 0.0, "P_AT_K_negative": 0.0}], "P527": [{"MRR": 0.03494828357522087, "MRR_negative": 0.0, "MRR_positive": 0.0, "P_AT_1": 0.0030737704918032786, "P_AT_10": 0.09938524590163934, "P_AT_K": 0.33709016393442626, "P_AT_K_positive": 0.0, "P_AT_K_negative": 0.0}], "P530": [{"MRR": 0.05349333670111093, "MRR_negative": 0.0, "MRR_positive": 0.0, "P_AT_1": 0.0050200803212851405, "P_AT_10": 0.13052208835341367, "P_AT_K": 0.6827309236947792, "P_AT_K_positive": 0.0, "P_AT_K_negative": 0.0}], "P176": [{"MRR": 0.026490948359993115, "MRR_negative": 0.0, "MRR_positive": 0.0, "P_AT_1": 0.0010277492291880781, "P_AT_10": 0.046248715313463515, "P_AT_K": 0.1223021582733813, "P_AT_K_positive": 0.0, "P_AT_K_negative": 0.0}], "P27": [{"MRR": 0.0009446156381097985, "MRR_negative": 0.0, "MRR_positive": 0.0, "P_AT_1": 0.0, "P_AT_10": 0.0, "P_AT_K": 0.012422360248447204, "P_AT_K_positive": 0.0, "P_AT_K_negative": 0.0}], "P407": [{"MRR": 0.1194720359699521, "MRR_negative": 0.0, "MRR_positive": 0.0, "P_AT_1": 0.2748004561003421, "P_AT_10": 0.47434435575826683, "P_AT_K": 0.6328392246294184, "P_AT_K_positive": 0.0, "P_AT_K_negative": 0.0}], "P30": [{"MRR": 0.006615238338424864, "MRR_negative": 0.0, "MRR_positive": 0.0, "P_AT_1": 0.0, "P_AT_10": 0.003076923076923077, "P_AT_K": 0.1476923076923077, "P_AT_K_positive": 0.0, "P_AT_K_negative": 0.0}], "P178": [{"MRR": 0.08640687210216917, "MRR_negative": 0.0, "MRR_positive": 0.0, "P_AT_1": 0.00338409475465313, "P_AT_10": 0.20135363790186125, "P_AT_K": 0.4653130287648054, "P_AT_K_positive": 0.0, "P_AT_K_negative": 0.0}], "P1376": [{"MRR": 0.021394080444662577, "MRR_negative": 0.0, "MRR_positive": 0.0, "P_AT_1": 0.017167381974248927, "P_AT_10": 0.06866952789699571, "P_AT_K": 0.27896995708154504, "P_AT_K_positive": 0.0, "P_AT_K_negative": 0.0}], "P131": [{"MRR": 0.03366927884247175, "MRR_negative": 0.0, "MRR_positive": 0.0, "P_AT_1": 0.0022701475595913734, "P_AT_10": 0.09194097616345062, "P_AT_K": 0.4619750283768445, "P_AT_K_positive": 0.0, "P_AT_K_negative": 0.0}], "P1412": [{"MRR": 0.06240788335569463, "MRR_negative": 0.0, "MRR_positive": 0.0, "P_AT_1": 0.025799793601651185, "P_AT_10": 0.15583075335397317, "P_AT_K": 0.40350877192982454, "P_AT_K_positive": 0.0, "P_AT_K_negative": 0.0}], "P108": [{"MRR": 0.005197778878314762, "MRR_negative": 0.0, "MRR_positive": 0.0, "P_AT_1": 0.0, "P_AT_10": 0.005221932114882507, "P_AT_K": 0.044386422976501305, "P_AT_K_positive": 0.0, "P_AT_K_negative": 0.0}], "P136": [{"MRR": 0.028196891408985385, "MRR_negative": 0.0, "MRR_positive": 0.0, "P_AT_1": 0.0, "P_AT_10": 0.050483351235230935, "P_AT_K": 0.5875402792696026, "P_AT_K_positive": 0.0, "P_AT_K_negative": 0.0}], "P17": [{"MRR": 0.026159437775026707, "MRR_negative": 0.0, "MRR_positive": 0.0, "P_AT_1": 0.001075268817204301, "P_AT_10": 0.060215053763440864, "P_AT_K": 0.3924731182795699, "P_AT_K_positive": 0.0, "P_AT_K_negative": 0.0}], "P39": [{"MRR": 0.06062958178522399, "MRR_negative": 0.0, "MRR_positive": 0.0, "P_AT_1": 0.006726457399103139, "P_AT_10": 0.14237668161434977, "P_AT_K": 0.8217488789237668, "P_AT_K_positive": 0.0, "P_AT_K_negative": 0.0}], "P264": [{"MRR": 0.05196005409598366, "MRR_negative": 0.0, "MRR_positive": 0.0, "P_AT_1": 0.009324009324009324, "P_AT_10": 0.11888111888111888, "P_AT_K": 0.2540792540792541, "P_AT_K_positive": 0.0, "P_AT_K_negative": 0.0}], "P276": [{"MRR": 0.017594038964904843, "MRR_negative": 0.0, "MRR_positive": 0.0, "P_AT_1": 0.0010438413361169101, "P_AT_10": 0.037578288100208766, "P_AT_K": 0.267223382045929, "P_AT_K_positive": 0.0, "P_AT_K_negative": 0.0}], "P937": [{"MRR": 0.06513696088270347, "MRR_negative": 0.0, "MRR_positive": 0.0, "P_AT_1": 0.005241090146750524, "P_AT_10": 0.16352201257861634, "P_AT_K": 0.39622641509433965, "P_AT_K_positive": 0.0, "P_AT_K_negative": 0.0}], "P140": [{"MRR": 0.012725243808451806, "MRR_negative": 0.0, "MRR_positive": 0.0, "P_AT_1": 0.0021141649048625794, "P_AT_10": 0.010570824524312896, "P_AT_K": 0.3699788583509514, "P_AT_K_positive": 0.0, "P_AT_K_negative": 0.0}], "P1303": [{"MRR": 0.10719087007904862, "MRR_negative": 0.0, "MRR_positive": 0.0, "P_AT_1": 0.10432033719704953, "P_AT_10": 0.34141201264488935, "P_AT_K": 0.553213909378293, "P_AT_K_positive": 0.0, "P_AT_K_negative": 0.0}], "P127": [{"MRR": 0.02136685279412574, "MRR_negative": 0.0, "MRR_positive": 0.0, "P_AT_1": 0.0, "P_AT_10": 0.050946142649199416,