{"Google_RE": {"means": ["Mean P@1,10,k: 0.009563519346463954, 0.07142421278715556, 0.36716525526383137"], "place_of_birth": [{"MRR": 0.04010379698008554, "MRR_negative": 0.0, "MRR_positive": 0.04010379698008554, "P_AT_1": 0.016683690840994213, "P_AT_10": 0.10589036431733061, "P_AT_K": 0.4031324480762683, "P_AT_K_positive": 0.4031324480762683, "P_AT_K_negative": 0.0}], "date_of_birth": [{"MRR": 0.03739743992623854, "MRR_negative": 0.0, "MRR_positive": 0.03739743992623854, "P_AT_1": 0.005479452054794521, "P_AT_10": 0.07835616438356165, "P_AT_K": 0.5873972602739727, "P_AT_K_positive": 0.5873972602739727, "P_AT_K_negative": 0.0}], "place_of_death": [{"MRR": 0.014672784080735296, "MRR_negative": 0.0, "MRR_positive": 0.014672784080735296, "P_AT_1": 0.006527415143603133, "P_AT_10": 0.030026109660574413, "P_AT_K": 0.11096605744125326, "P_AT_K_positive": 0.11096605744125326, "P_AT_K_negative": 0.0}]}, "TREx": {"means": ["Mean P@1,10,k: 0.018990208042060214, 0.11284299108968435, 0.37546281809451865"], "P19": [{"MRR": 0.043315775111989176, "MRR_negative": 0.0, "MRR_positive": 0.0, "P_AT_1": 0.014830508474576272, "P_AT_10": 0.11440677966101695, "P_AT_K": 0.423728813559322, "P_AT_K_positive": 0.0, "P_AT_K_negative": 0.0}], "P20": [{"MRR": 0.025834779365252886, "MRR_negative": 0.0, "MRR_positive": 0.0, "P_AT_1": 0.03882476390346275, "P_AT_10": 0.08814270724029381, "P_AT_K": 0.23189926547743966, "P_AT_K_positive": 0.0, "P_AT_K_negative": 0.0}], "P279": [{"MRR": 0.03271003215673389, "MRR_negative": 0.0, "MRR_positive": 0.0, "P_AT_1": 0.002074688796680498, "P_AT_10": 0.07261410788381743, "P_AT_K": 0.27800829875518673, "P_AT_K_positive": 0.0, "P_AT_K_negative": 0.0}], "P37": [{"MRR": 0.02361223727579357, "MRR_negative": 0.0, "MRR_positive": 0.0, "P_AT_1": 0.0010351966873706005, "P_AT_10": 0.052795031055900624, "P_AT_K": 0.2639751552795031, "P_AT_K_positive": 0.0, "P_AT_K_negative": 0.0}], "P413": [{"MRR": 0.01030551614679337, "MRR_negative": 0.0, "MRR_positive": 0.0, "P_AT_1": 0.0, "P_AT_10": 0.0031512605042016808, "P_AT_K": 0.35294117647058826, "P_AT_K_positive": 0.0, "P_AT_K_negative": 0.0}], "P449": [{"MRR": 0.1942960155200193, "MRR_negative": 0.0, "MRR_positive": 0.0, "P_AT_1": 0.07272727272727272, "P_AT_10": 0.44886363636363635, "P_AT_K": 0.8409090909090909, "P_AT_K_positive": 0.0, "P_AT_K_negative": 0.0}], "P47": [{"MRR": 0.028305824907886433, "MRR_negative": 0.0, "MRR_positive": 0.0, "P_AT_1": 0.0010869565217391304, "P_AT_10": 0.051086956521739134, "P_AT_K": 0.3293478260869565, "P_AT_K_positive": 0.0, "P_AT_K_negative": 0.0}], "P138": [{"MRR": 0.005234580901862917, "MRR_negative": 0.0, "MRR_positive": 0.0, "P_AT_1": 0.0, "P_AT_10": 0.010903426791277258, "P_AT_K": 0.045171339563862926, "P_AT_K_positive": 0.0, "P_AT_K_negative": 0.0}], "P364": [{"MRR": 0.014043064186361118, "MRR_negative": 0.0, "MRR_positive": 0.0, "P_AT_1": 0.0011682242990654205, "P_AT_10": 0.02453271028037383, "P_AT_K": 0.2546728971962617, "P_AT_K_positive": 0.0, "P_AT_K_negative": 0.0}], "P463": [{"MRR": 0.15216467369239736, "MRR_negative": 0.0, "MRR_positive": 0.0, "P_AT_1": 0.09333333333333334, "P_AT_10": 0.5422222222222223, "P_AT_K": 0.7422222222222222, "P_AT_K_positive": 0.0, "P_AT_K_negative": 0.0}], "P101": [{"MRR": 0.08825728452549135, "MRR_negative": 0.0, "MRR_positive": 0.0, "P_AT_1": 0.01293103448275862, "P_AT_10": 0.22844827586206898, "P_AT_K": 0.5761494252873564, "P_AT_K_positive": 0.0, "P_AT_K_negative": 0.0}], "P106": [{"MRR": 0.039766704784230396, "MRR_negative": 0.0, "MRR_positive": 0.0, "P_AT_1": 0.0, "P_AT_10": 0.08037578288100208, "P_AT_K": 0.6816283924843424, "P_AT_K_positive": 0.0, "P_AT_K_negative": 0.0}], "P527": [{"MRR": 0.03339376487303202, "MRR_negative": 0.0, "MRR_positive": 0.0, "P_AT_1": 0.009221311475409836, "P_AT_10": 0.0860655737704918, "P_AT_K": 0.3319672131147541, "P_AT_K_positive": 0.0, "P_AT_K_negative": 0.0}], "P530": [{"MRR": 0.0490698973827684, "MRR_negative": 0.0, "MRR_positive": 0.0, "P_AT_1": 0.01104417670682731, "P_AT_10": 0.09337349397590361, "P_AT_K": 0.6977911646586346, "P_AT_K_positive": 0.0, "P_AT_K_negative": 0.0}], "P176": [{"MRR": 0.024314274822911184, "MRR_negative": 0.0, "MRR_positive": 0.0, "P_AT_1": 0.006166495375128468, "P_AT_10": 0.05344295991778006, "P_AT_K": 0.32065775950668035, "P_AT_K_positive": 0.0, "P_AT_K_negative": 0.0}], "P27": [{"MRR": 0.002244605194397957, "MRR_negative": 0.0, "MRR_positive": 0.0, "P_AT_1": 0.0, "P_AT_10": 0.0, "P_AT_K": 0.016563146997929608, "P_AT_K_positive": 0.0, "P_AT_K_negative": 0.0}], "P407": [{"MRR": 0.10386878481358902, "MRR_negative": 0.0, "MRR_positive": 0.0, "P_AT_1": 0.055872291904218926, "P_AT_10": 0.27366020524515394, "P_AT_K": 0.49714937286202965, "P_AT_K_positive": 0.0, "P_AT_K_negative": 0.0}], "P30": [{"MRR": 0.009252363242297756, "MRR_negative": 0.0, "MRR_positive": 0.0, "P_AT_1": 0.0, "P_AT_10": 0.008205128205128205, "P_AT_K": 0.23794871794871794, "P_AT_K_positive": 0.0, "P_AT_K_negative": 0.0}], "P178": [{"MRR": 0.19411925870992444, "MRR_negative": 0.0, "MRR_positive": 0.0, "P_AT_1": 0.17428087986463622, "P_AT_10": 0.5583756345177665, "P_AT_K": 0.6582064297800339, "P_AT_K_positive": 0.0, "P_AT_K_negative": 0.0}], "P1376": [{"MRR": 0.032233496736458575, "MRR_negative": 0.0, "MRR_positive": 0.0, "P_AT_1": 0.008583690987124463, "P_AT_10": 0.060085836909871244, "P_AT_K": 0.33476394849785407, "P_AT_K_positive": 0.0, "P_AT_K_negative": 0.0}], "P131": [{"MRR": 0.03813195827905663, "MRR_negative": 0.0, "MRR_positive": 0.0, "P_AT_1": 0.0056753688989784334, "P_AT_10": 0.08853575482406356, "P_AT_K": 0.4449489216799092, "P_AT_K_positive": 0.0, "P_AT_K_negative": 0.0}], "P1412": [{"MRR": 0.0462351042916586, "MRR_negative": 0.0, "MRR_positive": 0.0, "P_AT_1": 0.014447884416924664, "P_AT_10": 0.11661506707946337, "P_AT_K": 0.38596491228070173, "P_AT_K_positive": 0.0, "P_AT_K_negative": 0.0}], "P108": [{"MRR": 0.012754758591130731, "MRR_negative": 0.0, "MRR_positive": 0.0, "P_AT_1": 0.0026109660574412533, "P_AT_10": 0.02610966057441253, "P_AT_K": 0.19843342036553524, "P_AT_K_positive": 0.0, "P_AT_K_negative": 0.0}], "P136": [{"MRR": 0.04834109863714027, "MRR_negative": 0.0, "MRR_positive": 0.0, "P_AT_1": 0.0, "P_AT_10": 0.1267454350161117, "P_AT_K": 0.6605800214822771, "P_AT_K_positive": 0.0, "P_AT_K_negative": 0.0}], "P17": [{"MRR": 0.03933358414501008, "MRR_negative": 0.0, "MRR_positive": 0.0, "P_AT_1": 0.015053763440860216, "P_AT_10": 0.09462365591397849, "P_AT_K": 0.5741935483870968, "P_AT_K_positive": 0.0, "P_AT_K_negative": 0.0}], "P39": [{"MRR": 0.03655249752019884, "MRR_negative": 0.0, "MRR_positive": 0.0, "P_AT_1": 0.0033632286995515697, "P_AT_10": 0.06838565022421525, "P_AT_K": 0.6636771300448431, "P_AT_K_positive": 0.0, "P_AT_K_negative": 0.0}], "P264": [{"MRR": 0.044725439772817246, "MRR_negative": 0.0, "MRR_positive": 0.0, "P_AT_1": 0.053613053613053616, "P_AT_10": 0.14685314685314685, "P_AT_K": 0.21445221445221446, "P_AT_K_positive": 0.0, "P_AT_K_negative": 0.0}], "P276": [{"MRR": 0.030697545355251342, "MRR_negative": 0.0, "MRR_positive": 0.0, "P_AT_1": 0.0020876826722338203, "P_AT_10": 0.05636743215031315, "P_AT_K": 0.3778705636743215, "P_AT_K_positive": 0.0, "P_AT_K_negative": 0.0}], "P937": [{"MRR": 0.029833908538098256, "MRR_negative": 0.0, "MRR_positive": 0.0, "P_AT_1": 0.0041928721174004195, "P_AT_10": 0.05345911949685535, "P_AT_K": 0.37945492662473795, "P_AT_K_positive": 0.0, "P_AT_K_negative": 0.0}], "P140": [{"MRR": 0.004436717295285296, "MRR_negative": 0.0, "MRR_positive": 0.0, "P_AT_1": 0.0, "P_AT_10": 0.006342494714587738, "P_AT_K": 0.019027484143763214, "P_AT_K_positive": 0.0, "P_AT_K_negative": 0.0}], "P1303": [{"MRR": 0.14601820123256778, "MRR_negative": 0.0, "MRR_positive": 0.0, "P_AT_1": 0.0410958904109589, "P_AT_10": 0.34351949420442573, "P_AT_K": 0.690200210748156, "P_AT_K_positive": 0.0, "P_AT_K_negative": 0.0}], "P127": [{"MRR": 0.03555377394805987, "MRR_negative": 0.0, "MRR_positive": 0.0, "P_AT_1": 0.008733624454148471, "P_AT_10": 0.10334788937409024,