{"Google_RE": {"means": ["Mean P@1,10,k: 0.023461919280290566, 0.17259467312880997, 0.5638817190966868"], "place_of_birth": [{"MRR": 0.12255998441040461, "MRR_negative": 0.0, "MRR_positive": 0.12255998441040461, "P_AT_1": 0.05209397344228805, "P_AT_10": 0.3037112700034048, "P_AT_K": 0.6234252638747021, "P_AT_K_positive": 0.6234252638747021, "P_AT_K_negative": 0.0}], "date_of_birth": [{"MRR": 0.06549447342491106, "MRR_negative": 0.0, "MRR_positive": 0.06549447342491106, "P_AT_1": 0.016986301369863014, "P_AT_10": 0.16054794520547946, "P_AT_K": 0.8071232876712329, "P_AT_K_positive": 0.8071232876712329, "P_AT_K_negative": 0.0}], "place_of_death": [{"MRR": 0.019022466404370955, "MRR_negative": 0.0, "MRR_positive": 0.019022466404370955, "P_AT_1": 0.0013054830287206266, "P_AT_10": 0.05352480417754569, "P_AT_K": 0.26109660574412535, "P_AT_K_positive": 0.26109660574412535, "P_AT_K_negative": 0.0}]}, "TREx": {"means": ["Mean P@1,10,k: 0.17695921238420312, 0.4403337026641933, 0.7201527805915293"], "P19": [{"MRR": 0.14933163752718853, "MRR_negative": 0.0, "MRR_positive": 0.0, "P_AT_1": 0.06885593220338983, "P_AT_10": 0.3421610169491525, "P_AT_K": 0.6546610169491526, "P_AT_K_positive": 0.0, "P_AT_K_negative": 0.0}], "P20": [{"MRR": 0.050332015298121945, "MRR_negative": 0.0, "MRR_positive": 0.0, "P_AT_1": 0.004197271773347324, "P_AT_10": 0.16369359916054566, "P_AT_K": 0.5089192025183631, "P_AT_K_positive": 0.0, "P_AT_K_negative": 0.0}], "P279": [{"MRR": 0.19492898927610047, "MRR_negative": 0.0, "MRR_positive": 0.0, "P_AT_1": 0.2157676348547718, "P_AT_10": 0.5632780082987552, "P_AT_K": 0.7178423236514523, "P_AT_K_positive": 0.0, "P_AT_K_negative": 0.0}], "P37": [{"MRR": 0.23976763570398577, "MRR_negative": 0.0, "MRR_positive": 0.0, "P_AT_1": 0.2981366459627329, "P_AT_10": 0.7556935817805382, "P_AT_K": 0.9627329192546584, "P_AT_K_positive": 0.0, "P_AT_K_negative": 0.0}], "P413": [{"MRR": 0.057998079316235886, "MRR_negative": 0.0, "MRR_positive": 0.0, "P_AT_1": 0.004201680672268907, "P_AT_10": 0.14600840336134455, "P_AT_K": 0.7668067226890757, "P_AT_K_positive": 0.0, "P_AT_K_negative": 0.0}], "P449": [{"MRR": 0.22576977256339556, "MRR_negative": 0.0, "MRR_positive": 0.0, "P_AT_1": 0.3261363636363636, "P_AT_10": 0.7738636363636363, "P_AT_K": 0.9511363636363637, "P_AT_K_positive": 0.0, "P_AT_K_negative": 0.0}], "P47": [{"MRR": 0.13957835396610851, "MRR_negative": 0.0, "MRR_positive": 0.0, "P_AT_1": 0.06847826086956521, "P_AT_10": 0.3815217391304348, "P_AT_K": 0.6967391304347826, "P_AT_K_positive": 0.0, "P_AT_K_negative": 0.0}], "P138": [{"MRR": 0.09791940076122874, "MRR_negative": 0.0, "MRR_positive": 0.0, "P_AT_1": 0.00778816199376947, "P_AT_10": 0.26635514018691586, "P_AT_K": 0.5202492211838006, "P_AT_K_positive": 0.0, "P_AT_K_negative": 0.0}], "P364": [{"MRR": 0.17348039923894568, "MRR_negative": 0.0, "MRR_positive": 0.0, "P_AT_1": 0.2523364485981308, "P_AT_10": 0.6261682242990654, "P_AT_K": 0.9287383177570093, "P_AT_K_positive": 0.0, "P_AT_K_negative": 0.0}], "P463": [{"MRR": 0.033096224149344274, "MRR_negative": 0.0, "MRR_positive": 0.0, "P_AT_1": 0.6933333333333334, "P_AT_10": 0.7466666666666667, "P_AT_K": 0.7733333333333333, "P_AT_K_positive": 0.0, "P_AT_K_negative": 0.0}], "P101": [{"MRR": 0.08365135742184596, "MRR_negative": 0.0, "MRR_positive": 0.0, "P_AT_1": 0.04454022988505747, "P_AT_10": 0.24568965517241378, "P_AT_K": 0.6422413793103449, "P_AT_K_positive": 0.0, "P_AT_K_negative": 0.0}], "P106": [{"MRR": 0.0588911221578696, "MRR_negative": 0.0, "MRR_positive": 0.0, "P_AT_1": 0.016701461377870562, "P_AT_10": 0.1409185803757829, "P_AT_K": 0.697286012526096, "P_AT_K_positive": 0.0, "P_AT_K_negative": 0.0}], "P527": [{"MRR": 0.06969575395822121, "MRR_negative": 0.0, "MRR_positive": 0.0, "P_AT_1": 0.04815573770491803, "P_AT_10": 0.21413934426229508, "P_AT_K": 0.5338114754098361, "P_AT_K_positive": 0.0, "P_AT_K_negative": 0.0}], "P530": [{"MRR": 0.07992531988202421, "MRR_negative": 0.0, "MRR_positive": 0.0, "P_AT_1": 0.01606425702811245, "P_AT_10": 0.22389558232931728, "P_AT_K": 0.820281124497992, "P_AT_K_positive": 0.0, "P_AT_K_negative": 0.0}], "P176": [{"MRR": 0.1125053407885377, "MRR_negative": 0.0, "MRR_positive": 0.0, "P_AT_1": 0.5313463514902363, "P_AT_10": 0.7348406988694759, "P_AT_K": 0.8406988694758479, "P_AT_K_positive": 0.0, "P_AT_K_negative": 0.0}], "P27": [{"MRR": 0.003964140643434769, "MRR_negative": 0.0, "MRR_positive": 0.0, "P_AT_1": 0.0, "P_AT_10": 0.0010351966873706005, "P_AT_K": 0.08902691511387163, "P_AT_K_positive": 0.0, "P_AT_K_negative": 0.0}], "P407": [{"MRR": 0.2645157459519521, "MRR_negative": 0.0, "MRR_positive": 0.0, "P_AT_1": 0.34207525655644244, "P_AT_10": 0.7924743443557583, "P_AT_K": 0.9395667046750285, "P_AT_K_positive": 0.0, "P_AT_K_negative": 0.0}], "P30": [{"MRR": 0.2181626406564777, "MRR_negative": 0.0, "MRR_positive": 0.0, "P_AT_1": 0.3128205128205128, "P_AT_10": 0.721025641025641, "P_AT_K": 0.9671794871794872, "P_AT_K_positive": 0.0, "P_AT_K_negative": 0.0}], "P178": [{"MRR": 0.26225101456255656, "MRR_negative": 0.0, "MRR_positive": 0.0, "P_AT_1": 0.27749576988155666, "P_AT_10": 0.7563451776649747, "P_AT_K": 0.9424703891708968, "P_AT_K_positive": 0.0, "P_AT_K_negative": 0.0}], "P1376": [{"MRR": 0.14257739095529512, "MRR_negative": 0.0, "MRR_positive": 0.0, "P_AT_1": 0.49356223175965663, "P_AT_10": 0.7467811158798283, "P_AT_K": 0.8626609442060086, "P_AT_K_positive": 0.0, "P_AT_K_negative": 0.0}], "P131": [{"MRR": 0.14947271558605296, "MRR_negative": 0.0, "MRR_positive": 0.0, "P_AT_1": 0.19977298524404086, "P_AT_10": 0.49716231555051077, "P_AT_K": 0.7854710556186152, "P_AT_K_positive": 0.0, "P_AT_K_negative": 0.0}], "P1412": [{"MRR": 0.17776511060555342, "MRR_negative": 0.0, "MRR_positive": 0.0, "P_AT_1": 0.17956656346749225, "P_AT_10": 0.5583075335397317, "P_AT_K": 0.8369453044375645, "P_AT_K_positive": 0.0, "P_AT_K_negative": 0.0}], "P108": [{"MRR": 0.055873887450944223, "MRR_negative": 0.0, "MRR_positive": 0.0, "P_AT_1": 0.02349869451697128, "P_AT_10": 0.15404699738903394, "P_AT_K": 0.6057441253263708, "P_AT_K_positive": 0.0, "P_AT_K_negative": 0.0}], "P136": [{"MRR": 0.02964539276353046, "MRR_negative": 0.0, "MRR_positive": 0.0, "P_AT_1": 0.0010741138560687433, "P_AT_10": 0.04296455424274973, "P_AT_K": 0.6498388829215896, "P_AT_K_positive": 0.0, "P_AT_K_negative": 0.0}], "P17": [{"MRR": 0.18919973822972114, "MRR_negative": 0.0, "MRR_positive": 0.0, "P_AT_1": 0.23333333333333334, "P_AT_10": 0.5763440860215053, "P_AT_K": 0.8548387096774194, "P_AT_K_positive": 0.0, "P_AT_K_negative": 0.0}], "P39": [{"MRR": 0.13747957690243712, "MRR_negative": 0.0, "MRR_positive": 0.0, "P_AT_1": 0.042600896860986545, "P_AT_10": 0.3486547085201794, "P_AT_K": 0.897982062780269, "P_AT_K_positive": 0.0, "P_AT_K_negative": 0.0}], "P264": [{"MRR": 0.09682299208908826, "MRR_negative": 0.0, "MRR_positive": 0.0, "P_AT_1": 0.08158508158508158, "P_AT_10": 0.23543123543123542, "P_AT_K": 0.5571095571095571, "P_AT_K_positive": 0.0, "P_AT_K_negative": 0.0}], "P276": [{"MRR": 0.14854240389078205, "MRR_negative": 0.0, "MRR_positive": 0.0, "P_AT_1": 0.23903966597077245, "P_AT_10": 0.48538622129436326, "P_AT_K": 0.7077244258872651, "P_AT_K_positive": 0.0, "P_AT_K_negative": 0.0}], "P937": [{"MRR": 0.14139794871515815, "MRR_negative": 0.0, "MRR_positive": 0.0, "P_AT_1": 0.12159329140461216, "P_AT_10": 0.40041928721174, "P_AT_K": 0.6981132075471698, "P_AT_K_positive": 0.0, "P_AT_K_negative": 0.0}], "P140": [{"MRR": 0.2076097568826702, "MRR_negative": 0.0, "MRR_positive": 0.0, "P_AT_1": 0.0, "P_AT_10": 0.5095137420718816, "P_AT_K": 0.9281183932346723, "P_AT_K_positive": 0.0, "P_AT_K_negative": 0.0}], "P1303": [{"MRR": 0.15104222982201412, "MRR_negative": 0.0, "MRR_positive": 0.0, "P_AT_1": 0.011591148577449948, "P_AT_10": 0.29083245521601686, "P_AT_K": 0.6301369863013698, "P_AT_K_positive": 0.0, "P_AT_K_negative": 0.0}], "P127": [{"MRR": 0.1316746331211708, "MRR_negative": 0.0, "MRR_positive": 0.0, "P_AT_1": 0.22561863173216884, "P_AT_10": 0.4497816593886463,