{
    "Google_RE": {
        "means": [
            "Mean P@1,10,k: 0.007063088947035384, 0.08773077147447966, 0.4676828563302859"
        ],
        "place_of_birth": [
            {
                "MRR": 0.04610307210602274,
                "MRR_negative": 0.0,
                "MRR_positive": 0.04610307210602274,
                "P_AT_1": 0.00749063670411985,
                "P_AT_10": 0.1178072863466122,
                "P_AT_K": 0.43956418113721485,
                "P_AT_K_positive": 0.43956418113721485,
                "P_AT_K_negative": 0.0
            }
        ],
        "date_of_birth": [
            {
                "MRR": 0.04714463645244316,
                "MRR_negative": 0.0,
                "MRR_positive": 0.04714463645244316,
                "P_AT_1": 0.0136986301369863,
                "P_AT_10": 0.11013698630136987,
                "P_AT_K": 0.6619178082191781,
                "P_AT_K_positive": 0.6619178082191781,
                "P_AT_K_negative": 0.0
            }
        ],
        "place_of_death": [
            {
                "MRR": 0.01830329380166816,
                "MRR_negative": 0.0,
                "MRR_positive": 0.01830329380166816,
                "P_AT_1": 0.0,
                "P_AT_10": 0.03524804177545692,
                "P_AT_K": 0.30156657963446476,
                "P_AT_K_positive": 0.30156657963446476,
                "P_AT_K_negative": 0.0
            }
        ]
    },
    "TREx": {
        "means": [
            "Mean P@1,10,k: 0.05917671023446111, 0.18718293912083503, 0.5136855168019359"
        ],
        "P19": [
            {
                "MRR": 0.05357613274736884,
                "MRR_negative": 0.0,
                "MRR_positive": 0.0,
                "P_AT_1": 0.009533898305084746,
                "P_AT_10": 0.13665254237288135,
                "P_AT_K": 0.4470338983050847,
                "P_AT_K_positive": 0.0,
                "P_AT_K_negative": 0.0
            }
        ],
        "P20": [
            {
                "MRR": 0.03784751960015715,
                "MRR_negative": 0.0,
                "MRR_positive": 0.0,
                "P_AT_1": 0.005246589716684155,
                "P_AT_10": 0.0944386149003148,
                "P_AT_K": 0.45750262329485836,
                "P_AT_K_positive": 0.0,
                "P_AT_K_negative": 0.0
            }
        ],
        "P279": [
            {
                "MRR": 0.05553377796241514,
                "MRR_negative": 0.0,
                "MRR_positive": 0.0,
                "P_AT_1": 0.011410788381742738,
                "P_AT_10": 0.17842323651452283,
                "P_AT_K": 0.3993775933609959,
                "P_AT_K_positive": 0.0,
                "P_AT_K_negative": 0.0
            }
        ],
        "P37": [
            {
                "MRR": 0.11497079378550856,
                "MRR_negative": 0.0,
                "MRR_positive": 0.0,
                "P_AT_1": 0.055900621118012424,
                "P_AT_10": 0.2432712215320911,
                "P_AT_K": 0.5890269151138716,
                "P_AT_K_positive": 0.0,
                "P_AT_K_negative": 0.0
            }
        ],
        "P413": [
            {
                "MRR": 0.023137385860351672,
                "MRR_negative": 0.0,
                "MRR_positive": 0.0,
                "P_AT_1": 0.0,
                "P_AT_10": 0.023109243697478993,
                "P_AT_K": 0.6239495798319328,
                "P_AT_K_positive": 0.0,
                "P_AT_K_negative": 0.0
            }
        ],
        "P449": [
            {
                "MRR": 0.27625286736383603,
                "MRR_negative": 0.0,
                "MRR_positive": 0.0,
                "P_AT_1": 0.26590909090909093,
                "P_AT_10": 0.7136363636363636,
                "P_AT_K": 0.8670454545454546,
                "P_AT_K_positive": 0.0,
                "P_AT_K_negative": 0.0
            }
        ],
        "P47": [
            {
                "MRR": 0.044484693617966566,
                "MRR_negative": 0.0,
                "MRR_positive": 0.0,
                "P_AT_1": 0.015217391304347827,
                "P_AT_10": 0.10652173913043478,
                "P_AT_K": 0.43369565217391304,
                "P_AT_K_positive": 0.0,
                "P_AT_K_negative": 0.0
            }
        ],
        "P138": [
            {
                "MRR": 0.00375807178061068,
                "MRR_negative": 0.0,
                "MRR_positive": 0.0,
                "P_AT_1": 0.0,
                "P_AT_10": 0.004672897196261682,
                "P_AT_K": 0.03271028037383177,
                "P_AT_K_positive": 0.0,
                "P_AT_K_negative": 0.0
            }
        ],
        "P364": [
            {
                "MRR": 0.08016243086860385,
                "MRR_negative": 0.0,
                "MRR_positive": 0.0,
                "P_AT_1": 0.16004672897196262,
                "P_AT_10": 0.30490654205607476,
                "P_AT_K": 0.6647196261682243,
                "P_AT_K_positive": 0.0,
                "P_AT_K_negative": 0.0
            }
        ],
        "P463": [
            {
                "MRR": 0.08617173668335228,
                "MRR_negative": 0.0,
                "MRR_positive": 0.0,
                "P_AT_1": 0.5511111111111111,
                "P_AT_10": 0.72,
                "P_AT_K": 0.7555555555555555,
                "P_AT_K_positive": 0.0,
                "P_AT_K_negative": 0.0
            }
        ],
        "P101": [
            {
                "MRR": 0.06557040921626775,
                "MRR_negative": 0.0,
                "MRR_positive": 0.0,
                "P_AT_1": 0.027298850574712645,
                "P_AT_10": 0.1810344827586207,
                "P_AT_K": 0.5862068965517241,
                "P_AT_K_positive": 0.0,
                "P_AT_K_negative": 0.0
            }
        ],
        "P106": [
            {
                "MRR": 0.027445997664427294,
                "MRR_negative": 0.0,
                "MRR_positive": 0.0,
                "P_AT_1": 0.003131524008350731,
                "P_AT_10": 0.054279749478079335,
                "P_AT_K": 0.40187891440501045,
                "P_AT_K_positive": 0.0,
                "P_AT_K_negative": 0.0
            }
        ],
        "P527": [
            {
                "MRR": 0.01787670271746588,
                "MRR_negative": 0.0,
                "MRR_positive": 0.0,
                "P_AT_1": 0.0030737704918032786,
                "P_AT_10": 0.039959016393442626,
                "P_AT_K": 0.27459016393442626,
                "P_AT_K_positive": 0.0,
                "P_AT_K_negative": 0.0
            }
        ],
        "P530": [
            {
                "MRR": 0.055468316119453506,
                "MRR_negative": 0.0,
                "MRR_positive": 0.0,
                "P_AT_1": 0.01104417670682731,
                "P_AT_10": 0.15461847389558234,
                "P_AT_K": 0.7630522088353414,
                "P_AT_K_positive": 0.0,
                "P_AT_K_negative": 0.0
            }
        ],
        "P176": [
            {
                "MRR": 0.05758656115715099,
                "MRR_negative": 0.0,
                "MRR_positive": 0.0,
                "P_AT_1": 0.010277492291880781,
                "P_AT_10": 0.14902363823227133,
                "P_AT_K": 0.5035971223021583,
                "P_AT_K_positive": 0.0,
                "P_AT_K_negative": 0.0
            }
        ],
        "P27": [
            {
                "MRR": 0.0006327425389221096,
                "MRR_negative": 0.0,
                "MRR_positive": 0.0,
                "P_AT_1": 0.0,
                "P_AT_10": 0.0,
                "P_AT_K": 0.006211180124223602,
                "P_AT_K_positive": 0.0,
                "P_AT_K_negative": 0.0
            }
        ],
        "P407": [
            {
                "MRR": 0.10515567863277413,
                "MRR_negative": 0.0,
                "MRR_positive": 0.0,