{"Google_RE": {"means": [], "place_of_birth": [{"MRR": 0.04158936541710626, "MRR_negative": 0.0, "MRR_positive": 0.04158936541710626, "P_AT_1": 0.011576438542730678, "P_AT_10": 0.10725229826353422, "P_AT_K": 0.30813755532856657, "P_AT_K_positive": 0.30813755532856657, "P_AT_K_negative": 0.0}], "date_of_birth": [{"MRR": 0.018281391621688015, "MRR_negative": 0.0, "MRR_positive": 0.018281391621688015, "P_AT_1": 0.005479452054794521, "P_AT_10": 0.02904109589041096, "P_AT_K": 0.3934246575342466, "P_AT_K_positive": 0.3934246575342466, "P_AT_K_negative": 0.0}], "place_of_death": [{"MRR": 0.019511068822454788, "MRR_negative": 0.0, "MRR_positive": 0.019511068822454788, "P_AT_1": 0.016971279373368148, "P_AT_10": 0.05483028720626632, "P_AT_K": 0.1422976501305483, "P_AT_K_positive": 0.1422976501305483, "P_AT_K_negative": 0.0}]}, "TREx": {"means": [], "P19": [{"MRR": 0.04966022799123793, "MRR_negative": 0.0, "MRR_positive": 0.0, "P_AT_1": 0.014830508474576272, "P_AT_10": 0.1239406779661017, "P_AT_K": 0.3146186440677966, "P_AT_K_positive": 0.0, "P_AT_K_negative": 0.0}], "P20": [{"MRR": 0.04670312791168896, "MRR_negative": 0.0, "MRR_positive": 0.0, "P_AT_1": 0.026232948583420776, "P_AT_10": 0.11752360965372508, "P_AT_K": 0.291710388247639, "P_AT_K_positive": 0.0, "P_AT_K_negative": 0.0}], "P279": [{"MRR": 0.05744203460730395, "MRR_negative": 0.0, "MRR_positive": 0.0, "P_AT_1": 0.005186721991701245, "P_AT_10": 0.1400414937759336, "P_AT_K": 0.2520746887966805, "P_AT_K_positive": 0.0, "P_AT_K_negative": 0.0}], "P37": [{"MRR": 0.0009405992519444631, "MRR_negative": 0.0, "MRR_positive": 0.0, "P_AT_1": 0.0, "P_AT_10": 0.0, "P_AT_K": 0.008281573498964804, "P_AT_K_positive": 0.0, "P_AT_K_negative": 0.0}], "P413": [{"MRR": 0.001033668802365437, "MRR_negative": 0.0, "MRR_positive": 0.0, "P_AT_1": 0.0, "P_AT_10": 0.0, "P_AT_K": 0.0010504201680672268, "P_AT_K_positive": 0.0, "P_AT_K_negative": 0.0}], "P449": [{"MRR": 0.15505794942202084, "MRR_negative": 0.0, "MRR_positive": 0.0, "P_AT_1": 0.29772727272727273, "P_AT_10": 0.6204545454545455, "P_AT_K": 0.7818181818181819, "P_AT_K_positive": 0.0, "P_AT_K_negative": 0.0}], "P47": [{"MRR": 0.027819473150142375, "MRR_negative": 0.0, "MRR_positive": 0.0, "P_AT_1": 0.011956521739130435, "P_AT_10": 0.07173913043478261, "P_AT_K": 0.2532608695652174, "P_AT_K_positive": 0.0, "P_AT_K_negative": 0.0}], "P138": [{"MRR": 0.011232694941673449, "MRR_negative": 0.0, "MRR_positive": 0.0, "P_AT_1": 0.001557632398753894, "P_AT_10": 0.01557632398753894, "P_AT_K": 0.08566978193146417, "P_AT_K_positive": 0.0, "P_AT_K_negative": 0.0}], "P364": [{"MRR": 0.0013443880196575204, "MRR_negative": 0.0, "MRR_positive": 0.0, "P_AT_1": 0.0011682242990654205, "P_AT_10": 0.002336448598130841, "P_AT_K": 0.014018691588785047, "P_AT_K_positive": 0.0, "P_AT_K_negative": 0.0}], "P463": [{"MRR": 0.03025914340936722, "MRR_negative": 0.0, "MRR_positive": 0.0, "P_AT_1": 0.0, "P_AT_10": 0.06222222222222222, "P_AT_K": 0.4177777777777778, "P_AT_K_positive": 0.0, "P_AT_K_negative": 0.0}], "P101": [{"MRR": 0.05283324233868036, "MRR_negative": 0.0, "MRR_positive": 0.0, "P_AT_1": 0.01293103448275862, "P_AT_10": 0.13649425287356323, "P_AT_K": 0.4468390804597701, "P_AT_K_positive": 0.0, "P_AT_K_negative": 0.0}], "P106": [{"MRR": 0.010734144408851874, "MRR_negative": 0.0, "MRR_positive": 0.0, "P_AT_1": 0.0010438413361169101, "P_AT_10": 0.021920668058455117, "P_AT_K": 0.1638830897703549, "P_AT_K_positive": 0.0, "P_AT_K_negative": 0.0}], "P527": [{"MRR": 0.022361697028999494, "MRR_negative": 0.0, "MRR_positive": 0.0, "P_AT_1": 0.011270491803278689, "P_AT_10": 0.06454918032786885, "P_AT_K": 0.29713114754098363, "P_AT_K_positive": 0.0, "P_AT_K_negative": 0.0}], "P530": [{"MRR": 0.036134926875708004, "MRR_negative": 0.0, "MRR_positive": 0.0, "P_AT_1": 0.008032128514056224, "P_AT_10": 0.08032128514056225, "P_AT_K": 0.5522088353413654, "P_AT_K_positive": 0.0, "P_AT_K_negative": 0.0}], "P176": [{"MRR": 0.0362955809488001, "MRR_negative": 0.0, "MRR_positive": 0.0, "P_AT_1": 0.015416238437821172, "P_AT_10": 0.09455292908530319, "P_AT_K": 0.3607399794450154, "P_AT_K_positive": 0.0, "P_AT_K_negative": 0.0}], "P27": [{"MRR": 1.8511734866717272e-05, "MRR_negative": 0.0, "MRR_positive": 0.0, "P_AT_1": 0.0, "P_AT_10": 0.0, "P_AT_K": 0.0, "P_AT_K_positive": 0.0, "P_AT_K_negative": 0.0}], "P407": [{"MRR": 0.053451269300636706, "MRR_negative": 0.0, "MRR_positive": 0.0, "P_AT_1": 0.011402508551881414, "P_AT_10": 0.11630558722919042, "P_AT_K": 0.40935005701254273, "P_AT_K_positive": 0.0, "P_AT_K_negative": 0.0}], "P30": [{"MRR": 0.015397872572533507, "MRR_negative": 0.0, "MRR_positive": 0.0, "P_AT_1": 0.0, "P_AT_10": 0.021538461538461538, "P_AT_K": 0.3507692307692308, "P_AT_K_positive": 0.0, "P_AT_K_negative": 0.0}], "P178": [{"MRR": 0.19791072257965497, "MRR_negative": 0.0, "MRR_positive": 0.0, "P_AT_1": 0.05583756345177665, "P_AT_10": 0.3536379018612521, "P_AT_K": 0.61082910321489, "P_AT_K_positive": 0.0, "P_AT_K_negative": 0.0}], "P1376": [{"MRR": 0.05459909116212157, "MRR_negative": 0.0, "MRR_positive": 0.0, "P_AT_1": 0.030042918454935622, "P_AT_10": 0.15450643776824036, "P_AT_K": 0.4334763948497854, "P_AT_K_positive": 0.0, "P_AT_K_negative": 0.0}], "P131": [{"MRR": 0.0639762685729606, "MRR_negative": 0.0, "MRR_positive": 0.0, "P_AT_1": 0.021566401816118047, "P_AT_10": 0.1611804767309875, "P_AT_K": 0.5221339387060159, "P_AT_K_positive": 0.0, "P_AT_K_negative": 0.0}], "P1412": [{"MRR": 0.07078338733237305, "MRR_negative": 0.0, "MRR_positive": 0.0, "P_AT_1": 0.014447884416924664, "P_AT_10": 0.1651186790505676, "P_AT_K": 0.4499484004127967, "P_AT_K_positive": 0.0, "P_AT_K_negative": 0.0}], "P108": [{"MRR": 0.00467896791531771, "MRR_negative": 0.0, "MRR_positive": 0.0, "P_AT_1": 0.0, "P_AT_10": 0.007832898172323759, "P_AT_K": 0.0731070496083551, "P_AT_K_positive": 0.0, "P_AT_K_negative": 0.0}], "P136": [{"MRR": 0.0030522426423214167, "MRR_negative": 0.0, "MRR_positive": 0.0, "P_AT_1": 0.0, "P_AT_10": 0.0, "P_AT_K": 0.04189044038668099, "P_AT_K_positive": 0.0, "P_AT_K_negative": 0.0}], "P17": [{"MRR": 0.08620465040861314, "MRR_negative": 0.0, "MRR_positive": 0.0, "P_AT_1": 0.02043010752688172, "P_AT_10": 0.22258064516129034, "P_AT_K": 0.6881720430107527, "P_AT_K_positive": 0.0, "P_AT_K_negative": 0.0}], "P39": [{"MRR": 0.00969288923089526, "MRR_negative": 0.0, "MRR_positive": 0.0, "P_AT_1": 0.0011210762331838565, "P_AT_10": 0.01569506726457399, "P_AT_K": 0.17376681614349776, "P_AT_K_positive": 0.0, "P_AT_K_negative": 0.0}], "P264": [{"MRR": 0.004805322527780628, "MRR_negative": 0.0, "MRR_positive": 0.0, "P_AT_1": 0.0, "P_AT_10": 0.004662004662004662, "P_AT_K": 0.12121212121212122, "P_AT_K_positive": 0.0, "P_AT_K_negative": 0.0}], "P276": [{"MRR": 0.031398813876434985, "MRR_negative": 0.0, "MRR_positive": 0.0, "P_AT_1": 0.018789144050104383, "P_AT_10": 0.08037578288100208, "P_AT_K": 0.34029227557411273, "P_AT_K_positive": 0.0, "P_AT_K_negative": 0.0}], "P937": [{"MRR": 0.09513225329850719, "MRR_negative": 0.0, "MRR_positive": 0.0, "P_AT_1": 0.12473794549266247, "P_AT_10": 0.26834381551362685, "P_AT_K": 0.4811320754716981, "P_AT_K_positive": 0.0, "P_AT_K_negative": 0.0}], "P140": [{"MRR": 0.0033828983883880366, "MRR_negative": 0.0, "MRR_positive": 0.0, "P_AT_1": 0.0, "P_AT_10": 0.0021141649048625794, "P_AT_K": 0.023255813953488372, "P_AT_K_positive": 0.0, "P_AT_K_negative": 0.0}], "P1303": [{"MRR": 0.04057133839050437, "MRR_negative": 0.0, "MRR_positive": 0.0, "P_AT_1": 0.011591148577449948, "P_AT_10": 0.10432033719704953, "P_AT_K": 0.2834562697576396, "P_AT_K_positive": 0.0, "P_AT_K_negative": 0.0}], "P127": [{"MRR": 0.04281139163306906, "MRR_negative": 0.0, "MRR_positive": 0.0, "P_AT_1": 0.02911208151382824, "P_AT_10": 0.13537117903930132, "P_AT_K": 0.38573508005822416, "P_AT_K_positive": 0.0, "P_AT_K_negative": 0.0}], "P103": [{"MRR": 0.0009698741375052593, "MRR_negative": 0.0, "MRR_positive": 0.0, "P_AT_1": 0.0, "P_AT_10": 0.0, "P_AT_K": 0.0030706243602865915, "P_AT_K_positive": 0.0,