{"Google_RE": {"means": ["Mean P@1,10,k: 0.06590760554343666, 0.2620708066255017, 0.6639305944321595"], "place_of_birth": [{"MRR": 0.12141831557290332, "MRR_negative": 0.0, "MRR_positive": 0.12141831557290332, "P_AT_1": 0.11916922029281579, "P_AT_10": 0.3765747361252979, "P_AT_K": 0.7044603336738168, "P_AT_K_positive": 0.7044603336738168, "P_AT_K_negative": 0.0}], "date_of_birth": [{"MRR": 0.06552851689159003, "MRR_negative": 0.0, "MRR_positive": 0.06552851689159003, "P_AT_1": 0.01589041095890411, "P_AT_10": 0.15506849315068494, "P_AT_K": 0.8082191780821918, "P_AT_K_positive": 0.8082191780821918, "P_AT_K_negative": 0.0}], "place_of_death": [{"MRR": 0.07852776415837928, "MRR_negative": 0.0, "MRR_positive": 0.07852776415837928, "P_AT_1": 0.06266318537859007, "P_AT_10": 0.2545691906005222, "P_AT_K": 0.47911227154047, "P_AT_K_positive": 0.47911227154047, "P_AT_K_negative": 0.0}]}, "TREx": {"means": ["Mean P@1,10,k: 0.24494240212352913, 0.5288174784348627, 0.8066289186430003"], "P19": [{"MRR": 0.13978892772552745, "MRR_negative": 0.0, "MRR_positive": 0.0, "P_AT_1": 0.1408898305084746, "P_AT_10": 0.4311440677966102, "P_AT_K": 0.75, "P_AT_K_positive": 0.0, "P_AT_K_negative": 0.0}], "P20": [{"MRR": 0.16379439049408026, "MRR_negative": 0.0, "MRR_positive": 0.0, "P_AT_1": 0.16054564533053514, "P_AT_10": 0.5162644281217209, "P_AT_K": 0.7639034627492131, "P_AT_K_positive": 0.0, "P_AT_K_negative": 0.0}], "P279": [{"MRR": 0.20636383732383373, "MRR_negative": 0.0, "MRR_positive": 0.0, "P_AT_1": 0.2603734439834025, "P_AT_10": 0.6390041493775933, "P_AT_K": 0.7759336099585062, "P_AT_K_positive": 0.0, "P_AT_K_negative": 0.0}], "P37": [{"MRR": 0.2483098381912927, "MRR_negative": 0.0, "MRR_positive": 0.0, "P_AT_1": 0.5, "P_AT_10": 0.8944099378881988, "P_AT_K": 0.9968944099378882, "P_AT_K_positive": 0.0, "P_AT_K_negative": 0.0}], "P413": [{"MRR": 0.1399896488007741, "MRR_negative": 0.0, "MRR_positive": 0.0, "P_AT_1": 0.026260504201680673, "P_AT_10": 0.33403361344537813, "P_AT_K": 0.6449579831932774, "P_AT_K_positive": 0.0, "P_AT_K_negative": 0.0}], "P449": [{"MRR": 0.30858092720404834, "MRR_negative": 0.0, "MRR_positive": 0.0, "P_AT_1": 0.27954545454545454, "P_AT_10": 0.7909090909090909, "P_AT_K": 0.9625, "P_AT_K_positive": 0.0, "P_AT_K_negative": 0.0}], "P47": [{"MRR": 0.1840641983131888, "MRR_negative": 0.0, "MRR_positive": 0.0, "P_AT_1": 0.10760869565217392, "P_AT_10": 0.5456521739130434, "P_AT_K": 0.841304347826087, "P_AT_K_positive": 0.0, "P_AT_K_negative": 0.0}], "P138": [{"MRR": 0.2784521596915249, "MRR_negative": 0.0, "MRR_positive": 0.0, "P_AT_1": 0.03115264797507788, "P_AT_10": 0.632398753894081, "P_AT_K": 0.7975077881619937, "P_AT_K_positive": 0.0, "P_AT_K_negative": 0.0}], "P364": [{"MRR": 0.1897348341475427, "MRR_negative": 0.0, "MRR_positive": 0.0, "P_AT_1": 0.4380841121495327, "P_AT_10": 0.8294392523364486, "P_AT_K": 0.9848130841121495, "P_AT_K_positive": 0.0, "P_AT_K_negative": 0.0}], "P463": [{"MRR": 0.11725861962294838, "MRR_negative": 0.0, "MRR_positive": 0.0, "P_AT_1": 0.5644444444444444, "P_AT_10": 0.7555555555555555, "P_AT_K": 0.8177777777777778, "P_AT_K_positive": 0.0, "P_AT_K_negative": 0.0}], "P101": [{"MRR": 0.11014255331308939, "MRR_negative": 0.0, "MRR_positive": 0.0, "P_AT_1": 0.06896551724137931, "P_AT_10": 0.33189655172413796, "P_AT_K": 0.7399425287356322, "P_AT_K_positive": 0.0, "P_AT_K_negative": 0.0}], "P106": [{"MRR": 0.06259758818511617, "MRR_negative": 0.0, "MRR_positive": 0.0, "P_AT_1": 0.017745302713987474, "P_AT_10": 0.11795407098121086, "P_AT_K": 0.8215031315240083, "P_AT_K_positive": 0.0, "P_AT_K_negative": 0.0}], "P527": [{"MRR": 0.1458954923710287, "MRR_negative": 0.0, "MRR_positive": 0.0, "P_AT_1": 0.1260245901639344, "P_AT_10": 0.42008196721311475, "P_AT_K": 0.7038934426229508, "P_AT_K_positive": 0.0, "P_AT_K_negative": 0.0}], "P530": [{"MRR": 0.08247695318411112, "MRR_negative": 0.0, "MRR_positive": 0.0, "P_AT_1": 0.020080321285140562, "P_AT_10": 0.21385542168674698, "P_AT_K": 0.9176706827309237, "P_AT_K_positive": 0.0, "P_AT_K_negative": 0.0}], "P176": [{"MRR": 0.11575702375237108, "MRR_negative": 0.0, "MRR_positive": 0.0, "P_AT_1": 0.6608427543679343, "P_AT_10": 0.8776978417266187, "P_AT_K": 0.9681397738951696, "P_AT_K_positive": 0.0, "P_AT_K_negative": 0.0}], "P27": [{"MRR": 0.038016185107403885, "MRR_negative": 0.0, "MRR_positive": 0.0, "P_AT_1": 0.0, "P_AT_10": 0.08799171842650104, "P_AT_K": 0.6004140786749482, "P_AT_K_positive": 0.0, "P_AT_K_negative": 0.0}], "P407": [{"MRR": 0.15920250908425257, "MRR_negative": 0.0, "MRR_positive": 0.0, "P_AT_1": 0.5587229190421893, "P_AT_10": 0.8346636259977195, "P_AT_K": 0.9578107183580388, "P_AT_K_positive": 0.0, "P_AT_K_negative": 0.0}], "P30": [{"MRR": 0.14560772350352508, "MRR_negative": 0.0, "MRR_positive": 0.0, "P_AT_1": 0.1158974358974359, "P_AT_10": 0.4430769230769231, "P_AT_K": 0.8553846153846154, "P_AT_K_positive": 0.0, "P_AT_K_negative": 0.0}], "P178": [{"MRR": 0.18915282649167275, "MRR_negative": 0.0, "MRR_positive": 0.0, "P_AT_1": 0.5702199661590525, "P_AT_10": 0.883248730964467, "P_AT_K": 0.9780033840947546, "P_AT_K_positive": 0.0, "P_AT_K_negative": 0.0}], "P1376": [{"MRR": 0.1860918428045041, "MRR_negative": 0.0, "MRR_positive": 0.0, "P_AT_1": 0.5708154506437768, "P_AT_10": 0.8326180257510729, "P_AT_K": 0.927038626609442, "P_AT_K_positive": 0.0, "P_AT_K_negative": 0.0}], "P131": [{"MRR": 0.1480689383715701, "MRR_negative": 0.0, "MRR_positive": 0.0, "P_AT_1": 0.18615209988649262, "P_AT_10": 0.49035187287173665, "P_AT_K": 0.793416572077185, "P_AT_K_positive": 0.0, "P_AT_K_negative": 0.0}], "P1412": [{"MRR": 0.23477548151453684, "MRR_negative": 0.0, "MRR_positive": 0.0, "P_AT_1": 0.44478844169246645, "P_AT_10": 0.847265221878225, "P_AT_K": 0.9659442724458205, "P_AT_K_positive": 0.0, "P_AT_K_negative": 0.0}], "P108": [{"MRR": 0.10417929927698691, "MRR_negative": 0.0, "MRR_positive": 0.0, "P_AT_1": 0.018276762402088774, "P_AT_10": 0.2898172323759791, "P_AT_K": 0.7728459530026109, "P_AT_K_positive": 0.0, "P_AT_K_negative": 0.0}], "P136": [{"MRR": 0.0858487533197529, "MRR_negative": 0.0, "MRR_positive": 0.0, "P_AT_1": 0.008592910848549946, "P_AT_10": 0.30934479054779807, "P_AT_K": 0.6788399570354458, "P_AT_K_positive": 0.0, "P_AT_K_negative": 0.0}], "P17": [{"MRR": 0.23128823661641812, "MRR_negative": 0.0, "MRR_positive": 0.0, "P_AT_1": 0.24731182795698925, "P_AT_10": 0.6698924731182796, "P_AT_K": 0.8913978494623656, "P_AT_K_positive": 0.0, "P_AT_K_negative": 0.0}], "P39": [{"MRR": 0.10046618268215453, "MRR_negative": 0.0, "MRR_positive": 0.0, "P_AT_1": 0.014573991031390135, "P_AT_10": 0.25112107623318386, "P_AT_K": 0.8105381165919282, "P_AT_K_positive": 0.0, "P_AT_K_negative": 0.0}], "P264": [{"MRR": 0.06699992734846211, "MRR_negative": 0.0, "MRR_positive": 0.0, "P_AT_1": 0.16317016317016317, "P_AT_10": 0.2680652680652681, "P_AT_K": 0.6130536130536131, "P_AT_K_positive": 0.0, "P_AT_K_negative": 0.0}], "P276": [{"MRR": 0.1483300262154561, "MRR_negative": 0.0, "MRR_positive": 0.0, "P_AT_1": 0.33402922755741127, "P_AT_10": 0.6012526096033403, "P_AT_K": 0.8131524008350731, "P_AT_K_positive": 0.0, "P_AT_K_negative": 0.0}], "P937": [{"MRR": 0.1520783573906152, "MRR_negative": 0.0, "MRR_positive": 0.0, "P_AT_1": 0.22955974842767296, "P_AT_10": 0.5524109014675053, "P_AT_K": 0.790356394129979, "P_AT_K_positive": 0.0, "P_AT_K_negative": 0.0}], "P140": [{"MRR": 0.04959054611004243, "MRR_negative": 0.0, "MRR_positive": 0.0, "P_AT_1": 0.0021141649048625794, "P_AT_10": 0.11205073995771671, "P_AT_K": 0.7484143763213531, "P_AT_K_positive": 0.0, "P_AT_K_negative": 0.0}], "P1303": [{"MRR": 0.14673673555196157, "MRR_negative": 0.0, "MRR_positive": 0.0, "P_AT_1": 0.07586933614330875, "P_AT_10": 0.4320337197049526, "P_AT_K": 0.7934668071654373, "P_AT_K_positive": 0.0, "P_AT_K_negative": 0.0}], "P127": [{"MRR": 0.12288649671535132, "MRR_negative": 0.0, "MRR_positive": 0.0, "P_AT_1": 0.3231441048034934, "P_AT_10": 0.5618631732168851, "P_AT_K": 0.7671033478893741, "P_AT_K_positive": 0.0,