{"Google_RE": {"means": ["Mean P@1,10,k: 0.01758572913012138, 0.112301123080784, 0.46436143096818383"], "place_of_birth": [{"MRR": 0.06081092477966143, "MRR_negative": 0.0, "MRR_positive": 0.06081092477966143, "P_AT_1": 0.033707865168539325, "P_AT_10": 0.17637044603336738, "P_AT_K": 0.5131086142322098, "P_AT_K_positive": 0.5131086142322098, "P_AT_K_negative": 0.0}], "date_of_birth": [{"MRR": 0.05769299467873346, "MRR_negative": 0.0, "MRR_positive": 0.05769299467873346, "P_AT_1": 0.01643835616438356, "P_AT_10": 0.14356164383561643, "P_AT_K": 0.7572602739726028, "P_AT_K_positive": 0.7572602739726028, "P_AT_K_negative": 0.0}], "place_of_death": [{"MRR": 0.00802763709463516, "MRR_negative": 0.0, "MRR_positive": 0.00802763709463516, "P_AT_1": 0.0026109660574412533, "P_AT_10": 0.016971279373368148, "P_AT_K": 0.1227154046997389, "P_AT_K_positive": 0.1227154046997389, "P_AT_K_negative": 0.0}]}, "TREx": {"means": ["Mean P@1,10,k: 0.05485931460399397, 0.23387360613487257, 0.544239161666664"], "P19": [{"MRR": 0.08358650255981967, "MRR_negative": 0.0, "MRR_positive": 0.0, "P_AT_1": 0.04025423728813559, "P_AT_10": 0.21504237288135594, "P_AT_K": 0.5444915254237288, "P_AT_K_positive": 0.0, "P_AT_K_negative": 0.0}], "P20": [{"MRR": 0.0227850350797271, "MRR_negative": 0.0, "MRR_positive": 0.0, "P_AT_1": 0.008394543546694649, "P_AT_10": 0.05666316894018888, "P_AT_K": 0.25078698845750264, "P_AT_K_positive": 0.0, "P_AT_K_negative": 0.0}], "P279": [{"MRR": 0.09387571899827661, "MRR_negative": 0.0, "MRR_positive": 0.0, "P_AT_1": 0.07053941908713693, "P_AT_10": 0.2676348547717842, "P_AT_K": 0.5446058091286307, "P_AT_K_positive": 0.0, "P_AT_K_negative": 0.0}], "P37": [{"MRR": 0.2241382335541099, "MRR_negative": 0.0, "MRR_positive": 0.0, "P_AT_1": 0.19668737060041408, "P_AT_10": 0.5973084886128365, "P_AT_K": 0.8819875776397516, "P_AT_K_positive": 0.0, "P_AT_K_negative": 0.0}], "P413": [{"MRR": 0.008166562839637539, "MRR_negative": 0.0, "MRR_positive": 0.0, "P_AT_1": 0.0, "P_AT_10": 0.015756302521008403, "P_AT_K": 0.17436974789915966, "P_AT_K_positive": 0.0, "P_AT_K_negative": 0.0}], "P449": [{"MRR": 0.23490519124761114, "MRR_negative": 0.0, "MRR_positive": 0.0, "P_AT_1": 0.3170454545454545, "P_AT_10": 0.7784090909090909, "P_AT_K": 0.8738636363636364, "P_AT_K_positive": 0.0, "P_AT_K_negative": 0.0}], "P47": [{"MRR": 0.05083017963709087, "MRR_negative": 0.0, "MRR_positive": 0.0, "P_AT_1": 0.015217391304347827, "P_AT_10": 0.13043478260869565, "P_AT_K": 0.5097826086956522, "P_AT_K_positive": 0.0, "P_AT_K_negative": 0.0}], "P138": [{"MRR": 0.023432929174175963, "MRR_negative": 0.0, "MRR_positive": 0.0, "P_AT_1": 0.0, "P_AT_10": 0.059190031152647975, "P_AT_K": 0.19470404984423675, "P_AT_K_positive": 0.0, "P_AT_K_negative": 0.0}], "P364": [{"MRR": 0.16728019676295447, "MRR_negative": 0.0, "MRR_positive": 0.0, "P_AT_1": 0.1658878504672897, "P_AT_10": 0.5116822429906542, "P_AT_K": 0.8551401869158879, "P_AT_K_positive": 0.0, "P_AT_K_negative": 0.0}], "P463": [{"MRR": 0.06560772720735726, "MRR_negative": 0.0, "MRR_positive": 0.0, "P_AT_1": 0.008888888888888889, "P_AT_10": 0.14222222222222222, "P_AT_K": 0.6533333333333333, "P_AT_K_positive": 0.0, "P_AT_K_negative": 0.0}], "P101": [{"MRR": 0.046926906616180285, "MRR_negative": 0.0, "MRR_positive": 0.0, "P_AT_1": 0.0028735632183908046, "P_AT_10": 0.1235632183908046, "P_AT_K": 0.4985632183908046, "P_AT_K_positive": 0.0, "P_AT_K_negative": 0.0}], "P106": [{"MRR": 0.0682356480706794, "MRR_negative": 0.0, "MRR_positive": 0.0, "P_AT_1": 0.011482254697286013, "P_AT_10": 0.1638830897703549, "P_AT_K": 0.8131524008350731, "P_AT_K_positive": 0.0, "P_AT_K_negative": 0.0}], "P527": [{"MRR": 0.042953813215985175, "MRR_negative": 0.0, "MRR_positive": 0.0, "P_AT_1": 0.014344262295081968, "P_AT_10": 0.09733606557377049, "P_AT_K": 0.32889344262295084, "P_AT_K_positive": 0.0, "P_AT_K_negative": 0.0}], "P530": [{"MRR": 0.09786297243357109, "MRR_negative": 0.0, "MRR_positive": 0.0, "P_AT_1": 0.024096385542168676, "P_AT_10": 0.2600401606425703, "P_AT_K": 0.8052208835341366, "P_AT_K_positive": 0.0, "P_AT_K_negative": 0.0}], "P176": [{"MRR": 0.10665146848411801, "MRR_negative": 0.0, "MRR_positive": 0.0, "P_AT_1": 0.050359712230215826, "P_AT_10": 0.28365878725590954, "P_AT_K": 0.6310380267214799, "P_AT_K_positive": 0.0, "P_AT_K_negative": 0.0}], "P27": [{"MRR": 0.006896864263859703, "MRR_negative": 0.0, "MRR_positive": 0.0, "P_AT_1": 0.0, "P_AT_10": 0.007246376811594203, "P_AT_K": 0.16252587991718426, "P_AT_K_positive": 0.0, "P_AT_K_negative": 0.0}], "P407": [{"MRR": 0.09239711908665181, "MRR_negative": 0.0, "MRR_positive": 0.0, "P_AT_1": 0.08551881413911061, "P_AT_10": 0.2702394526795895, "P_AT_K": 0.6282782212086659, "P_AT_K_positive": 0.0, "P_AT_K_negative": 0.0}], "P30": [{"MRR": 0.10013557168318776, "MRR_negative": 0.0, "MRR_positive": 0.0, "P_AT_1": 0.04205128205128205, "P_AT_10": 0.27076923076923076, "P_AT_K": 0.7456410256410256, "P_AT_K_positive": 0.0, "P_AT_K_negative": 0.0}], "P178": [{"MRR": 0.24988407071268126, "MRR_negative": 0.0, "MRR_positive": 0.0, "P_AT_1": 0.14382402707275804, "P_AT_10": 0.5465313028764806, "P_AT_K": 0.7732656514382402, "P_AT_K_positive": 0.0, "P_AT_K_negative": 0.0}], "P1376": [{"MRR": 0.1091369259769396, "MRR_negative": 0.0, "MRR_positive": 0.0, "P_AT_1": 0.07296137339055794, "P_AT_10": 0.296137339055794, "P_AT_K": 0.630901287553648, "P_AT_K_positive": 0.0, "P_AT_K_negative": 0.0}], "P131": [{"MRR": 0.09546070746902428, "MRR_negative": 0.0, "MRR_positive": 0.0, "P_AT_1": 0.06356413166855845, "P_AT_10": 0.2576617480136209, "P_AT_K": 0.6390465380249716, "P_AT_K_positive": 0.0, "P_AT_K_negative": 0.0}], "P1412": [{"MRR": 0.10294616767236844, "MRR_negative": 0.0, "MRR_positive": 0.0, "P_AT_1": 0.0392156862745098, "P_AT_10": 0.26831785345717235, "P_AT_K": 0.6553147574819401, "P_AT_K_positive": 0.0, "P_AT_K_negative": 0.0}], "P108": [{"MRR": 0.04899289815564418, "MRR_negative": 0.0, "MRR_positive": 0.0, "P_AT_1": 0.028720626631853787, "P_AT_10": 0.1174934725848564, "P_AT_K": 0.5300261096605744, "P_AT_K_positive": 0.0, "P_AT_K_negative": 0.0}], "P136": [{"MRR": 0.11569103031480868, "MRR_negative": 0.0, "MRR_positive": 0.0, "P_AT_1": 0.021482277121374866, "P_AT_10": 0.32116004296455425, "P_AT_K": 0.6058002148227712, "P_AT_K_positive": 0.0, "P_AT_K_negative": 0.0}], "P17": [{"MRR": 0.1383415991525734, "MRR_negative": 0.0, "MRR_positive": 0.0, "P_AT_1": 0.14086021505376345, "P_AT_10": 0.4258064516129032, "P_AT_K": 0.7817204301075269, "P_AT_K_positive": 0.0, "P_AT_K_negative": 0.0}], "P39": [{"MRR": 0.06333750496815539, "MRR_negative": 0.0, "MRR_positive": 0.0, "P_AT_1": 0.020179372197309416, "P_AT_10": 0.15022421524663676, "P_AT_K": 0.6322869955156951, "P_AT_K_positive": 0.0, "P_AT_K_negative": 0.0}], "P264": [{"MRR": 0.0384182664983219, "MRR_negative": 0.0, "MRR_positive": 0.0, "P_AT_1": 0.04895104895104895, "P_AT_10": 0.1258741258741259, "P_AT_K": 0.29603729603729606, "P_AT_K_positive": 0.0, "P_AT_K_negative": 0.0}], "P276": [{"MRR": 0.09052399865883001, "MRR_negative": 0.0, "MRR_positive": 0.0, "P_AT_1": 0.06263048016701461, "P_AT_10": 0.24112734864300625, "P_AT_K": 0.5720250521920668, "P_AT_K_positive": 0.0, "P_AT_K_negative": 0.0}], "P937": [{"MRR": 0.05998059499077166, "MRR_negative": 0.0, "MRR_positive": 0.0, "P_AT_1": 0.020964360587002098, "P_AT_10": 0.16771488469601678, "P_AT_K": 0.4748427672955975, "P_AT_K_positive": 0.0, "P_AT_K_negative": 0.0}], "P140": [{"MRR": 0.01629749070430134, "MRR_negative": 0.0, "MRR_positive": 0.0, "P_AT_1": 0.0, "P_AT_10": 0.02536997885835095, "P_AT_K": 0.36152219873150104, "P_AT_K_positive": 0.0, "P_AT_K_negative": 0.0}], "P1303": [{"MRR": 0.040751607843788513, "MRR_negative": 0.0, "MRR_positive": 0.0, "P_AT_1": 0.006322444678609062, "P_AT_10": 0.0958904109589041, "P_AT_K": 0.44362486828240255, "P_AT_K_positive": 0.0, "P_AT_K_negative": 0.0}], "P127": [{"MRR": 0.08946308750086378, "MRR_negative": 0.0, "MRR_positive": 0.0, "P_AT_1": 0.05240174672489083, "P_AT_10": 0.22561863173216884,