{"Google_RE": {"means": ["Mean P@1,10,k: 0.009295344912386077, 0.10087640563910993, 0.43415812822437533"], "place_of_birth": [{"MRR": 0.05205869203382355, "MRR_negative": 0.0, "MRR_positive": 0.05205869203382355, "P_AT_1": 0.011576438542730678, "P_AT_10": 0.13687436159346272, "P_AT_K": 0.48280558392917944, "P_AT_K_positive": 0.48280558392917944, "P_AT_K_negative": 0.0}], "date_of_birth": [{"MRR": 0.06309550513384762, "MRR_negative": 0.0, "MRR_positive": 0.06309550513384762, "P_AT_1": 0.0136986301369863, "P_AT_10": 0.14356164383561643, "P_AT_K": 0.7073972602739727, "P_AT_K_positive": 0.7073972602739727, "P_AT_K_negative": 0.0}], "place_of_death": [{"MRR": 0.01216411583629561, "MRR_negative": 0.0, "MRR_positive": 0.01216411583629561, "P_AT_1": 0.0026109660574412533, "P_AT_10": 0.022193211488250653, "P_AT_K": 0.1122715404699739, "P_AT_K_positive": 0.1122715404699739, "P_AT_K_negative": 0.0}]}, "TREx": {"means": ["Mean P@1,10,k: 0.0334617293259788, 0.16422926968264265, 0.4880595253344237"], "P19": [{"MRR": 0.0698825766630962, "MRR_negative": 0.0, "MRR_positive": 0.0, "P_AT_1": 0.01059322033898305, "P_AT_10": 0.17902542372881355, "P_AT_K": 0.5307203389830508, "P_AT_K_positive": 0.0, "P_AT_K_negative": 0.0}], "P20": [{"MRR": 0.02713782532209475, "MRR_negative": 0.0, "MRR_positive": 0.0, "P_AT_1": 0.008394543546694649, "P_AT_10": 0.06820566631689402, "P_AT_K": 0.2098635886673662, "P_AT_K_positive": 0.0, "P_AT_K_negative": 0.0}], "P279": [{"MRR": 0.07421780300988969, "MRR_negative": 0.0, "MRR_positive": 0.0, "P_AT_1": 0.038381742738589214, "P_AT_10": 0.22199170124481327, "P_AT_K": 0.4087136929460581, "P_AT_K_positive": 0.0, "P_AT_K_negative": 0.0}], "P37": [{"MRR": 0.03039259255337655, "MRR_negative": 0.0, "MRR_positive": 0.0, "P_AT_1": 0.003105590062111801, "P_AT_10": 0.06935817805383022, "P_AT_K": 0.42857142857142855, "P_AT_K_positive": 0.0, "P_AT_K_negative": 0.0}], "P413": [{"MRR": 0.04370082047397265, "MRR_negative": 0.0, "MRR_positive": 0.0, "P_AT_1": 0.0021008403361344537, "P_AT_10": 0.09978991596638656, "P_AT_K": 0.6680672268907563, "P_AT_K_positive": 0.0, "P_AT_K_negative": 0.0}], "P449": [{"MRR": 0.15715640294606018, "MRR_negative": 0.0, "MRR_positive": 0.0, "P_AT_1": 0.31136363636363634, "P_AT_10": 0.6556818181818181, "P_AT_K": 0.8193181818181818, "P_AT_K_positive": 0.0, "P_AT_K_negative": 0.0}], "P47": [{"MRR": 0.052703839841533394, "MRR_negative": 0.0, "MRR_positive": 0.0, "P_AT_1": 0.030434782608695653, "P_AT_10": 0.15869565217391304, "P_AT_K": 0.44782608695652176, "P_AT_K_positive": 0.0, "P_AT_K_negative": 0.0}], "P138": [{"MRR": 0.003496130428356243, "MRR_negative": 0.0, "MRR_positive": 0.0, "P_AT_1": 0.0, "P_AT_10": 0.003115264797507788, "P_AT_K": 0.0794392523364486, "P_AT_K_positive": 0.0, "P_AT_K_negative": 0.0}], "P364": [{"MRR": 0.07292230226248436, "MRR_negative": 0.0, "MRR_positive": 0.0, "P_AT_1": 0.01985981308411215, "P_AT_10": 0.20677570093457945, "P_AT_K": 0.5876168224299065, "P_AT_K_positive": 0.0, "P_AT_K_negative": 0.0}], "P463": [{"MRR": 0.2911705004355885, "MRR_negative": 0.0, "MRR_positive": 0.0, "P_AT_1": 0.19111111111111112, "P_AT_10": 0.6933333333333334, "P_AT_K": 0.7644444444444445, "P_AT_K_positive": 0.0, "P_AT_K_negative": 0.0}], "P101": [{"MRR": 0.0636337197745721, "MRR_negative": 0.0, "MRR_positive": 0.0, "P_AT_1": 0.0028735632183908046, "P_AT_10": 0.20977011494252873, "P_AT_K": 0.5962643678160919, "P_AT_K_positive": 0.0, "P_AT_K_negative": 0.0}], "P106": [{"MRR": 0.053010783503388885, "MRR_negative": 0.0, "MRR_positive": 0.0, "P_AT_1": 0.003131524008350731, "P_AT_10": 0.09394572025052192, "P_AT_K": 0.7108559498956158, "P_AT_K_positive": 0.0, "P_AT_K_negative": 0.0}], "P527": [{"MRR": 0.045161178326629976, "MRR_negative": 0.0, "MRR_positive": 0.0, "P_AT_1": 0.01331967213114754, "P_AT_10": 0.11987704918032786, "P_AT_K": 0.3862704918032787, "P_AT_K_positive": 0.0, "P_AT_K_negative": 0.0}], "P530": [{"MRR": 0.05793587816276701, "MRR_negative": 0.0, "MRR_positive": 0.0, "P_AT_1": 0.006024096385542169, "P_AT_10": 0.1214859437751004, "P_AT_K": 0.786144578313253, "P_AT_K_positive": 0.0, "P_AT_K_negative": 0.0}], "P176": [{"MRR": 0.057990916085791155, "MRR_negative": 0.0, "MRR_positive": 0.0, "P_AT_1": 0.015416238437821172, "P_AT_10": 0.14799588900308325, "P_AT_K": 0.4614594039054471, "P_AT_K_positive": 0.0, "P_AT_K_negative": 0.0}], "P27": [{"MRR": 0.004061598473222523, "MRR_negative": 0.0, "MRR_positive": 0.0, "P_AT_1": 0.0, "P_AT_10": 0.0, "P_AT_K": 0.09937888198757763, "P_AT_K_positive": 0.0, "P_AT_K_negative": 0.0}], "P407": [{"MRR": 0.1668131630709747, "MRR_negative": 0.0, "MRR_positive": 0.0, "P_AT_1": 0.09007981755986318, "P_AT_10": 0.4549600912200684, "P_AT_K": 0.7594070695553021, "P_AT_K_positive": 0.0, "P_AT_K_negative": 0.0}], "P30": [{"MRR": 0.02490330164522237, "MRR_negative": 0.0, "MRR_positive": 0.0, "P_AT_1": 0.0, "P_AT_10": 0.041025641025641026, "P_AT_K": 0.4687179487179487, "P_AT_K_positive": 0.0, "P_AT_K_negative": 0.0}], "P178": [{"MRR": 0.1701484815353226, "MRR_negative": 0.0, "MRR_positive": 0.0, "P_AT_1": 0.16074450084602368, "P_AT_10": 0.4263959390862944, "P_AT_K": 0.7648054145516074, "P_AT_K_positive": 0.0, "P_AT_K_negative": 0.0}], "P1376": [{"MRR": 0.06348031642370094, "MRR_negative": 0.0, "MRR_positive": 0.0, "P_AT_1": 0.04291845493562232, "P_AT_10": 0.20600858369098712, "P_AT_K": 0.5450643776824035, "P_AT_K_positive": 0.0, "P_AT_K_negative": 0.0}], "P131": [{"MRR": 0.06084207405316052, "MRR_negative": 0.0, "MRR_positive": 0.0, "P_AT_1": 0.01362088535754824, "P_AT_10": 0.14755959137343927, "P_AT_K": 0.5527809307604994, "P_AT_K_positive": 0.0, "P_AT_K_negative": 0.0}], "P1412": [{"MRR": 0.030161804893143473, "MRR_negative": 0.0, "MRR_positive": 0.0, "P_AT_1": 0.0030959752321981426, "P_AT_10": 0.07430340557275542, "P_AT_K": 0.541795665634675, "P_AT_K_positive": 0.0, "P_AT_K_negative": 0.0}], "P108": [{"MRR": 0.020628477145868337, "MRR_negative": 0.0, "MRR_positive": 0.0, "P_AT_1": 0.005221932114882507, "P_AT_10": 0.04960835509138381, "P_AT_K": 0.1801566579634465, "P_AT_K_positive": 0.0, "P_AT_K_negative": 0.0}], "P136": [{"MRR": 0.01805645266880053, "MRR_negative": 0.0, "MRR_positive": 0.0, "P_AT_1": 0.0, "P_AT_10": 0.01611170784103115, "P_AT_K": 0.5016111707841031, "P_AT_K_positive": 0.0, "P_AT_K_negative": 0.0}], "P17": [{"MRR": 0.061507027767148253, "MRR_negative": 0.0, "MRR_positive": 0.0, "P_AT_1": 0.015053763440860216, "P_AT_10": 0.17956989247311828, "P_AT_K": 0.6075268817204301, "P_AT_K_positive": 0.0, "P_AT_K_negative": 0.0}], "P39": [{"MRR": 0.0653903476382934, "MRR_negative": 0.0, "MRR_positive": 0.0, "P_AT_1": 0.010089686098654708, "P_AT_10": 0.14013452914798205, "P_AT_K": 0.8251121076233184, "P_AT_K_positive": 0.0, "P_AT_K_negative": 0.0}], "P264": [{"MRR": 0.07500022067315276, "MRR_negative": 0.0, "MRR_positive": 0.0, "P_AT_1": 0.05827505827505827, "P_AT_10": 0.19347319347319347, "P_AT_K": 0.3123543123543124, "P_AT_K_positive": 0.0, "P_AT_K_negative": 0.0}], "P276": [{"MRR": 0.047884808188664106, "MRR_negative": 0.0, "MRR_positive": 0.0, "P_AT_1": 0.015657620041753653, "P_AT_10": 0.12212943632567849, "P_AT_K": 0.49164926931106473, "P_AT_K_positive": 0.0, "P_AT_K_negative": 0.0}], "P937": [{"MRR": 0.042624394887267526, "MRR_negative": 0.0, "MRR_positive": 0.0, "P_AT_1": 0.011530398322851153, "P_AT_10": 0.09643605870020965, "P_AT_K": 0.3480083857442348, "P_AT_K_positive": 0.0, "P_AT_K_negative": 0.0}], "P140": [{"MRR": 0.007956212297695104, "MRR_negative": 0.0, "MRR_positive": 0.0, "P_AT_1": 0.004228329809725159, "P_AT_10": 0.010570824524312896, "P_AT_K": 0.12896405919661733, "P_AT_K_positive": 0.0, "P_AT_K_negative": 0.0}], "P1303": [{"MRR": 0.08604039613556572, "MRR_negative": 0.0, "MRR_positive": 0.0, "P_AT_1": 0.022128556375131718, "P_AT_10": 0.21285563751317177, "P_AT_K": 0.6016859852476291, "P_AT_K_positive": 0.0, "P_AT_K_negative": 0.0}], "P127": [{"MRR": 0.04474027630079349, "MRR_negative": 0.0, "MRR_positive": 0.0, "P_AT_1": 0.027656477438136828, "P_AT_10": 0.11644832605531295,