{"Google_RE": {"means": ["Mean P@1,10,k: 0.009066935322130027, 0.09030031681075686, 0.46124076717570156"], "place_of_birth": [{"MRR": 0.03886066669061003, "MRR_negative": 0.0, "MRR_positive": 0.03886066669061003, "P_AT_1": 0.010214504596527068, "P_AT_10": 0.09703779366700716, "P_AT_K": 0.42594484167517876, "P_AT_K_positive": 0.42594484167517876, "P_AT_K_negative": 0.0}], "date_of_birth": [{"MRR": 0.05129881230182418, "MRR_negative": 0.0, "MRR_positive": 0.05129881230182418, "P_AT_1": 0.016986301369863014, "P_AT_10": 0.12164383561643835, "P_AT_K": 0.684931506849315, "P_AT_K_positive": 0.684931506849315, "P_AT_K_negative": 0.0}], "place_of_death": [{"MRR": 0.018266527143816543, "MRR_negative": 0.0, "MRR_positive": 0.018266527143816543, "P_AT_1": 0.0, "P_AT_10": 0.05221932114882506, "P_AT_K": 0.27284595300261094, "P_AT_K_positive": 0.27284595300261094, "P_AT_K_negative": 0.0}]}, "TREx": {"means": ["Mean P@1,10,k: 0.03634015888259292, 0.1653950476258532, 0.46806393597557533"], "P19": [{"MRR": 0.038540514935696456, "MRR_negative": 0.0, "MRR_positive": 0.0, "P_AT_1": 0.009533898305084746, "P_AT_10": 0.1038135593220339, "P_AT_K": 0.4332627118644068, "P_AT_K_positive": 0.0, "P_AT_K_negative": 0.0}], "P20": [{"MRR": 0.02875095548898567, "MRR_negative": 0.0, "MRR_positive": 0.0, "P_AT_1": 0.004197271773347324, "P_AT_10": 0.05981112277019937, "P_AT_K": 0.46379853095487933, "P_AT_K_positive": 0.0, "P_AT_K_negative": 0.0}], "P279": [{"MRR": 0.024504457841269815, "MRR_negative": 0.0, "MRR_positive": 0.0, "P_AT_1": 0.0031120331950207467, "P_AT_10": 0.07987551867219916, "P_AT_K": 0.3008298755186722, "P_AT_K_positive": 0.0, "P_AT_K_negative": 0.0}], "P37": [{"MRR": 0.028900004517599963, "MRR_negative": 0.0, "MRR_positive": 0.0, "P_AT_1": 0.002070393374741201, "P_AT_10": 0.07556935817805382, "P_AT_K": 0.36024844720496896, "P_AT_K_positive": 0.0, "P_AT_K_negative": 0.0}], "P413": [{"MRR": 0.010348646363870008, "MRR_negative": 0.0, "MRR_positive": 0.0, "P_AT_1": 0.0, "P_AT_10": 0.0010504201680672268, "P_AT_K": 0.34978991596638653, "P_AT_K_positive": 0.0, "P_AT_K_negative": 0.0}], "P449": [{"MRR": 0.19490390824551643, "MRR_negative": 0.0, "MRR_positive": 0.0, "P_AT_1": 0.32045454545454544, "P_AT_10": 0.7636363636363637, "P_AT_K": 0.8727272727272727, "P_AT_K_positive": 0.0, "P_AT_K_negative": 0.0}], "P47": [{"MRR": 0.05451502017653545, "MRR_negative": 0.0, "MRR_positive": 0.0, "P_AT_1": 0.017391304347826087, "P_AT_10": 0.1282608695652174, "P_AT_K": 0.4380434782608696, "P_AT_K_positive": 0.0, "P_AT_K_negative": 0.0}], "P138": [{"MRR": 0.003175629486840065, "MRR_negative": 0.0, "MRR_positive": 0.0, "P_AT_1": 0.003115264797507788, "P_AT_10": 0.004672897196261682, "P_AT_K": 0.040498442367601244, "P_AT_K_positive": 0.0, "P_AT_K_negative": 0.0}], "P364": [{"MRR": 0.02754201184967089, "MRR_negative": 0.0, "MRR_positive": 0.0, "P_AT_1": 0.0, "P_AT_10": 0.06775700934579439, "P_AT_K": 0.39953271028037385, "P_AT_K_positive": 0.0, "P_AT_K_negative": 0.0}], "P463": [{"MRR": 0.10065706100912472, "MRR_negative": 0.0, "MRR_positive": 0.0, "P_AT_1": 0.5244444444444445, "P_AT_10": 0.6933333333333334, "P_AT_K": 0.7333333333333333, "P_AT_K_positive": 0.0, "P_AT_K_negative": 0.0}], "P101": [{"MRR": 0.06874849428597343, "MRR_negative": 0.0, "MRR_positive": 0.0, "P_AT_1": 0.028735632183908046, "P_AT_10": 0.21839080459770116, "P_AT_K": 0.6005747126436781, "P_AT_K_positive": 0.0, "P_AT_K_negative": 0.0}], "P106": [{"MRR": 0.04415026371968473, "MRR_negative": 0.0, "MRR_positive": 0.0, "P_AT_1": 0.008350730688935281, "P_AT_10": 0.11482254697286012, "P_AT_K": 0.44780793319415446, "P_AT_K_positive": 0.0, "P_AT_K_negative": 0.0}], "P527": [{"MRR": 0.02135570977863746, "MRR_negative": 0.0, "MRR_positive": 0.0, "P_AT_1": 0.0020491803278688526, "P_AT_10": 0.045081967213114756, "P_AT_K": 0.32786885245901637, "P_AT_K_positive": 0.0, "P_AT_K_negative": 0.0}], "P530": [{"MRR": 0.07452802746094192, "MRR_negative": 0.0, "MRR_positive": 0.0, "P_AT_1": 0.012048192771084338, "P_AT_10": 0.26907630522088355, "P_AT_K": 0.7761044176706827, "P_AT_K_positive": 0.0, "P_AT_K_negative": 0.0}], "P176": [{"MRR": 0.07362951515973856, "MRR_negative": 0.0, "MRR_positive": 0.0, "P_AT_1": 0.020554984583761562, "P_AT_10": 0.21685508735868447, "P_AT_K": 0.513874614594039, "P_AT_K_positive": 0.0, "P_AT_K_negative": 0.0}], "P27": [{"MRR": 0.00028263250122113496, "MRR_negative": 0.0, "MRR_positive": 0.0, "P_AT_1": 0.0, "P_AT_10": 0.0, "P_AT_K": 0.0, "P_AT_K_positive": 0.0, "P_AT_K_negative": 0.0}], "P407": [{"MRR": 0.04246249867759727, "MRR_negative": 0.0, "MRR_positive": 0.0, "P_AT_1": 0.005701254275940707, "P_AT_10": 0.09122006841505131, "P_AT_K": 0.5267958950969214, "P_AT_K_positive": 0.0, "P_AT_K_negative": 0.0}], "P30": [{"MRR": 0.06272427518390573, "MRR_negative": 0.0, "MRR_positive": 0.0, "P_AT_1": 0.014358974358974359, "P_AT_10": 0.1641025641025641, "P_AT_K": 0.7117948717948718, "P_AT_K_positive": 0.0, "P_AT_K_negative": 0.0}], "P178": [{"MRR": 0.15137110042278593, "MRR_negative": 0.0, "MRR_positive": 0.0, "P_AT_1": 0.028764805414551606, "P_AT_10": 0.4179357021996616, "P_AT_K": 0.583756345177665, "P_AT_K_positive": 0.0, "P_AT_K_negative": 0.0}], "P1376": [{"MRR": 0.043602472519247856, "MRR_negative": 0.0, "MRR_positive": 0.0, "P_AT_1": 0.03862660944206009, "P_AT_10": 0.13733905579399142, "P_AT_K": 0.4206008583690987, "P_AT_K_positive": 0.0, "P_AT_K_negative": 0.0}], "P131": [{"MRR": 0.060940735333950995, "MRR_negative": 0.0, "MRR_positive": 0.0, "P_AT_1": 0.01362088535754824, "P_AT_10": 0.1532349602724177, "P_AT_K": 0.5153234960272418, "P_AT_K_positive": 0.0, "P_AT_K_negative": 0.0}], "P1412": [{"MRR": 0.03781616643131367, "MRR_negative": 0.0, "MRR_positive": 0.0, "P_AT_1": 0.0030959752321981426, "P_AT_10": 0.08359133126934984, "P_AT_K": 0.5149638802889577, "P_AT_K_positive": 0.0, "P_AT_K_negative": 0.0}], "P108": [{"MRR": 0.028693410324217877, "MRR_negative": 0.0, "MRR_positive": 0.0, "P_AT_1": 0.0026109660574412533, "P_AT_10": 0.07049608355091384, "P_AT_K": 0.44386422976501305, "P_AT_K_positive": 0.0, "P_AT_K_negative": 0.0}], "P136": [{"MRR": 0.07085181290414048, "MRR_negative": 0.0, "MRR_positive": 0.0, "P_AT_1": 0.00644468313641246, "P_AT_10": 0.24167561761546724, "P_AT_K": 0.6197636949516648, "P_AT_K_positive": 0.0, "P_AT_K_negative": 0.0}], "P17": [{"MRR": 0.07658424324399209, "MRR_negative": 0.0, "MRR_positive": 0.0, "P_AT_1": 0.015053763440860216, "P_AT_10": 0.1924731182795699, "P_AT_K": 0.656989247311828, "P_AT_K_positive": 0.0, "P_AT_K_negative": 0.0}], "P39": [{"MRR": 0.16900876860040526, "MRR_negative": 0.0, "MRR_positive": 0.0, "P_AT_1": 0.08408071748878924, "P_AT_10": 0.39798206278026904, "P_AT_K": 0.8094170403587444, "P_AT_K_positive": 0.0, "P_AT_K_negative": 0.0}], "P264": [{"MRR": 0.06034844153732332, "MRR_negative": 0.0, "MRR_positive": 0.0, "P_AT_1": 0.0979020979020979, "P_AT_10": 0.20046620046620048, "P_AT_K": 0.21445221445221446, "P_AT_K_positive": 0.0, "P_AT_K_negative": 0.0}], "P276": [{"MRR": 0.038425537542640206, "MRR_negative": 0.0, "MRR_positive": 0.0, "P_AT_1": 0.003131524008350731, "P_AT_10": 0.08663883089770355, "P_AT_K": 0.4394572025052192, "P_AT_K_positive": 0.0, "P_AT_K_negative": 0.0}], "P937": [{"MRR": 0.08078940272141275, "MRR_negative": 0.0, "MRR_positive": 0.0, "P_AT_1": 0.018867924528301886, "P_AT_10": 0.20335429769392033, "P_AT_K": 0.5356394129979035, "P_AT_K_positive": 0.0, "P_AT_K_negative": 0.0}], "P140": [{"MRR": 0.03751289671734704, "MRR_negative": 0.0, "MRR_positive": 0.0, "P_AT_1": 0.0, "P_AT_10": 0.06976744186046512, "P_AT_K": 0.6152219873150105, "P_AT_K_positive": 0.0, "P_AT_K_negative": 0.0}], "P1303": [{"MRR": 0.09817411702399498, "MRR_negative": 0.0, "MRR_positive": 0.0, "P_AT_1": 0.01685985247629083, "P_AT_10": 0.2697576396206533, "P_AT_K": 0.5489989462592202, "P_AT_K_positive": 0.0, "P_AT_K_negative": 0.0}], "P127": [{"MRR": 0.05171471842914314, "MRR_negative": 0.0, "MRR_positive": 0.0, "P_AT_1": 0.011644832605531296, "P_AT_10": 0.13537117903930132,