{
    "Google_RE": {
        "means": [
            "Mean P@1,10,k: 0.014697201869710892, 0.11291444361622162, 0.46433478632997915"
        ],
        "place_of_birth": [
            {
                "MRR": 0.050652850685416806,
                "MRR_negative": 0.0,
                "MRR_positive": 0.050652850685416806,
                "P_AT_1": 0.018386108273748723,
                "P_AT_10": 0.14130064691862446,
                "P_AT_K": 0.42832822608103505,
                "P_AT_K_positive": 0.42832822608103505,
                "P_AT_K_negative": 0.0
            }
        ],
        "date_of_birth": [
            {
                "MRR": 0.04612064961721647,
                "MRR_negative": 0.0,
                "MRR_positive": 0.04612064961721647,
                "P_AT_1": 0.019178082191780823,
                "P_AT_10": 0.1178082191780822,
                "P_AT_K": 0.6761643835616439,
                "P_AT_K_positive": 0.6761643835616439,
                "P_AT_K_negative": 0.0
            }
        ],
        "place_of_death": [
            {
                "MRR": 0.028877798279085418,
                "MRR_negative": 0.0,
                "MRR_positive": 0.028877798279085418,
                "P_AT_1": 0.006527415143603133,
                "P_AT_10": 0.07963446475195822,
                "P_AT_K": 0.2885117493472585,
                "P_AT_K_positive": 0.2885117493472585,
                "P_AT_K_negative": 0.0
            }
        ]
    },
    "TREx": {
        "means": [
            "Mean P@1,10,k: 0.03574698653351995, 0.1629902546709338, 0.4609483753082423"
        ],
        "P19": [
            {
                "MRR": 0.0606482488892514,
                "MRR_negative": 0.0,
                "MRR_positive": 0.0,
                "P_AT_1": 0.01694915254237288,
                "P_AT_10": 0.1451271186440678,
                "P_AT_K": 0.4480932203389831,
                "P_AT_K_positive": 0.0,
                "P_AT_K_negative": 0.0
            }
        ],
        "P20": [
            {
                "MRR": 0.06861819136059062,
                "MRR_negative": 0.0,
                "MRR_positive": 0.0,
                "P_AT_1": 0.014690451206715634,
                "P_AT_10": 0.1689401888772298,
                "P_AT_K": 0.45540398740818466,
                "P_AT_K_positive": 0.0,
                "P_AT_K_negative": 0.0
            }
        ],
        "P279": [
            {
                "MRR": 0.026795271671661743,
                "MRR_negative": 0.0,
                "MRR_positive": 0.0,
                "P_AT_1": 0.005186721991701245,
                "P_AT_10": 0.08506224066390042,
                "P_AT_K": 0.3091286307053942,
                "P_AT_K_positive": 0.0,
                "P_AT_K_negative": 0.0
            }
        ],
        "P37": [
            {
                "MRR": 0.0277519307839786,
                "MRR_negative": 0.0,
                "MRR_positive": 0.0,
                "P_AT_1": 0.002070393374741201,
                "P_AT_10": 0.07349896480331262,
                "P_AT_K": 0.3385093167701863,
                "P_AT_K_positive": 0.0,
                "P_AT_K_negative": 0.0
            }
        ],
        "P413": [
            {
                "MRR": 0.011348766897586631,
                "MRR_negative": 0.0,
                "MRR_positive": 0.0,
                "P_AT_1": 0.0,
                "P_AT_10": 0.0031512605042016808,
                "P_AT_K": 0.3644957983193277,
                "P_AT_K_positive": 0.0,
                "P_AT_K_negative": 0.0
            }
        ],
        "P449": [
            {
                "MRR": 0.19278027463857167,
                "MRR_negative": 0.0,
                "MRR_positive": 0.0,
                "P_AT_1": 0.32386363636363635,
                "P_AT_10": 0.7329545454545454,
                "P_AT_K": 0.8727272727272727,
                "P_AT_K_positive": 0.0,
                "P_AT_K_negative": 0.0
            }
        ],
        "P47": [
            {
                "MRR": 0.04159929567892015,
                "MRR_negative": 0.0,
                "MRR_positive": 0.0,
                "P_AT_1": 0.01847826086956522,
                "P_AT_10": 0.10434782608695652,
                "P_AT_K": 0.4315217391304348,
                "P_AT_K_positive": 0.0,
                "P_AT_K_negative": 0.0
            }
        ],
        "P138": [
            {
                "MRR": 0.0017921304333164297,
                "MRR_negative": 0.0,
                "MRR_positive": 0.0,
                "P_AT_1": 0.004672897196261682,
                "P_AT_10": 0.006230529595015576,
                "P_AT_K": 0.04361370716510903,
                "P_AT_K_positive": 0.0,
                "P_AT_K_negative": 0.0
            }
        ],
        "P364": [
            {
                "MRR": 0.03088265482903539,
                "MRR_negative": 0.0,
                "MRR_positive": 0.0,
                "P_AT_1": 0.002336448598130841,
                "P_AT_10": 0.08060747663551401,
                "P_AT_K": 0.4053738317757009,
                "P_AT_K_positive": 0.0,
                "P_AT_K_negative": 0.0
            }
        ],
        "P463": [
            {
                "MRR": 0.04866955963312697,
                "MRR_negative": 0.0,
                "MRR_positive": 0.0,
                "P_AT_1": 0.5466666666666666,
                "P_AT_10": 0.6666666666666666,
                "P_AT_K": 0.7377777777777778,
                "P_AT_K_positive": 0.0,
                "P_AT_K_negative": 0.0
            }
        ],
        "P101": [
            {
                "MRR": 0.0899682242683638,
                "MRR_negative": 0.0,
                "MRR_positive": 0.0,
                "P_AT_1": 0.031609195402298854,
                "P_AT_10": 0.2413793103448276,
                "P_AT_K": 0.5646551724137931,
                "P_AT_K_positive": 0.0,
                "P_AT_K_negative": 0.0
            }
        ],
        "P106": [
            {
                "MRR": 0.07774468187604884,
                "MRR_negative": 0.0,
                "MRR_positive": 0.0,
                "P_AT_1": 0.019832985386221295,
                "P_AT_10": 0.18789144050104384,
                "P_AT_K": 0.4311064718162839,
                "P_AT_K_positive": 0.0,
                "P_AT_K_negative": 0.0
            }
        ],
        "P527": [
            {
                "MRR": 0.026433382618881115,
                "MRR_negative": 0.0,
                "MRR_positive": 0.0,
                "P_AT_1": 0.009221311475409836,
                "P_AT_10": 0.0625,
                "P_AT_K": 0.36270491803278687,
                "P_AT_K_positive": 0.0,
                "P_AT_K_negative": 0.0
            }
        ],
        "P530": [
            {
                "MRR": 0.0639885883531755,
                "MRR_negative": 0.0,
                "MRR_positive": 0.0,
                "P_AT_1": 0.006024096385542169,
                "P_AT_10": 0.20180722891566266,
                "P_AT_K": 0.7751004016064257,
                "P_AT_K_positive": 0.0,
                "P_AT_K_negative": 0.0
            }
        ],
        "P176": [
            {
                "MRR": 0.05229781562824089,
                "MRR_negative": 0.0,
                "MRR_positive": 0.0,
                "P_AT_1": 0.007194244604316547,
                "P_AT_10": 0.16032887975334018,
                "P_AT_K": 0.4501541623843782,
                "P_AT_K_positive": 0.0,
                "P_AT_K_negative": 0.0
            }
        ],
        "P27": [
            {
                "MRR": 0.0003359331334219554,
                "MRR_negative": 0.0,
                "MRR_positive": 0.0,
                "P_AT_1": 0.0,
                "P_AT_10": 0.0,
                "P_AT_K": 0.0010351966873706005,
                "P_AT_K_positive": 0.0,
                "P_AT_K_negative": 0.0
            }
        ],
        "P407": [
            {
                "MRR": 0.0392868219723899,
                "MRR_negative": 0.0,