{
    "Google_RE": {
        "means": [
            "Mean P@1,10,k: 0.010694912803578342, 0.10817773073189611, 0.4530376001024475"
        ],
        "place_of_birth": [
            {
                "MRR": 0.06168562675975063,
                "MRR_negative": 0.0,
                "MRR_positive": 0.06168562675975063,
                "P_AT_1": 0.018386108273748723,
                "P_AT_10": 0.14232209737827714,
                "P_AT_K": 0.42356145726932243,
                "P_AT_K_positive": 0.42356145726932243,
                "P_AT_K_negative": 0.0
            }
        ],
        "date_of_birth": [
            {
                "MRR": 0.053631130083430054,
                "MRR_negative": 0.0,
                "MRR_positive": 0.053631130083430054,
                "P_AT_1": 0.0136986301369863,
                "P_AT_10": 0.1326027397260274,
                "P_AT_K": 0.6953424657534246,
                "P_AT_K_positive": 0.6953424657534246,
                "P_AT_K_negative": 0.0
            }
        ],
        "place_of_death": [
            {
                "MRR": 0.0181243706095235,
                "MRR_negative": 0.0,
                "MRR_positive": 0.0181243706095235,
                "P_AT_1": 0.0,
                "P_AT_10": 0.04960835509138381,
                "P_AT_K": 0.2402088772845953,
                "P_AT_K_positive": 0.2402088772845953,
                "P_AT_K_negative": 0.0
            }
        ]
    },
    "TREx": {
        "means": [
            "Mean P@1,10,k: 0.03079579827914135, 0.13938373630630319, 0.4054368819557947"
        ],
        "P19": [
            {
                "MRR": 0.07000530950966945,
                "MRR_negative": 0.0,
                "MRR_positive": 0.0,
                "P_AT_1": 0.022245762711864406,
                "P_AT_10": 0.15677966101694915,
                "P_AT_K": 0.4459745762711864,
                "P_AT_K_positive": 0.0,
                "P_AT_K_negative": 0.0
            }
        ],
        "P20": [
            {
                "MRR": 0.04080064997165296,
                "MRR_negative": 0.0,
                "MRR_positive": 0.0,
                "P_AT_1": 0.001049317943336831,
                "P_AT_10": 0.11017838405036726,
                "P_AT_K": 0.38405036726128017,
                "P_AT_K_positive": 0.0,
                "P_AT_K_negative": 0.0
            }
        ],
        "P279": [
            {
                "MRR": 0.033322872524565235,
                "MRR_negative": 0.0,
                "MRR_positive": 0.0,
                "P_AT_1": 0.002074688796680498,
                "P_AT_10": 0.12033195020746888,
                "P_AT_K": 0.27074688796680496,
                "P_AT_K_positive": 0.0,
                "P_AT_K_negative": 0.0
            }
        ],
        "P37": [
            {
                "MRR": 0.027652325767836987,
                "MRR_negative": 0.0,
                "MRR_positive": 0.0,
                "P_AT_1": 0.0,
                "P_AT_10": 0.08385093167701864,
                "P_AT_K": 0.22567287784679088,
                "P_AT_K_positive": 0.0,
                "P_AT_K_negative": 0.0
            }
        ],
        "P413": [
            {
                "MRR": 0.008615852713470382,
                "MRR_negative": 0.0,
                "MRR_positive": 0.0,
                "P_AT_1": 0.0,
                "P_AT_10": 0.0,
                "P_AT_K": 0.2867647058823529,
                "P_AT_K_positive": 0.0,
                "P_AT_K_negative": 0.0
            }
        ],
        "P449": [
            {
                "MRR": 0.21562021524610725,
                "MRR_negative": 0.0,
                "MRR_positive": 0.0,
                "P_AT_1": 0.325,
                "P_AT_10": 0.6568181818181819,
                "P_AT_K": 0.8613636363636363,
                "P_AT_K_positive": 0.0,
                "P_AT_K_negative": 0.0
            }
        ],
        "P47": [
            {
                "MRR": 0.03408370810891934,
                "MRR_negative": 0.0,
                "MRR_positive": 0.0,
                "P_AT_1": 0.005434782608695652,
                "P_AT_10": 0.07391304347826087,
                "P_AT_K": 0.3467391304347826,
                "P_AT_K_positive": 0.0,
                "P_AT_K_negative": 0.0
            }
        ],
        "P138": [
            {
                "MRR": 0.0019062821915680568,
                "MRR_negative": 0.0,
                "MRR_positive": 0.0,
                "P_AT_1": 0.004672897196261682,
                "P_AT_10": 0.00778816199376947,
                "P_AT_K": 0.04672897196261682,
                "P_AT_K_positive": 0.0,
                "P_AT_K_negative": 0.0
            }
        ],
        "P364": [
            {
                "MRR": 0.030578478717294504,
                "MRR_negative": 0.0,
                "MRR_positive": 0.0,
                "P_AT_1": 0.004672897196261682,
                "P_AT_10": 0.07710280373831775,
                "P_AT_K": 0.34579439252336447,
                "P_AT_K_positive": 0.0,
                "P_AT_K_negative": 0.0
            }
        ],
        "P463": [
            {
                "MRR": 0.08516036218694431,
                "MRR_negative": 0.0,
                "MRR_positive": 0.0,
                "P_AT_1": 0.47555555555555556,
                "P_AT_10": 0.6,
                "P_AT_K": 0.7333333333333333,
                "P_AT_K_positive": 0.0,
                "P_AT_K_negative": 0.0
            }
        ],
        "P101": [
            {
                "MRR": 0.04700931137454722,
                "MRR_negative": 0.0,
                "MRR_positive": 0.0,
                "P_AT_1": 0.035919540229885055,
                "P_AT_10": 0.11350574712643678,
                "P_AT_K": 0.5474137931034483,
                "P_AT_K_positive": 0.0,
                "P_AT_K_negative": 0.0
            }
        ],
        "P106": [
            {
                "MRR": 0.030567644089774287,
                "MRR_negative": 0.0,
                "MRR_positive": 0.0,
                "P_AT_1": 0.0020876826722338203,
                "P_AT_10": 0.05741127348643006,
                "P_AT_K": 0.5083507306889353,
                "P_AT_K_positive": 0.0,
                "P_AT_K_negative": 0.0
            }
        ],
        "P527": [
            {
                "MRR": 0.01702710946225042,
                "MRR_negative": 0.0,
                "MRR_positive": 0.0,
                "P_AT_1": 0.006147540983606557,
                "P_AT_10": 0.036885245901639344,
                "P_AT_K": 0.2797131147540984,
                "P_AT_K_positive": 0.0,
                "P_AT_K_negative": 0.0
            }
        ],
        "P530": [
            {
                "MRR": 0.05235892495533928,
                "MRR_negative": 0.0,
                "MRR_positive": 0.0,
                "P_AT_1": 0.008032128514056224,
                "P_AT_10": 0.1495983935742972,
                "P_AT_K": 0.7299196787148594,
                "P_AT_K_positive": 0.0,
                "P_AT_K_negative": 0.0
            }
        ],
        "P176": [
            {
                "MRR": 0.045325657033413,
                "MRR_negative": 0.0,
                "MRR_positive": 0.0,
                "P_AT_1": 0.0010277492291880781,
                "P_AT_10": 0.09146968139773895,
                "P_AT_K": 0.2816032887975334,
                "P_AT_K_positive": 0.0,
                "P_AT_K_negative": 0.0
            }
        ],
        "P27": [
            {
                "MRR": 0.0005632184178307012,
                "MRR_negative": 0.0,
                "MRR_positive": 0.0,
                "P_AT_1": 0.0,
                "P_AT_10": 0.0,
                "P_AT_K": 0.010351966873706004,
                "P_AT_K_positive": 0.0,
                "P_AT_K_negative": 0.0
            }
        ],
        "P407": [
            {
                "MRR": 0.12767963830863197,
                "MRR_negative": 0.0,
                "MRR_positive": 0.0,