{"Google_RE": {"means": ["Mean P@1,10,k: 0.047973104609551794, 0.2175757480769515, 0.6257878372082758"], "place_of_birth": [{"MRR": 0.11419889512351619, "MRR_negative": 0.0, "MRR_positive": 0.11419889512351619, "P_AT_1": 0.09669731018045624, "P_AT_10": 0.32175689479060265, "P_AT_K": 0.6561116785835887, "P_AT_K_positive": 0.6561116785835887, "P_AT_K_negative": 0.0}], "date_of_birth": [{"MRR": 0.060776995222055645, "MRR_negative": 0.0, "MRR_positive": 0.060776995222055645, "P_AT_1": 0.01589041095890411, "P_AT_10": 0.15342465753424658, "P_AT_K": 0.8021917808219178, "P_AT_K_positive": 0.8021917808219178, "P_AT_K_negative": 0.0}], "place_of_death": [{"MRR": 0.06181748337454136, "MRR_negative": 0.0, "MRR_positive": 0.06181748337454136, "P_AT_1": 0.031331592689295036, "P_AT_10": 0.17754569190600522, "P_AT_K": 0.41906005221932113, "P_AT_K_positive": 0.41906005221932113, "P_AT_K_negative": 0.0}]}, "TREx": {"means": ["Mean P@1,10,k: 0.20035698140257513, 0.47427613284559095, 0.7444608584712554"], "P19": [{"MRR": 0.12662776225928762, "MRR_negative": 0.0, "MRR_positive": 0.0, "P_AT_1": 0.13771186440677965, "P_AT_10": 0.3855932203389831, "P_AT_K": 0.6970338983050848, "P_AT_K_positive": 0.0, "P_AT_K_negative": 0.0}], "P20": [{"MRR": 0.14784355776234048, "MRR_negative": 0.0, "MRR_positive": 0.0, "P_AT_1": 0.09338929695697797, "P_AT_10": 0.41028331584470096, "P_AT_K": 0.6977964323189927, "P_AT_K_positive": 0.0, "P_AT_K_negative": 0.0}], "P279": [{"MRR": 0.2272718988510104, "MRR_negative": 0.0, "MRR_positive": 0.0, "P_AT_1": 0.2520746887966805, "P_AT_10": 0.6213692946058091, "P_AT_K": 0.7344398340248963, "P_AT_K_positive": 0.0, "P_AT_K_negative": 0.0}], "P37": [{"MRR": 0.24464704814912136, "MRR_negative": 0.0, "MRR_positive": 0.0, "P_AT_1": 0.34679089026915116, "P_AT_10": 0.7701863354037267, "P_AT_K": 0.9772256728778468, "P_AT_K_positive": 0.0, "P_AT_K_negative": 0.0}], "P413": [{"MRR": 0.07607680776583735, "MRR_negative": 0.0, "MRR_positive": 0.0, "P_AT_1": 0.01050420168067227, "P_AT_10": 0.20798319327731093, "P_AT_K": 0.7752100840336135, "P_AT_K_positive": 0.0, "P_AT_K_negative": 0.0}], "P449": [{"MRR": 0.33441627750698, "MRR_negative": 0.0, "MRR_positive": 0.0, "P_AT_1": 0.11363636363636363, "P_AT_10": 0.7568181818181818, "P_AT_K": 0.8738636363636364, "P_AT_K_positive": 0.0, "P_AT_K_negative": 0.0}], "P47": [{"MRR": 0.13890754800911115, "MRR_negative": 0.0, "MRR_positive": 0.0, "P_AT_1": 0.05, "P_AT_10": 0.3739130434782609, "P_AT_K": 0.6891304347826087, "P_AT_K_positive": 0.0, "P_AT_K_negative": 0.0}], "P138": [{"MRR": 0.08368313076238534, "MRR_negative": 0.0, "MRR_positive": 0.0, "P_AT_1": 0.003115264797507788, "P_AT_10": 0.2523364485981308, "P_AT_K": 0.514018691588785, "P_AT_K_positive": 0.0, "P_AT_K_negative": 0.0}], "P364": [{"MRR": 0.1713957228925277, "MRR_negative": 0.0, "MRR_positive": 0.0, "P_AT_1": 0.32009345794392524, "P_AT_10": 0.6705607476635514, "P_AT_K": 0.9287383177570093, "P_AT_K_positive": 0.0, "P_AT_K_negative": 0.0}], "P463": [{"MRR": 0.11783643562810076, "MRR_negative": 0.0, "MRR_positive": 0.0, "P_AT_1": 0.6044444444444445, "P_AT_10": 0.76, "P_AT_K": 0.7822222222222223, "P_AT_K_positive": 0.0, "P_AT_K_negative": 0.0}], "P101": [{"MRR": 0.08799804765953947, "MRR_negative": 0.0, "MRR_positive": 0.0, "P_AT_1": 0.06321839080459771, "P_AT_10": 0.25862068965517243, "P_AT_K": 0.6681034482758621, "P_AT_K_positive": 0.0, "P_AT_K_negative": 0.0}], "P106": [{"MRR": 0.047310586769312185, "MRR_negative": 0.0, "MRR_positive": 0.0, "P_AT_1": 0.014613778705636743, "P_AT_10": 0.09916492693110647, "P_AT_K": 0.6189979123173278, "P_AT_K_positive": 0.0, "P_AT_K_negative": 0.0}], "P527": [{"MRR": 0.06536449671361903, "MRR_negative": 0.0, "MRR_positive": 0.0, "P_AT_1": 0.040983606557377046, "P_AT_10": 0.18545081967213115, "P_AT_K": 0.4979508196721312, "P_AT_K_positive": 0.0, "P_AT_K_negative": 0.0}], "P530": [{"MRR": 0.08472805906834302, "MRR_negative": 0.0, "MRR_positive": 0.0, "P_AT_1": 0.01706827309236948, "P_AT_10": 0.2289156626506024, "P_AT_K": 0.8514056224899599, "P_AT_K_positive": 0.0, "P_AT_K_negative": 0.0}], "P176": [{"MRR": 0.07367204395934039, "MRR_negative": 0.0, "MRR_positive": 0.0, "P_AT_1": 0.6546762589928058, "P_AT_10": 0.7862281603288798, "P_AT_K": 0.8746145940390545, "P_AT_K_positive": 0.0, "P_AT_K_negative": 0.0}], "P27": [{"MRR": 0.005215818704728939, "MRR_negative": 0.0, "MRR_positive": 0.0, "P_AT_1": 0.0, "P_AT_10": 0.0010351966873706005, "P_AT_K": 0.16356107660455488, "P_AT_K_positive": 0.0, "P_AT_K_negative": 0.0}], "P407": [{"MRR": 0.31892534663662475, "MRR_negative": 0.0, "MRR_positive": 0.0, "P_AT_1": 0.29076396807297605, "P_AT_10": 0.8289623717217788, "P_AT_K": 0.9737742303306728, "P_AT_K_positive": 0.0, "P_AT_K_negative": 0.0}], "P30": [{"MRR": 0.17846505220201384, "MRR_negative": 0.0, "MRR_positive": 0.0, "P_AT_1": 0.2964102564102564, "P_AT_10": 0.6892307692307692, "P_AT_K": 0.9476923076923077, "P_AT_K_positive": 0.0, "P_AT_K_negative": 0.0}], "P178": [{"MRR": 0.19795998737578444, "MRR_negative": 0.0, "MRR_positive": 0.0, "P_AT_1": 0.4416243654822335, "P_AT_10": 0.7732656514382402, "P_AT_K": 0.9204737732656514, "P_AT_K_positive": 0.0, "P_AT_K_negative": 0.0}], "P1376": [{"MRR": 0.13617097025201186, "MRR_negative": 0.0, "MRR_positive": 0.0, "P_AT_1": 0.5407725321888412, "P_AT_10": 0.759656652360515, "P_AT_K": 0.8626609442060086, "P_AT_K_positive": 0.0, "P_AT_K_negative": 0.0}], "P131": [{"MRR": 0.15066849129411758, "MRR_negative": 0.0, "MRR_positive": 0.0, "P_AT_1": 0.18955732122587968, "P_AT_10": 0.48127128263337116, "P_AT_K": 0.7480136208853575, "P_AT_K_positive": 0.0, "P_AT_K_negative": 0.0}], "P1412": [{"MRR": 0.18384172111241961, "MRR_negative": 0.0, "MRR_positive": 0.0, "P_AT_1": 0.2848297213622291, "P_AT_10": 0.7275541795665634, "P_AT_K": 0.9453044375644994, "P_AT_K_positive": 0.0, "P_AT_K_negative": 0.0}], "P108": [{"MRR": 0.08094555537109181, "MRR_negative": 0.0, "MRR_positive": 0.0, "P_AT_1": 0.007832898172323759, "P_AT_10": 0.22715404699738903, "P_AT_K": 0.6736292428198434, "P_AT_K_positive": 0.0, "P_AT_K_negative": 0.0}], "P136": [{"MRR": 0.04029414129941074, "MRR_negative": 0.0, "MRR_positive": 0.0, "P_AT_1": 0.0021482277121374865, "P_AT_10": 0.10096670247046187, "P_AT_K": 0.6100966702470462, "P_AT_K_positive": 0.0, "P_AT_K_negative": 0.0}], "P17": [{"MRR": 0.19655415986907276, "MRR_negative": 0.0, "MRR_positive": 0.0, "P_AT_1": 0.1978494623655914, "P_AT_10": 0.567741935483871, "P_AT_K": 0.8516129032258064, "P_AT_K_positive": 0.0, "P_AT_K_negative": 0.0}], "P39": [{"MRR": 0.11165822095219423, "MRR_negative": 0.0, "MRR_positive": 0.0, "P_AT_1": 0.05605381165919283, "P_AT_10": 0.3116591928251121, "P_AT_K": 0.8934977578475336, "P_AT_K_positive": 0.0, "P_AT_K_negative": 0.0}], "P264": [{"MRR": 0.08211230417086791, "MRR_negative": 0.0, "MRR_positive": 0.0, "P_AT_1": 0.0979020979020979, "P_AT_10": 0.23776223776223776, "P_AT_K": 0.5897435897435898, "P_AT_K_positive": 0.0, "P_AT_K_negative": 0.0}], "P276": [{"MRR": 0.13339029083343512, "MRR_negative": 0.0, "MRR_positive": 0.0, "P_AT_1": 0.29958246346555323, "P_AT_10": 0.5313152400835073, "P_AT_K": 0.7233820459290188, "P_AT_K_positive": 0.0, "P_AT_K_negative": 0.0}], "P937": [{"MRR": 0.13919231626240008, "MRR_negative": 0.0, "MRR_positive": 0.0, "P_AT_1": 0.1792452830188679, "P_AT_10": 0.47379454926624737, "P_AT_K": 0.7421383647798742, "P_AT_K_positive": 0.0, "P_AT_K_negative": 0.0}], "P140": [{"MRR": 0.22482202788312866, "MRR_negative": 0.0, "MRR_positive": 0.0, "P_AT_1": 0.02536997885835095, "P_AT_10": 0.5708245243128964, "P_AT_K": 0.8816067653276956, "P_AT_K_positive": 0.0, "P_AT_K_negative": 0.0}], "P1303": [{"MRR": 0.15774886266345767, "MRR_negative": 0.0, "MRR_positive": 0.0, "P_AT_1": 0.032665964172813484, "P_AT_10": 0.3835616438356164, "P_AT_K": 0.7281348788198103, "P_AT_K_positive": 0.0, "P_AT_K_negative": 0.0}], "P127": [{"MRR": 0.08272356285078103, "MRR_negative": 0.0, "MRR_positive": 0.0, "P_AT_1": 0.29112081513828236, "P_AT_10": 0.46142649199417757,