{"Google_RE": {"means": ["Mean P@1,10,k: 0.016730358637694058, 0.13381999557055246, 0.488578699368182"], "place_of_birth": [{"MRR": 0.07385348822645396, "MRR_negative": 0.0, "MRR_positive": 0.07385348822645396, "P_AT_1": 0.03847463398025196, "P_AT_10": 0.1937351038474634, "P_AT_K": 0.5035750766087844, "P_AT_K_positive": 0.5035750766087844, "P_AT_K_negative": 0.0}], "date_of_birth": [{"MRR": 0.056601239902982, "MRR_negative": 0.0, "MRR_positive": 0.056601239902982, "P_AT_1": 0.010410958904109589, "P_AT_10": 0.12547945205479452, "P_AT_K": 0.6893150684931507, "P_AT_K_positive": 0.6893150684931507, "P_AT_K_negative": 0.0}], "place_of_death": [{"MRR": 0.032996340014299325, "MRR_negative": 0.0, "MRR_positive": 0.032996340014299325, "P_AT_1": 0.0013054830287206266, "P_AT_10": 0.08224543080939947, "P_AT_K": 0.27284595300261094, "P_AT_K_positive": 0.27284595300261094, "P_AT_K_negative": 0.0}]}, "TREx": {"means": ["Mean P@1,10,k: 0.08448249648238337, 0.2816824987657982, 0.5959624208673088"], "P19": [{"MRR": 0.09476705582826511, "MRR_negative": 0.0, "MRR_positive": 0.0, "P_AT_1": 0.038135593220338986, "P_AT_10": 0.23834745762711865, "P_AT_K": 0.5529661016949152, "P_AT_K_positive": 0.0, "P_AT_K_negative": 0.0}], "P20": [{"MRR": 0.054242122746515284, "MRR_negative": 0.0, "MRR_positive": 0.0, "P_AT_1": 0.0062959076600209865, "P_AT_10": 0.1353620146904512, "P_AT_K": 0.45015739769150054, "P_AT_K_positive": 0.0, "P_AT_K_negative": 0.0}], "P279": [{"MRR": 0.11969740575617452, "MRR_negative": 0.0, "MRR_positive": 0.0, "P_AT_1": 0.17116182572614108, "P_AT_10": 0.3900414937759336, "P_AT_K": 0.529045643153527, "P_AT_K_positive": 0.0, "P_AT_K_negative": 0.0}], "P37": [{"MRR": 0.17835630538000477, "MRR_negative": 0.0, "MRR_positive": 0.0, "P_AT_1": 0.15734989648033126, "P_AT_10": 0.510351966873706, "P_AT_K": 0.943064182194617, "P_AT_K_positive": 0.0, "P_AT_K_negative": 0.0}], "P413": [{"MRR": 0.05116891783626247, "MRR_negative": 0.0, "MRR_positive": 0.0, "P_AT_1": 0.009453781512605041, "P_AT_10": 0.12184873949579832, "P_AT_K": 0.6953781512605042, "P_AT_K_positive": 0.0, "P_AT_K_negative": 0.0}], "P449": [{"MRR": 0.22504575998688645, "MRR_negative": 0.0, "MRR_positive": 0.0, "P_AT_1": 0.31022727272727274, "P_AT_10": 0.7181818181818181, "P_AT_K": 0.875, "P_AT_K_positive": 0.0, "P_AT_K_negative": 0.0}], "P47": [{"MRR": 0.05894494043968114, "MRR_negative": 0.0, "MRR_positive": 0.0, "P_AT_1": 0.02282608695652174, "P_AT_10": 0.1815217391304348, "P_AT_K": 0.5173913043478261, "P_AT_K_positive": 0.0, "P_AT_K_negative": 0.0}], "P138": [{"MRR": 0.017938887725952344, "MRR_negative": 0.0, "MRR_positive": 0.0, "P_AT_1": 0.0, "P_AT_10": 0.03271028037383177, "P_AT_K": 0.13707165109034267, "P_AT_K_positive": 0.0, "P_AT_K_negative": 0.0}], "P364": [{"MRR": 0.1525226856133276, "MRR_negative": 0.0, "MRR_positive": 0.0, "P_AT_1": 0.14018691588785046, "P_AT_10": 0.46261682242990654, "P_AT_K": 0.8434579439252337, "P_AT_K_positive": 0.0, "P_AT_K_negative": 0.0}], "P463": [{"MRR": 0.09837984666394264, "MRR_negative": 0.0, "MRR_positive": 0.0, "P_AT_1": 0.56, "P_AT_10": 0.6933333333333334, "P_AT_K": 0.7377777777777778, "P_AT_K_positive": 0.0, "P_AT_K_negative": 0.0}], "P101": [{"MRR": 0.07031625527001518, "MRR_negative": 0.0, "MRR_positive": 0.0, "P_AT_1": 0.021551724137931036, "P_AT_10": 0.1882183908045977, "P_AT_K": 0.6566091954022989, "P_AT_K_positive": 0.0, "P_AT_K_negative": 0.0}], "P106": [{"MRR": 0.043238107861657715, "MRR_negative": 0.0, "MRR_positive": 0.0, "P_AT_1": 0.0041753653444676405, "P_AT_10": 0.10334029227557412, "P_AT_K": 0.5981210855949896, "P_AT_K_positive": 0.0, "P_AT_K_negative": 0.0}], "P527": [{"MRR": 0.03752188970681535, "MRR_negative": 0.0, "MRR_positive": 0.0, "P_AT_1": 0.00819672131147541, "P_AT_10": 0.11270491803278689, "P_AT_K": 0.38831967213114754, "P_AT_K_positive": 0.0, "P_AT_K_negative": 0.0}], "P530": [{"MRR": 0.058332130572080455, "MRR_negative": 0.0, "MRR_positive": 0.0, "P_AT_1": 0.008032128514056224, "P_AT_10": 0.14056224899598393, "P_AT_K": 0.7660642570281124, "P_AT_K_positive": 0.0, "P_AT_K_negative": 0.0}], "P176": [{"MRR": 0.08545429851397378, "MRR_negative": 0.0, "MRR_positive": 0.0, "P_AT_1": 0.16135662898252826, "P_AT_10": 0.328879753340185, "P_AT_K": 0.5436793422404933, "P_AT_K_positive": 0.0, "P_AT_K_negative": 0.0}], "P27": [{"MRR": 0.006916369381619016, "MRR_negative": 0.0, "MRR_positive": 0.0, "P_AT_1": 0.0, "P_AT_10": 0.0010351966873706005, "P_AT_K": 0.2122153209109731, "P_AT_K_positive": 0.0, "P_AT_K_negative": 0.0}], "P407": [{"MRR": 0.2024970530589241, "MRR_negative": 0.0, "MRR_positive": 0.0, "P_AT_1": 0.40935005701254273, "P_AT_10": 0.758266818700114, "P_AT_K": 0.9635119726339795, "P_AT_K_positive": 0.0, "P_AT_K_negative": 0.0}], "P30": [{"MRR": 0.037788940366121654, "MRR_negative": 0.0, "MRR_positive": 0.0, "P_AT_1": 0.009230769230769232, "P_AT_10": 0.09948717948717949, "P_AT_K": 0.5128205128205128, "P_AT_K_positive": 0.0, "P_AT_K_negative": 0.0}], "P178": [{"MRR": 0.12344781000009486, "MRR_negative": 0.0, "MRR_positive": 0.0, "P_AT_1": 0.06937394247038917, "P_AT_10": 0.34686971235194586, "P_AT_K": 0.622673434856176, "P_AT_K_positive": 0.0, "P_AT_K_negative": 0.0}], "P1376": [{"MRR": 0.13729191174533542, "MRR_negative": 0.0, "MRR_positive": 0.0, "P_AT_1": 0.18025751072961374, "P_AT_10": 0.44635193133047213, "P_AT_K": 0.6394849785407726, "P_AT_K_positive": 0.0, "P_AT_K_negative": 0.0}], "P131": [{"MRR": 0.0748811791368643, "MRR_negative": 0.0, "MRR_positive": 0.0, "P_AT_1": 0.03518728717366629, "P_AT_10": 0.21452894438138478, "P_AT_K": 0.5675368898978433, "P_AT_K_positive": 0.0, "P_AT_K_negative": 0.0}], "P1412": [{"MRR": 0.16863009747448895, "MRR_negative": 0.0, "MRR_positive": 0.0, "P_AT_1": 0.12487100103199174, "P_AT_10": 0.4932920536635707, "P_AT_K": 0.8152734778121775, "P_AT_K_positive": 0.0, "P_AT_K_negative": 0.0}], "P108": [{"MRR": 0.06541885644224675, "MRR_negative": 0.0, "MRR_positive": 0.0, "P_AT_1": 0.013054830287206266, "P_AT_10": 0.17493472584856398, "P_AT_K": 0.6266318537859008, "P_AT_K_positive": 0.0, "P_AT_K_negative": 0.0}], "P136": [{"MRR": 0.02992992306613066, "MRR_negative": 0.0, "MRR_positive": 0.0, "P_AT_1": 0.0010741138560687433, "P_AT_10": 0.05692803437164339, "P_AT_K": 0.6154672395273899, "P_AT_K_positive": 0.0, "P_AT_K_negative": 0.0}], "P17": [{"MRR": 0.053681281605427913, "MRR_negative": 0.0, "MRR_positive": 0.0, "P_AT_1": 0.016129032258064516, "P_AT_10": 0.12473118279569892, "P_AT_K": 0.4827956989247312, "P_AT_K_positive": 0.0, "P_AT_K_negative": 0.0}], "P39": [{"MRR": 0.13277611636237432, "MRR_negative": 0.0, "MRR_positive": 0.0, "P_AT_1": 0.05605381165919283, "P_AT_10": 0.35650224215246634, "P_AT_K": 0.8822869955156951, "P_AT_K_positive": 0.0, "P_AT_K_negative": 0.0}], "P264": [{"MRR": 0.06973679557726405, "MRR_negative": 0.0, "MRR_positive": 0.0, "P_AT_1": 0.030303030303030304, "P_AT_10": 0.17482517482517482, "P_AT_K": 0.3939393939393939, "P_AT_K_positive": 0.0, "P_AT_K_negative": 0.0}], "P276": [{"MRR": 0.06412644160047469, "MRR_negative": 0.0, "MRR_positive": 0.0, "P_AT_1": 0.05323590814196242, "P_AT_10": 0.1837160751565762, "P_AT_K": 0.44258872651356995, "P_AT_K_positive": 0.0, "P_AT_K_negative": 0.0}], "P937": [{"MRR": 0.08185433729022605, "MRR_negative": 0.0, "MRR_positive": 0.0, "P_AT_1": 0.05241090146750524, "P_AT_10": 0.2557651991614256, "P_AT_K": 0.5555555555555556, "P_AT_K_positive": 0.0, "P_AT_K_negative": 0.0}], "P140": [{"MRR": 0.11110745790087202, "MRR_negative": 0.0, "MRR_positive": 0.0, "P_AT_1": 0.0, "P_AT_10": 0.38477801268498946, "P_AT_K": 0.9704016913319239, "P_AT_K_positive": 0.0, "P_AT_K_negative": 0.0}], "P1303": [{"MRR": 0.12931926964171997, "MRR_negative": 0.0, "MRR_positive": 0.0, "P_AT_1": 0.0368809272918862, "P_AT_10": 0.3224446786090622, "P_AT_K": 0.690200210748156, "P_AT_K_positive": 0.0, "P_AT_K_negative": 0.0}], "P127": [{"MRR": 0.06470514250049995, "MRR_negative": 0.0, "MRR_positive": 0.0, "P_AT_1": 0.036390101892285295, "P_AT_10": 0.20087336244541484,