{"Google_RE": {"means": ["Mean P@1,10,k: 0.03409608413383203, 0.17251148250387505, 0.5503766315990637"], "place_of_birth": [{"MRR": 0.09645752291520078, "MRR_negative": 0.0, "MRR_positive": 0.09645752291520078, "P_AT_1": 0.06673476336397685, "P_AT_10": 0.2696629213483146, "P_AT_K": 0.5961865849506299, "P_AT_K_positive": 0.5961865849506299, "P_AT_K_negative": 0.0}], "date_of_birth": [{"MRR": 0.05641316404866809, "MRR_negative": 0.0, "MRR_positive": 0.05641316404866809, "P_AT_1": 0.012054794520547946, "P_AT_10": 0.14082191780821918, "P_AT_K": 0.7468493150684932, "P_AT_K_positive": 0.7468493150684932, "P_AT_K_negative": 0.0}], "place_of_death": [{"MRR": 0.04397627153952025, "MRR_negative": 0.0, "MRR_positive": 0.04397627153952025, "P_AT_1": 0.02349869451697128, "P_AT_10": 0.10704960835509138, "P_AT_K": 0.30809399477806787, "P_AT_K_positive": 0.30809399477806787, "P_AT_K_negative": 0.0}]}, "TREx": {"means": ["Mean P@1,10,k: 0.1354277770065352, 0.38089498251177667, 0.6469673879683158"], "P19": [{"MRR": 0.12030350994569886, "MRR_negative": 0.0, "MRR_positive": 0.0, "P_AT_1": 0.09427966101694915, "P_AT_10": 0.3379237288135593, "P_AT_K": 0.621822033898305, "P_AT_K_positive": 0.0, "P_AT_K_negative": 0.0}], "P20": [{"MRR": 0.09617229751630853, "MRR_negative": 0.0, "MRR_positive": 0.0, "P_AT_1": 0.06295907660020986, "P_AT_10": 0.2738719832109129, "P_AT_K": 0.5372507869884575, "P_AT_K_positive": 0.0, "P_AT_K_negative": 0.0}], "P279": [{"MRR": 0.17252827552358668, "MRR_negative": 0.0, "MRR_positive": 0.0, "P_AT_1": 0.1545643153526971, "P_AT_10": 0.487551867219917, "P_AT_K": 0.6462655601659751, "P_AT_K_positive": 0.0, "P_AT_K_negative": 0.0}], "P37": [{"MRR": 0.21265918062244338, "MRR_negative": 0.0, "MRR_positive": 0.0, "P_AT_1": 0.2577639751552795, "P_AT_10": 0.644927536231884, "P_AT_K": 0.8592132505175983, "P_AT_K_positive": 0.0, "P_AT_K_negative": 0.0}], "P413": [{"MRR": 0.011043027309740206, "MRR_negative": 0.0, "MRR_positive": 0.0, "P_AT_1": 0.0, "P_AT_10": 0.0063025210084033615, "P_AT_K": 0.3792016806722689, "P_AT_K_positive": 0.0, "P_AT_K_negative": 0.0}], "P449": [{"MRR": 0.2830045796597754, "MRR_negative": 0.0, "MRR_positive": 0.0, "P_AT_1": 0.2545454545454545, "P_AT_10": 0.7568181818181818, "P_AT_K": 0.8715909090909091, "P_AT_K_positive": 0.0, "P_AT_K_negative": 0.0}], "P47": [{"MRR": 0.1175409172176884, "MRR_negative": 0.0, "MRR_positive": 0.0, "P_AT_1": 0.04673913043478261, "P_AT_10": 0.3032608695652174, "P_AT_K": 0.5978260869565217, "P_AT_K_positive": 0.0, "P_AT_K_negative": 0.0}], "P138": [{"MRR": 0.02277059319568414, "MRR_negative": 0.0, "MRR_positive": 0.0, "P_AT_1": 0.001557632398753894, "P_AT_10": 0.06697819314641744, "P_AT_K": 0.2632398753894081, "P_AT_K_positive": 0.0, "P_AT_K_negative": 0.0}], "P364": [{"MRR": 0.16525060683671713, "MRR_negative": 0.0, "MRR_positive": 0.0, "P_AT_1": 0.2616822429906542, "P_AT_10": 0.6296728971962616, "P_AT_K": 0.905373831775701, "P_AT_K_positive": 0.0, "P_AT_K_negative": 0.0}], "P463": [{"MRR": 0.1830129781514205, "MRR_negative": 0.0, "MRR_positive": 0.0, "P_AT_1": 0.37777777777777777, "P_AT_10": 0.6888888888888889, "P_AT_K": 0.7511111111111111, "P_AT_K_positive": 0.0, "P_AT_K_negative": 0.0}], "P101": [{"MRR": 0.0657426724209614, "MRR_negative": 0.0, "MRR_positive": 0.0, "P_AT_1": 0.03017241379310345, "P_AT_10": 0.17672413793103448, "P_AT_K": 0.6551724137931034, "P_AT_K_positive": 0.0, "P_AT_K_negative": 0.0}], "P106": [{"MRR": 0.07180046216273281, "MRR_negative": 0.0, "MRR_positive": 0.0, "P_AT_1": 0.007306889352818371, "P_AT_10": 0.18684759916492694, "P_AT_K": 0.6367432150313153, "P_AT_K_positive": 0.0, "P_AT_K_negative": 0.0}], "P527": [{"MRR": 0.050266810522967824, "MRR_negative": 0.0, "MRR_positive": 0.0, "P_AT_1": 0.011270491803278689, "P_AT_10": 0.11168032786885246, "P_AT_K": 0.4651639344262295, "P_AT_K_positive": 0.0, "P_AT_K_negative": 0.0}], "P530": [{"MRR": 0.09372046006456736, "MRR_negative": 0.0, "MRR_positive": 0.0, "P_AT_1": 0.02108433734939759, "P_AT_10": 0.22690763052208834, "P_AT_K": 0.7821285140562249, "P_AT_K_positive": 0.0, "P_AT_K_negative": 0.0}], "P176": [{"MRR": 0.12055269125255673, "MRR_negative": 0.0, "MRR_positive": 0.0, "P_AT_1": 0.24871531346351491, "P_AT_10": 0.47070914696813976, "P_AT_K": 0.6002055498458376, "P_AT_K_positive": 0.0, "P_AT_K_negative": 0.0}], "P27": [{"MRR": 0.0070314572524804355, "MRR_negative": 0.0, "MRR_positive": 0.0, "P_AT_1": 0.0, "P_AT_10": 0.005175983436853002, "P_AT_K": 0.18944099378881987, "P_AT_K_positive": 0.0, "P_AT_K_negative": 0.0}], "P407": [{"MRR": 0.2192364689560987, "MRR_negative": 0.0, "MRR_positive": 0.0, "P_AT_1": 0.37628278221208666, "P_AT_10": 0.7628278221208666, "P_AT_K": 0.8939566704675028, "P_AT_K_positive": 0.0, "P_AT_K_negative": 0.0}], "P30": [{"MRR": 0.08660064774514588, "MRR_negative": 0.0, "MRR_positive": 0.0, "P_AT_1": 0.01641025641025641, "P_AT_10": 0.2287179487179487, "P_AT_K": 0.7948717948717948, "P_AT_K_positive": 0.0, "P_AT_K_negative": 0.0}], "P178": [{"MRR": 0.1463910738889708, "MRR_negative": 0.0, "MRR_positive": 0.0, "P_AT_1": 0.3688663282571912, "P_AT_10": 0.626057529610829, "P_AT_K": 0.8324873096446701, "P_AT_K_positive": 0.0, "P_AT_K_negative": 0.0}], "P1376": [{"MRR": 0.12584523920462298, "MRR_negative": 0.0, "MRR_positive": 0.0, "P_AT_1": 0.2703862660944206, "P_AT_10": 0.4721030042918455, "P_AT_K": 0.6824034334763949, "P_AT_K_positive": 0.0, "P_AT_K_negative": 0.0}], "P131": [{"MRR": 0.1264018153865716, "MRR_negative": 0.0, "MRR_positive": 0.0, "P_AT_1": 0.10442678774120318, "P_AT_10": 0.358683314415437, "P_AT_K": 0.6583427922814983, "P_AT_K_positive": 0.0, "P_AT_K_negative": 0.0}], "P1412": [{"MRR": 0.24239292982539348, "MRR_negative": 0.0, "MRR_positive": 0.0, "P_AT_1": 0.25077399380804954, "P_AT_10": 0.6594427244582043, "P_AT_K": 0.8369453044375645, "P_AT_K_positive": 0.0, "P_AT_K_negative": 0.0}], "P108": [{"MRR": 0.023374335208372985, "MRR_negative": 0.0, "MRR_positive": 0.0, "P_AT_1": 0.0026109660574412533, "P_AT_10": 0.07049608355091384, "P_AT_K": 0.40992167101827676, "P_AT_K_positive": 0.0, "P_AT_K_negative": 0.0}], "P136": [{"MRR": 0.1032842923080888, "MRR_negative": 0.0, "MRR_positive": 0.0, "P_AT_1": 0.00966702470461869, "P_AT_10": 0.30182599355531686, "P_AT_K": 0.6573576799140709, "P_AT_K_positive": 0.0, "P_AT_K_negative": 0.0}], "P17": [{"MRR": 0.15494753638198053, "MRR_negative": 0.0, "MRR_positive": 0.0, "P_AT_1": 0.18064516129032257, "P_AT_10": 0.510752688172043, "P_AT_K": 0.789247311827957, "P_AT_K_positive": 0.0, "P_AT_K_negative": 0.0}], "P39": [{"MRR": 0.09354638561149017, "MRR_negative": 0.0, "MRR_positive": 0.0, "P_AT_1": 0.0515695067264574, "P_AT_10": 0.26905829596412556, "P_AT_K": 0.7959641255605381, "P_AT_K_positive": 0.0, "P_AT_K_negative": 0.0}], "P264": [{"MRR": 0.08659810982203256, "MRR_negative": 0.0, "MRR_positive": 0.0, "P_AT_1": 0.1888111888111888, "P_AT_10": 0.4592074592074592, "P_AT_K": 0.5710955710955711, "P_AT_K_positive": 0.0, "P_AT_K_negative": 0.0}], "P276": [{"MRR": 0.12499943558333262, "MRR_negative": 0.0, "MRR_positive": 0.0, "P_AT_1": 0.17014613778705637, "P_AT_10": 0.37891440501043844, "P_AT_K": 0.6116910229645094, "P_AT_K_positive": 0.0, "P_AT_K_negative": 0.0}], "P937": [{"MRR": 0.13265002639473977, "MRR_negative": 0.0, "MRR_positive": 0.0, "P_AT_1": 0.0859538784067086, "P_AT_10": 0.3920335429769392, "P_AT_K": 0.6761006289308176, "P_AT_K_positive": 0.0, "P_AT_K_negative": 0.0}], "P140": [{"MRR": 0.09081830546777953, "MRR_negative": 0.0, "MRR_positive": 0.0, "P_AT_1": 0.0, "P_AT_10": 0.3890063424947146, "P_AT_K": 0.7695560253699789, "P_AT_K_positive": 0.0, "P_AT_K_negative": 0.0}], "P1303": [{"MRR": 0.12363557150416292, "MRR_negative": 0.0, "MRR_positive": 0.0, "P_AT_1": 0.04952581664910432, "P_AT_10": 0.3224446786090622, "P_AT_K": 0.6101159114857745, "P_AT_K_positive": 0.0, "P_AT_K_negative": 0.0}], "P127": [{"MRR": 0.0906589167018291, "MRR_negative": 0.0, "MRR_positive": 0.0, "P_AT_1": 0.2081513828238719, "P_AT_10": 0.37554585152838427, "P_AT_K": 0.5385735080058224,