{"Google_RE": {"means": ["Mean P@1,10,k: 0.01931438047920007, 0.10467924632526814, 0.4027800534116242"], "place_of_birth": [{"MRR": 0.060981973731528936, "MRR_negative": 0.0, "MRR_positive": 0.060981973731528936, "P_AT_1": 0.03847463398025196, "P_AT_10": 0.16036772216547499, "P_AT_K": 0.4334354783792986, "P_AT_K_positive": 0.4334354783792986, "P_AT_K_negative": 0.0}], "date_of_birth": [{"MRR": 0.042561647688864716, "MRR_negative": 0.0, "MRR_positive": 0.042561647688864716, "P_AT_1": 0.014246575342465753, "P_AT_10": 0.09753424657534246, "P_AT_K": 0.566027397260274, "P_AT_K_positive": 0.566027397260274, "P_AT_K_negative": 0.0}], "place_of_death": [{"MRR": 0.025757360273887326, "MRR_negative": 0.0, "MRR_positive": 0.025757360273887326, "P_AT_1": 0.005221932114882507, "P_AT_10": 0.05613577023498695, "P_AT_K": 0.20887728459530025, "P_AT_K_positive": 0.20887728459530025, "P_AT_K_negative": 0.0}]}, "TREx": {"means": ["Mean P@1,10,k: 0.05009287306684308, 0.20311294546511868, 0.47366423740282404"], "P19": [{"MRR": 0.07333779951360415, "MRR_negative": 0.0, "MRR_positive": 0.0, "P_AT_1": 0.0413135593220339, "P_AT_10": 0.19703389830508475, "P_AT_K": 0.4809322033898305, "P_AT_K_positive": 0.0, "P_AT_K_negative": 0.0}], "P20": [{"MRR": 0.04668047168881494, "MRR_negative": 0.0, "MRR_positive": 0.0, "P_AT_1": 0.023084994753410283, "P_AT_10": 0.11542497376705142, "P_AT_K": 0.31374606505771246, "P_AT_K_positive": 0.0, "P_AT_K_negative": 0.0}], "P279": [{"MRR": 0.09561037016873257, "MRR_negative": 0.0, "MRR_positive": 0.0, "P_AT_1": 0.04771784232365145, "P_AT_10": 0.23029045643153526, "P_AT_K": 0.40352697095435686, "P_AT_K_positive": 0.0, "P_AT_K_negative": 0.0}], "P37": [{"MRR": 0.11239116225565893, "MRR_negative": 0.0, "MRR_positive": 0.0, "P_AT_1": 0.10869565217391304, "P_AT_10": 0.37163561076604557, "P_AT_K": 0.6428571428571429, "P_AT_K_positive": 0.0, "P_AT_K_negative": 0.0}], "P413": [{"MRR": 0.010679229788926586, "MRR_negative": 0.0, "MRR_positive": 0.0, "P_AT_1": 0.0, "P_AT_10": 0.0031512605042016808, "P_AT_K": 0.3224789915966387, "P_AT_K_positive": 0.0, "P_AT_K_negative": 0.0}], "P449": [{"MRR": 0.19064349401213998, "MRR_negative": 0.0, "MRR_positive": 0.0, "P_AT_1": 0.3261363636363636, "P_AT_10": 0.6840909090909091, "P_AT_K": 0.8647727272727272, "P_AT_K_positive": 0.0, "P_AT_K_negative": 0.0}], "P47": [{"MRR": 0.03611141874087277, "MRR_negative": 0.0, "MRR_positive": 0.0, "P_AT_1": 0.021739130434782608, "P_AT_10": 0.09891304347826087, "P_AT_K": 0.3978260869565217, "P_AT_K_positive": 0.0, "P_AT_K_negative": 0.0}], "P138": [{"MRR": 0.0038762549032909945, "MRR_negative": 0.0, "MRR_positive": 0.0, "P_AT_1": 0.0, "P_AT_10": 0.004672897196261682, "P_AT_K": 0.05763239875389408, "P_AT_K_positive": 0.0, "P_AT_K_negative": 0.0}], "P364": [{"MRR": 0.20902874339822713, "MRR_negative": 0.0, "MRR_positive": 0.0, "P_AT_1": 0.04205607476635514, "P_AT_10": 0.4217289719626168, "P_AT_K": 0.7955607476635514, "P_AT_K_positive": 0.0, "P_AT_K_negative": 0.0}], "P463": [{"MRR": 0.15436455057021906, "MRR_negative": 0.0, "MRR_positive": 0.0, "P_AT_1": 0.36, "P_AT_10": 0.5733333333333334, "P_AT_K": 0.7022222222222222, "P_AT_K_positive": 0.0, "P_AT_K_negative": 0.0}], "P101": [{"MRR": 0.09741558860439535, "MRR_negative": 0.0, "MRR_positive": 0.0, "P_AT_1": 0.022988505747126436, "P_AT_10": 0.26436781609195403, "P_AT_K": 0.5229885057471264, "P_AT_K_positive": 0.0, "P_AT_K_negative": 0.0}], "P106": [{"MRR": 0.054703815532198656, "MRR_negative": 0.0, "MRR_positive": 0.0, "P_AT_1": 0.006263048016701462, "P_AT_10": 0.1440501043841336, "P_AT_K": 0.7233820459290188, "P_AT_K_positive": 0.0, "P_AT_K_negative": 0.0}], "P527": [{"MRR": 0.045681903422392346, "MRR_negative": 0.0, "MRR_positive": 0.0, "P_AT_1": 0.00819672131147541, "P_AT_10": 0.11168032786885246, "P_AT_K": 0.38114754098360654, "P_AT_K_positive": 0.0, "P_AT_K_negative": 0.0}], "P530": [{"MRR": 0.07201105973108098, "MRR_negative": 0.0, "MRR_positive": 0.0, "P_AT_1": 0.006024096385542169, "P_AT_10": 0.1857429718875502, "P_AT_K": 0.7248995983935743, "P_AT_K_positive": 0.0, "P_AT_K_negative": 0.0}], "P176": [{"MRR": 0.03168851411431987, "MRR_negative": 0.0, "MRR_positive": 0.0, "P_AT_1": 0.011305241521068859, "P_AT_10": 0.08324768756423433, "P_AT_K": 0.2261048304213772, "P_AT_K_positive": 0.0, "P_AT_K_negative": 0.0}], "P27": [{"MRR": 0.006038361015462298, "MRR_negative": 0.0, "MRR_positive": 0.0, "P_AT_1": 0.0, "P_AT_10": 0.0, "P_AT_K": 0.17287784679089027, "P_AT_K_positive": 0.0, "P_AT_K_negative": 0.0}], "P407": [{"MRR": 0.17388136092167694, "MRR_negative": 0.0, "MRR_positive": 0.0, "P_AT_1": 0.3933865450399088, "P_AT_10": 0.7172177879133409, "P_AT_K": 0.8916761687571265, "P_AT_K_positive": 0.0, "P_AT_K_negative": 0.0}], "P30": [{"MRR": 0.005876260497982242, "MRR_negative": 0.0, "MRR_positive": 0.0, "P_AT_1": 0.0010256410256410256, "P_AT_10": 0.012307692307692308, "P_AT_K": 0.11282051282051282, "P_AT_K_positive": 0.0, "P_AT_K_negative": 0.0}], "P178": [{"MRR": 0.04149458308380385, "MRR_negative": 0.0, "MRR_positive": 0.0, "P_AT_1": 0.01692047377326565, "P_AT_10": 0.13367174280879865, "P_AT_K": 0.467005076142132, "P_AT_K_positive": 0.0, "P_AT_K_negative": 0.0}], "P1376": [{"MRR": 0.05862632755720722, "MRR_negative": 0.0, "MRR_positive": 0.0, "P_AT_1": 0.02575107296137339, "P_AT_10": 0.15021459227467812, "P_AT_K": 0.4206008583690987, "P_AT_K_positive": 0.0, "P_AT_K_negative": 0.0}], "P131": [{"MRR": 0.03792782769260489, "MRR_negative": 0.0, "MRR_positive": 0.0, "P_AT_1": 0.01021566401816118, "P_AT_10": 0.10442678774120318, "P_AT_K": 0.38819523269012485, "P_AT_K_positive": 0.0, "P_AT_K_negative": 0.0}], "P1412": [{"MRR": 0.25006854630753694, "MRR_negative": 0.0, "MRR_positive": 0.0, "P_AT_1": 0.11248710010319918, "P_AT_10": 0.5975232198142415, "P_AT_K": 0.7079463364293086, "P_AT_K_positive": 0.0, "P_AT_K_negative": 0.0}], "P108": [{"MRR": 0.038416944004337795, "MRR_negative": 0.0, "MRR_positive": 0.0, "P_AT_1": 0.005221932114882507, "P_AT_10": 0.08093994778067885, "P_AT_K": 0.46736292428198434, "P_AT_K_positive": 0.0, "P_AT_K_negative": 0.0}], "P136": [{"MRR": 0.06700329607569544, "MRR_negative": 0.0, "MRR_positive": 0.0, "P_AT_1": 0.0021482277121374865, "P_AT_10": 0.1858216970998926, "P_AT_K": 0.6476906552094522, "P_AT_K_positive": 0.0, "P_AT_K_negative": 0.0}], "P17": [{"MRR": 0.02619665810930509, "MRR_negative": 0.0, "MRR_positive": 0.0, "P_AT_1": 0.0064516129032258064, "P_AT_10": 0.05806451612903226, "P_AT_K": 0.34408602150537637, "P_AT_K_positive": 0.0, "P_AT_K_negative": 0.0}], "P39": [{"MRR": 0.10989702207026057, "MRR_negative": 0.0, "MRR_positive": 0.0, "P_AT_1": 0.008968609865470852, "P_AT_10": 0.2701793721973094, "P_AT_K": 0.8127802690582959, "P_AT_K_positive": 0.0, "P_AT_K_negative": 0.0}], "P264": [{"MRR": 0.0720269540114467, "MRR_negative": 0.0, "MRR_positive": 0.0, "P_AT_1": 0.09324009324009325, "P_AT_10": 0.21212121212121213, "P_AT_K": 0.4428904428904429, "P_AT_K_positive": 0.0, "P_AT_K_negative": 0.0}], "P276": [{"MRR": 0.031059783177098326, "MRR_negative": 0.0, "MRR_positive": 0.0, "P_AT_1": 0.015657620041753653, "P_AT_10": 0.07724425887265135, "P_AT_K": 0.31106471816283926, "P_AT_K_positive": 0.0, "P_AT_K_negative": 0.0}], "P937": [{"MRR": 0.05892671232117992, "MRR_negative": 0.0, "MRR_positive": 0.0, "P_AT_1": 0.07442348008385745, "P_AT_10": 0.1960167714884696, "P_AT_K": 0.4360587002096436, "P_AT_K_positive": 0.0, "P_AT_K_negative": 0.0}], "P140": [{"MRR": 0.027258415304737525, "MRR_negative": 0.0, "MRR_positive": 0.0, "P_AT_1": 0.0, "P_AT_10": 0.019027484143763214, "P_AT_K": 0.6405919661733616, "P_AT_K_positive": 0.0, "P_AT_K_negative": 0.0}], "P1303": [{"MRR": 0.13543598216507563, "MRR_negative": 0.0, "MRR_positive": 0.0, "P_AT_1": 0.005268703898840885, "P_AT_10": 0.3055848261327713, "P_AT_K": 0.5468914646996839, "P_AT_K_positive": 0.0, "P_AT_K_negative": 0.0}], "P127": [{"MRR": 0.019509953012839656, "MRR_negative": 0.0, "MRR_positive": 0.0, "P_AT_1": 0.0, "P_AT_10": 0.050946142649199416,