{"Google_RE": {"means": ["Mean P@1,10,k: 0.016699788719355093, 0.11569125436276813, 0.46736091037272026"], "place_of_birth": [{"MRR": 0.053721877220897156, "MRR_negative": 0.0, "MRR_positive": 0.053721877220897156, "P_AT_1": 0.009533537623425264, "P_AT_10": 0.13278855975485188, "P_AT_K": 0.5233231188287368, "P_AT_K_positive": 0.5233231188287368, "P_AT_K_negative": 0.0}], "date_of_birth": [{"MRR": 0.05078628289671721, "MRR_negative": 0.0, "MRR_positive": 0.05078628289671721, "P_AT_1": 0.01315068493150685, "P_AT_10": 0.11506849315068493, "P_AT_K": 0.6202739726027398, "P_AT_K_positive": 0.6202739726027398, "P_AT_K_negative": 0.0}], "place_of_death": [{"MRR": 0.0348742397979115, "MRR_negative": 0.0, "MRR_positive": 0.0348742397979115, "P_AT_1": 0.02741514360313316, "P_AT_10": 0.09921671018276762, "P_AT_K": 0.2584856396866841, "P_AT_K_positive": 0.2584856396866841, "P_AT_K_negative": 0.0}]}, "TREx": {"means": ["Mean P@1,10,k: 0.03663481948435134, 0.18451747481983885, 0.5068288580261059"], "P19": [{"MRR": 0.07064474076956245, "MRR_negative": 0.0, "MRR_positive": 0.0, "P_AT_1": 0.006355932203389831, "P_AT_10": 0.17690677966101695, "P_AT_K": 0.5709745762711864, "P_AT_K_positive": 0.0, "P_AT_K_negative": 0.0}], "P20": [{"MRR": 0.07711709257643179, "MRR_negative": 0.0, "MRR_positive": 0.0, "P_AT_1": 0.07660020986358866, "P_AT_10": 0.24344176285414482, "P_AT_K": 0.49527806925498424, "P_AT_K_positive": 0.0, "P_AT_K_negative": 0.0}], "P279": [{"MRR": 0.11887006236808256, "MRR_negative": 0.0, "MRR_positive": 0.0, "P_AT_1": 0.011410788381742738, "P_AT_10": 0.23340248962655602, "P_AT_K": 0.39522821576763484, "P_AT_K_positive": 0.0, "P_AT_K_negative": 0.0}], "P37": [{"MRR": 0.030204309718324815, "MRR_negative": 0.0, "MRR_positive": 0.0, "P_AT_1": 0.002070393374741201, "P_AT_10": 0.055900621118012424, "P_AT_K": 0.4575569358178054, "P_AT_K_positive": 0.0, "P_AT_K_negative": 0.0}], "P413": [{"MRR": 0.10381031797103711, "MRR_negative": 0.0, "MRR_positive": 0.0, "P_AT_1": 0.05042016806722689, "P_AT_10": 0.27521008403361347, "P_AT_K": 0.6743697478991597, "P_AT_K_positive": 0.0, "P_AT_K_negative": 0.0}], "P449": [{"MRR": 0.10687299081022249, "MRR_negative": 0.0, "MRR_positive": 0.0, "P_AT_1": 0.32272727272727275, "P_AT_10": 0.6295454545454545, "P_AT_K": 0.8602272727272727, "P_AT_K_positive": 0.0, "P_AT_K_negative": 0.0}], "P47": [{"MRR": 0.06025572408573982, "MRR_negative": 0.0, "MRR_positive": 0.0, "P_AT_1": 0.02826086956521739, "P_AT_10": 0.1826086956521739, "P_AT_K": 0.5413043478260869, "P_AT_K_positive": 0.0, "P_AT_K_negative": 0.0}], "P138": [{"MRR": 0.006522232721435258, "MRR_negative": 0.0, "MRR_positive": 0.0, "P_AT_1": 0.001557632398753894, "P_AT_10": 0.012461059190031152, "P_AT_K": 0.11993769470404984, "P_AT_K_positive": 0.0, "P_AT_K_negative": 0.0}], "P364": [{"MRR": 0.012040858233379694, "MRR_negative": 0.0, "MRR_positive": 0.0, "P_AT_1": 0.0, "P_AT_10": 0.007009345794392523, "P_AT_K": 0.3469626168224299, "P_AT_K_positive": 0.0, "P_AT_K_negative": 0.0}], "P463": [{"MRR": 0.27860512348494154, "MRR_negative": 0.0, "MRR_positive": 0.0, "P_AT_1": 0.1688888888888889, "P_AT_10": 0.6177777777777778, "P_AT_K": 0.7422222222222222, "P_AT_K_positive": 0.0, "P_AT_K_negative": 0.0}], "P101": [{"MRR": 0.10586340444753457, "MRR_negative": 0.0, "MRR_positive": 0.0, "P_AT_1": 0.02586206896551724, "P_AT_10": 0.30603448275862066, "P_AT_K": 0.6192528735632183, "P_AT_K_positive": 0.0, "P_AT_K_negative": 0.0}], "P106": [{"MRR": 0.02376775479447561, "MRR_negative": 0.0, "MRR_positive": 0.0, "P_AT_1": 0.003131524008350731, "P_AT_10": 0.05010438413361169, "P_AT_K": 0.42171189979123175, "P_AT_K_positive": 0.0, "P_AT_K_negative": 0.0}], "P527": [{"MRR": 0.07405550111349582, "MRR_negative": 0.0, "MRR_positive": 0.0, "P_AT_1": 0.018442622950819672, "P_AT_10": 0.2336065573770492, "P_AT_K": 0.5163934426229508, "P_AT_K_positive": 0.0, "P_AT_K_negative": 0.0}], "P530": [{"MRR": 0.05234682614478155, "MRR_negative": 0.0, "MRR_positive": 0.0, "P_AT_1": 0.007028112449799197, "P_AT_10": 0.12951807228915663, "P_AT_K": 0.8122489959839357, "P_AT_K_positive": 0.0, "P_AT_K_negative": 0.0}], "P176": [{"MRR": 0.08383662596377581, "MRR_negative": 0.0, "MRR_positive": 0.0, "P_AT_1": 0.02877697841726619, "P_AT_10": 0.24049331963001028, "P_AT_K": 0.60431654676259, "P_AT_K_positive": 0.0, "P_AT_K_negative": 0.0}], "P27": [{"MRR": 0.002980136402671753, "MRR_negative": 0.0, "MRR_positive": 0.0, "P_AT_1": 0.0, "P_AT_10": 0.0010351966873706005, "P_AT_K": 0.053830227743271224, "P_AT_K_positive": 0.0, "P_AT_K_negative": 0.0}], "P407": [{"MRR": 0.13860516121073857, "MRR_negative": 0.0, "MRR_positive": 0.0, "P_AT_1": 0.043329532497149374, "P_AT_10": 0.3523375142531357, "P_AT_K": 0.7616875712656784, "P_AT_K_positive": 0.0, "P_AT_K_negative": 0.0}], "P30": [{"MRR": 0.02600262355887019, "MRR_negative": 0.0, "MRR_positive": 0.0, "P_AT_1": 0.0041025641025641026, "P_AT_10": 0.08512820512820513, "P_AT_K": 0.3241025641025641, "P_AT_K_positive": 0.0, "P_AT_K_negative": 0.0}], "P178": [{"MRR": 0.2886876905627018, "MRR_negative": 0.0, "MRR_positive": 0.0, "P_AT_1": 0.11844331641285956, "P_AT_10": 0.6074450084602369, "P_AT_K": 0.8409475465313029, "P_AT_K_positive": 0.0, "P_AT_K_negative": 0.0}], "P1376": [{"MRR": 0.07951230262590586, "MRR_negative": 0.0, "MRR_positive": 0.0, "P_AT_1": 0.030042918454935622, "P_AT_10": 0.19313304721030042, "P_AT_K": 0.5321888412017167, "P_AT_K_positive": 0.0, "P_AT_K_negative": 0.0}], "P131": [{"MRR": 0.06166714237253187, "MRR_negative": 0.0, "MRR_positive": 0.0, "P_AT_1": 0.00681044267877412, "P_AT_10": 0.1452894438138479, "P_AT_K": 0.5993189557321226, "P_AT_K_positive": 0.0, "P_AT_K_negative": 0.0}], "P1412": [{"MRR": 0.05119332356046036, "MRR_negative": 0.0, "MRR_positive": 0.0, "P_AT_1": 0.005159958720330237, "P_AT_10": 0.13415892672858618, "P_AT_K": 0.5737874097007224, "P_AT_K_positive": 0.0, "P_AT_K_negative": 0.0}], "P108": [{"MRR": 0.006911418690692062, "MRR_negative": 0.0, "MRR_positive": 0.0, "P_AT_1": 0.0026109660574412533, "P_AT_10": 0.018276762402088774, "P_AT_K": 0.1227154046997389, "P_AT_K_positive": 0.0, "P_AT_K_negative": 0.0}], "P136": [{"MRR": 0.021114323049346, "MRR_negative": 0.0, "MRR_positive": 0.0, "P_AT_1": 0.0, "P_AT_10": 0.018259935553168637, "P_AT_K": 0.5972073039742213, "P_AT_K_positive": 0.0, "P_AT_K_negative": 0.0}], "P17": [{"MRR": 0.04281112240998622, "MRR_negative": 0.0, "MRR_positive": 0.0, "P_AT_1": 0.0032258064516129032, "P_AT_10": 0.08064516129032258, "P_AT_K": 0.5376344086021505, "P_AT_K_positive": 0.0, "P_AT_K_negative": 0.0}], "P39": [{"MRR": 0.13696914030878252, "MRR_negative": 0.0, "MRR_positive": 0.0, "P_AT_1": 0.06726457399103139, "P_AT_10": 0.3710762331838565, "P_AT_K": 0.7959641255605381, "P_AT_K_positive": 0.0, "P_AT_K_negative": 0.0}], "P264": [{"MRR": 0.047495446694917134, "MRR_negative": 0.0, "MRR_positive": 0.0, "P_AT_1": 0.13053613053613053, "P_AT_10": 0.20745920745920746, "P_AT_K": 0.28438228438228436, "P_AT_K_positive": 0.0, "P_AT_K_negative": 0.0}], "P276": [{"MRR": 0.05534073170072219, "MRR_negative": 0.0, "MRR_positive": 0.0, "P_AT_1": 0.007306889352818371, "P_AT_10": 0.12212943632567849, "P_AT_K": 0.5146137787056367, "P_AT_K_positive": 0.0, "P_AT_K_negative": 0.0}], "P937": [{"MRR": 0.04144301016695733, "MRR_negative": 0.0, "MRR_positive": 0.0, "P_AT_1": 0.0041928721174004195, "P_AT_10": 0.1069182389937107, "P_AT_K": 0.42348008385744235, "P_AT_K_positive": 0.0, "P_AT_K_negative": 0.0}], "P140": [{"MRR": 0.013334921650558747, "MRR_negative": 0.0, "MRR_positive": 0.0, "P_AT_1": 0.004228329809725159, "P_AT_10": 0.006342494714587738, "P_AT_K": 0.47568710359408034, "P_AT_K_positive": 0.0, "P_AT_K_negative": 0.0}], "P1303": [{"MRR": 0.16107737602192007, "MRR_negative": 0.0, "MRR_positive": 0.0, "P_AT_1": 0.06322444678609063, "P_AT_10": 0.440463645943098, "P_AT_K": 0.827186512118019, "P_AT_K_positive": 0.0, "P_AT_K_negative": 0.0}], "P127": [{"MRR": 0.08248184444431396, "MRR_negative": 0.0, "MRR_positive": 0.0, "P_AT_1": 0.018922852983988356,