{"Google_RE": {"means": ["Mean P@1,10,k: 0.0003404834865509023, 0.011601726881323689, 0.10255011353935099"], "place_of_birth": [{"MRR": 0.009229810760684418, "MRR_negative": 0.0, "MRR_positive": 0.009229810760684418, "P_AT_1": 0.0010214504596527069, "P_AT_10": 0.017705141300646918, "P_AT_K": 0.10010214504596528, "P_AT_K_positive": 0.10010214504596528, "P_AT_K_negative": 0.0}], "date_of_birth": [{"MRR": 0.0054912259330669585, "MRR_negative": 0.0, "MRR_positive": 0.0054912259330669585, "P_AT_1": 0.0, "P_AT_10": 0.0027397260273972603, "P_AT_K": 0.11616438356164384, "P_AT_K_positive": 0.11616438356164384, "P_AT_K_negative": 0.0}], "place_of_death": [{"MRR": 0.007801910544104074, "MRR_negative": 0.0, "MRR_positive": 0.007801910544104074, "P_AT_1": 0.0, "P_AT_10": 0.014360313315926894, "P_AT_K": 0.09138381201044386, "P_AT_K_positive": 0.09138381201044386, "P_AT_K_negative": 0.0}]}, "TREx": {"means": ["Mean P@1,10,k: 0.0016089924512151883, 0.01906330617913153, 0.0968297538653776"], "P19": [{"MRR": 0.004945373153042696, "MRR_negative": 0.0, "MRR_positive": 0.0, "P_AT_1": 0.00211864406779661, "P_AT_10": 0.012711864406779662, "P_AT_K": 0.0836864406779661, "P_AT_K_positive": 0.0, "P_AT_K_negative": 0.0}], "P20": [{"MRR": 0.011299267286509153, "MRR_negative": 0.0, "MRR_positive": 0.0, "P_AT_1": 0.0, "P_AT_10": 0.024134312696747113, "P_AT_K": 0.1731374606505771, "P_AT_K_positive": 0.0, "P_AT_K_negative": 0.0}], "P279": [{"MRR": 0.014271320558189153, "MRR_negative": 0.0, "MRR_positive": 0.0, "P_AT_1": 0.002074688796680498, "P_AT_10": 0.04979253112033195, "P_AT_K": 0.15975103734439833, "P_AT_K_positive": 0.0, "P_AT_K_negative": 0.0}], "P37": [{"MRR": 0.00015918438889762855, "MRR_negative": 0.0, "MRR_positive": 0.0, "P_AT_1": 0.0, "P_AT_10": 0.0, "P_AT_K": 0.0, "P_AT_K_positive": 0.0, "P_AT_K_negative": 0.0}], "P413": [{"MRR": 3.2886507458034462e-06, "MRR_negative": 0.0, "MRR_positive": 0.0, "P_AT_1": 0.0, "P_AT_10": 0.0, "P_AT_K": 0.0, "P_AT_K_positive": 0.0, "P_AT_K_negative": 0.0}], "P449": [{"MRR": 0.011670759324707208, "MRR_negative": 0.0, "MRR_positive": 0.0, "P_AT_1": 0.0, "P_AT_10": 0.011363636363636364, "P_AT_K": 0.27954545454545454, "P_AT_K_positive": 0.0, "P_AT_K_negative": 0.0}], "P47": [{"MRR": 0.006179130816421974, "MRR_negative": 0.0, "MRR_positive": 0.0, "P_AT_1": 0.0010869565217391304, "P_AT_10": 0.015217391304347827, "P_AT_K": 0.059782608695652176, "P_AT_K_positive": 0.0, "P_AT_K_negative": 0.0}], "P138": [{"MRR": 0.002438964669232747, "MRR_negative": 0.0, "MRR_positive": 0.0, "P_AT_1": 0.0, "P_AT_10": 0.003115264797507788, "P_AT_K": 0.0264797507788162, "P_AT_K_positive": 0.0, "P_AT_K_negative": 0.0}], "P364": [{"MRR": 0.0001978949505470364, "MRR_negative": 0.0, "MRR_positive": 0.0, "P_AT_1": 0.0, "P_AT_10": 0.0, "P_AT_K": 0.0011682242990654205, "P_AT_K_positive": 0.0, "P_AT_K_negative": 0.0}], "P463": [{"MRR": 0.00014307607163437986, "MRR_negative": 0.0, "MRR_positive": 0.0, "P_AT_1": 0.0, "P_AT_10": 0.0, "P_AT_K": 0.0044444444444444444, "P_AT_K_positive": 0.0, "P_AT_K_negative": 0.0}], "P101": [{"MRR": 0.0024726408068155943, "MRR_negative": 0.0, "MRR_positive": 0.0, "P_AT_1": 0.0, "P_AT_10": 0.0014367816091954023, "P_AT_K": 0.05603448275862069, "P_AT_K_positive": 0.0, "P_AT_K_negative": 0.0}], "P106": [{"MRR": 0.0004096672112071423, "MRR_negative": 0.0, "MRR_positive": 0.0, "P_AT_1": 0.0, "P_AT_10": 0.0, "P_AT_K": 0.0041753653444676405, "P_AT_K_positive": 0.0, "P_AT_K_negative": 0.0}], "P527": [{"MRR": 0.0031307845864221463, "MRR_negative": 0.0, "MRR_positive": 0.0, "P_AT_1": 0.0, "P_AT_10": 0.005122950819672131, "P_AT_K": 0.0471311475409836, "P_AT_K_positive": 0.0, "P_AT_K_negative": 0.0}], "P530": [{"MRR": 0.00836486101865537, "MRR_negative": 0.0, "MRR_positive": 0.0, "P_AT_1": 0.0, "P_AT_10": 0.007028112449799197, "P_AT_K": 0.1636546184738956, "P_AT_K_positive": 0.0, "P_AT_K_negative": 0.0}], "P176": [{"MRR": 0.0002525261003647348, "MRR_negative": 0.0, "MRR_positive": 0.0, "P_AT_1": 0.0, "P_AT_10": 0.0, "P_AT_K": 0.0041109969167523125, "P_AT_K_positive": 0.0, "P_AT_K_negative": 0.0}], "P27": [{"MRR": 0.000125290027244896, "MRR_negative": 0.0, "MRR_positive": 0.0, "P_AT_1": 0.0, "P_AT_10": 0.0, "P_AT_K": 0.0010351966873706005, "P_AT_K_positive": 0.0, "P_AT_K_negative": 0.0}], "P407": [{"MRR": 0.002231821534263236, "MRR_negative": 0.0, "MRR_positive": 0.0, "P_AT_1": 0.0, "P_AT_10": 0.0, "P_AT_K": 0.00798175598631699, "P_AT_K_positive": 0.0, "P_AT_K_negative": 0.0}], "P30": [{"MRR": 0.04126658663183984, "MRR_negative": 0.0, "MRR_positive": 0.0, "P_AT_1": 0.022564102564102566, "P_AT_10": 0.10153846153846154, "P_AT_K": 0.17743589743589744, "P_AT_K_positive": 0.0, "P_AT_K_negative": 0.0}], "P178": [{"MRR": 0.0009560652141139322, "MRR_negative": 0.0, "MRR_positive": 0.0, "P_AT_1": 0.0, "P_AT_10": 0.0, "P_AT_K": 0.02030456852791878, "P_AT_K_positive": 0.0, "P_AT_K_negative": 0.0}], "P1376": [{"MRR": 0.01443705890761495, "MRR_negative": 0.0, "MRR_positive": 0.0, "P_AT_1": 0.0, "P_AT_10": 0.034334763948497854, "P_AT_K": 0.14163090128755365, "P_AT_K_positive": 0.0, "P_AT_K_negative": 0.0}], "P131": [{"MRR": 0.015124403470553799, "MRR_negative": 0.0, "MRR_positive": 0.0, "P_AT_1": 0.0022701475595913734, "P_AT_10": 0.02724177071509648, "P_AT_K": 0.13961407491486946, "P_AT_K_positive": 0.0, "P_AT_K_negative": 0.0}], "P1412": [{"MRR": 0.0015351739572873752, "MRR_negative": 0.0, "MRR_positive": 0.0, "P_AT_1": 0.0, "P_AT_10": 0.0, "P_AT_K": 0.010319917440660475, "P_AT_K_positive": 0.0, "P_AT_K_negative": 0.0}], "P108": [{"MRR": 0.0004714079697327113, "MRR_negative": 0.0, "MRR_positive": 0.0, "P_AT_1": 0.0, "P_AT_10": 0.0, "P_AT_K": 0.015665796344647518, "P_AT_K_positive": 0.0, "P_AT_K_negative": 0.0}], "P136": [{"MRR": 0.015418519979427713, "MRR_negative": 0.0, "MRR_positive": 0.0, "P_AT_1": 0.0, "P_AT_10": 0.017185821697099892, "P_AT_K": 0.38238453276047263, "P_AT_K_positive": 0.0, "P_AT_K_negative": 0.0}], "P17": [{"MRR": 0.03951839847064868, "MRR_negative": 0.0, "MRR_positive": 0.0, "P_AT_1": 0.012903225806451613, "P_AT_10": 0.12473118279569892, "P_AT_K": 0.4118279569892473, "P_AT_K_positive": 0.0, "P_AT_K_negative": 0.0}], "P39": [{"MRR": 0.0003773477281959469, "MRR_negative": 0.0, "MRR_positive": 0.0, "P_AT_1": 0.0, "P_AT_10": 0.0011210762331838565, "P_AT_K": 0.002242152466367713, "P_AT_K_positive": 0.0, "P_AT_K_negative": 0.0}], "P264": [{"MRR": 0.000423821434807469, "MRR_negative": 0.0, "MRR_positive": 0.0, "P_AT_1": 0.0, "P_AT_10": 0.0, "P_AT_K": 0.002331002331002331, "P_AT_K_positive": 0.0, "P_AT_K_negative": 0.0}], "P276": [{"MRR": 0.006484859548010686, "MRR_negative": 0.0, "MRR_positive": 0.0, "P_AT_1": 0.0010438413361169101, "P_AT_10": 0.011482254697286013, "P_AT_K": 0.0918580375782881, "P_AT_K_positive": 0.0, "P_AT_K_negative": 0.0}], "P937": [{"MRR": 0.025704735632755993, "MRR_negative": 0.0, "MRR_positive": 0.0, "P_AT_1": 0.0041928721174004195, "P_AT_10": 0.051362683438155136, "P_AT_K": 0.2610062893081761, "P_AT_K_positive": 0.0, "P_AT_K_negative": 0.0}], "P140": [{"MRR": 0.0001304180822004148, "MRR_negative": 0.0, "MRR_positive": 0.0, "P_AT_1": 0.0, "P_AT_10": 0.0, "P_AT_K": 0.006342494714587738, "P_AT_K_positive": 0.0, "P_AT_K_negative": 0.0}], "P1303": [{"MRR": 0.001775266118382479, "MRR_negative": 0.0, "MRR_positive": 0.0, "P_AT_1": 0.0, "P_AT_10": 0.002107481559536354, "P_AT_K": 0.03477344573234984, "P_AT_K_positive": 0.0, "P_AT_K_negative": 0.0}], "P127": [{"MRR": 0.002115550448744667, "MRR_negative": 0.0, "MRR_positive": 0.0, "P_AT_1": 0.0, "P_AT_10": 0.002911208151382824, "P_AT_K": 0.043668122270742356, "P_AT_K_positive": 0.0, "P_AT_K_negative": 0.0}], "P103": [{"MRR": 6.229192949799592e-05, "MRR_negative": 0.0, "MRR_positive": 0.0, "P_AT_1": 0.0, "P_AT_10": 0.0, "P_AT_K": 0.0, "P_AT_K_positive": 0.0, "P_AT_K_negative": 0.0}], "P190": [{"MRR": 4.4210072448549925e-05, "MRR_negative": 0.0, "MRR_positive": 0.0, "P_AT_1": 0.0, "P_AT_10": 0.0, "P_AT_K": 0.0010080645161290322, "P_AT_K_positive": 0.0, "P_AT_K_negative": 0.0}],