{"Google_RE": {"means": ["Mean P@1,10,k: 0.0015324720197545615, 0.01335365330922228, 0.10889519422884691"], "place_of_birth": [{"MRR": 0.0073401985135258686, "MRR_negative": 0.0, "MRR_positive": 0.0073401985135258686, "P_AT_1": 0.0006809669731018045, "P_AT_10": 0.012597889002383384, "P_AT_K": 0.09499489274770173, "P_AT_K_positive": 0.09499489274770173, "P_AT_K_negative": 0.0}], "date_of_birth": [{"MRR": 0.006190789259306676, "MRR_negative": 0.0, "MRR_positive": 0.006190789259306676, "P_AT_1": 0.0, "P_AT_10": 0.006575342465753425, "P_AT_K": 0.12986301369863013, "P_AT_K_positive": 0.12986301369863013, "P_AT_K_negative": 0.0}], "place_of_death": [{"MRR": 0.0076552154478735255, "MRR_negative": 0.0, "MRR_positive": 0.0076552154478735255, "P_AT_1": 0.0039164490861618795, "P_AT_10": 0.020887728459530026, "P_AT_K": 0.10182767624020887, "P_AT_K_positive": 0.10182767624020887, "P_AT_K_negative": 0.0}]}, "TREx": {"means": ["Mean P@1,10,k: 0.0022552660601034558, 0.02103961407327628, 0.08641445991548545"], "P19": [{"MRR": 0.009866037697186053, "MRR_negative": 0.0, "MRR_positive": 0.0, "P_AT_1": 0.0, "P_AT_10": 0.018008474576271187, "P_AT_K": 0.0836864406779661, "P_AT_K_positive": 0.0, "P_AT_K_negative": 0.0}], "P20": [{"MRR": 0.012601557145636764, "MRR_negative": 0.0, "MRR_positive": 0.0, "P_AT_1": 0.002098635886673662, "P_AT_10": 0.023084994753410283, "P_AT_K": 0.1353620146904512, "P_AT_K_positive": 0.0, "P_AT_K_negative": 0.0}], "P279": [{"MRR": 0.021575741112377474, "MRR_negative": 0.0, "MRR_positive": 0.0, "P_AT_1": 0.0031120331950207467, "P_AT_10": 0.04979253112033195, "P_AT_K": 0.14730290456431536, "P_AT_K_positive": 0.0, "P_AT_K_negative": 0.0}], "P37": [{"MRR": 0.00012009453080423338, "MRR_negative": 0.0, "MRR_positive": 0.0, "P_AT_1": 0.0, "P_AT_10": 0.0, "P_AT_K": 0.0010351966873706005, "P_AT_K_positive": 0.0, "P_AT_K_negative": 0.0}], "P413": [{"MRR": 9.253255968380846e-06, "MRR_negative": 0.0, "MRR_positive": 0.0, "P_AT_1": 0.0, "P_AT_10": 0.0, "P_AT_K": 0.0, "P_AT_K_positive": 0.0, "P_AT_K_negative": 0.0}], "P449": [{"MRR": 0.020754832158637774, "MRR_negative": 0.0, "MRR_positive": 0.0, "P_AT_1": 0.010227272727272727, "P_AT_10": 0.05227272727272727, "P_AT_K": 0.31136363636363634, "P_AT_K_positive": 0.0, "P_AT_K_negative": 0.0}], "P47": [{"MRR": 0.0017439234109747673, "MRR_negative": 0.0, "MRR_positive": 0.0, "P_AT_1": 0.002173913043478261, "P_AT_10": 0.003260869565217391, "P_AT_K": 0.043478260869565216, "P_AT_K_positive": 0.0, "P_AT_K_negative": 0.0}], "P138": [{"MRR": 0.0020803855906539716, "MRR_negative": 0.0, "MRR_positive": 0.0, "P_AT_1": 0.001557632398753894, "P_AT_10": 0.004672897196261682, "P_AT_K": 0.03426791277258567, "P_AT_K_positive": 0.0, "P_AT_K_negative": 0.0}], "P364": [{"MRR": 0.0002220482277501661, "MRR_negative": 0.0, "MRR_positive": 0.0, "P_AT_1": 0.0, "P_AT_10": 0.0, "P_AT_K": 0.002336448598130841, "P_AT_K_positive": 0.0, "P_AT_K_negative": 0.0}], "P463": [{"MRR": 5.227378912338566e-05, "MRR_negative": 0.0, "MRR_positive": 0.0, "P_AT_1": 0.0, "P_AT_10": 0.0, "P_AT_K": 0.0, "P_AT_K_positive": 0.0, "P_AT_K_negative": 0.0}], "P101": [{"MRR": 0.0018635270441314969, "MRR_negative": 0.0, "MRR_positive": 0.0, "P_AT_1": 0.0, "P_AT_10": 0.0028735632183908046, "P_AT_K": 0.028735632183908046, "P_AT_K_positive": 0.0, "P_AT_K_negative": 0.0}], "P106": [{"MRR": 9.424440461720141e-05, "MRR_negative": 0.0, "MRR_positive": 0.0, "P_AT_1": 0.0, "P_AT_10": 0.0, "P_AT_K": 0.0010438413361169101, "P_AT_K_positive": 0.0, "P_AT_K_negative": 0.0}], "P527": [{"MRR": 0.002811330850545723, "MRR_negative": 0.0, "MRR_positive": 0.0, "P_AT_1": 0.0010245901639344263, "P_AT_10": 0.006147540983606557, "P_AT_K": 0.045081967213114756, "P_AT_K_positive": 0.0, "P_AT_K_negative": 0.0}], "P530": [{"MRR": 0.007251687658723733, "MRR_negative": 0.0, "MRR_positive": 0.0, "P_AT_1": 0.0, "P_AT_10": 0.009036144578313253, "P_AT_K": 0.07530120481927711, "P_AT_K_positive": 0.0, "P_AT_K_negative": 0.0}], "P176": [{"MRR": 0.00016481974534072018, "MRR_negative": 0.0, "MRR_positive": 0.0, "P_AT_1": 0.0, "P_AT_10": 0.0, "P_AT_K": 0.003083247687564234, "P_AT_K_positive": 0.0, "P_AT_K_negative": 0.0}], "P27": [{"MRR": 0.0006879820662586194, "MRR_negative": 0.0, "MRR_positive": 0.0, "P_AT_1": 0.0, "P_AT_10": 0.0, "P_AT_K": 0.019668737060041408, "P_AT_K_positive": 0.0, "P_AT_K_negative": 0.0}], "P407": [{"MRR": 0.0019100286385712627, "MRR_negative": 0.0, "MRR_positive": 0.0, "P_AT_1": 0.0, "P_AT_10": 0.0, "P_AT_K": 0.009122006841505131, "P_AT_K_positive": 0.0, "P_AT_K_negative": 0.0}], "P30": [{"MRR": 0.03332525625874691, "MRR_negative": 0.0, "MRR_positive": 0.0, "P_AT_1": 0.024615384615384615, "P_AT_10": 0.09128205128205129, "P_AT_K": 0.15487179487179487, "P_AT_K_positive": 0.0, "P_AT_K_negative": 0.0}], "P178": [{"MRR": 0.0005450507706799719, "MRR_negative": 0.0, "MRR_positive": 0.0, "P_AT_1": 0.0, "P_AT_10": 0.0, "P_AT_K": 0.011844331641285956, "P_AT_K_positive": 0.0, "P_AT_K_negative": 0.0}], "P1376": [{"MRR": 0.009386273133271748, "MRR_negative": 0.0, "MRR_positive": 0.0, "P_AT_1": 0.004291845493562232, "P_AT_10": 0.034334763948497854, "P_AT_K": 0.10300429184549356, "P_AT_K_positive": 0.0, "P_AT_K_negative": 0.0}], "P131": [{"MRR": 0.009143618960684106, "MRR_negative": 0.0, "MRR_positive": 0.0, "P_AT_1": 0.0011350737797956867, "P_AT_10": 0.015891032917139614, "P_AT_K": 0.13166855845629966, "P_AT_K_positive": 0.0, "P_AT_K_negative": 0.0}], "P1412": [{"MRR": 0.0011211003084271825, "MRR_negative": 0.0, "MRR_positive": 0.0, "P_AT_1": 0.0, "P_AT_10": 0.0, "P_AT_K": 0.0020639834881320948, "P_AT_K_positive": 0.0, "P_AT_K_negative": 0.0}], "P108": [{"MRR": 0.0001644966814669807, "MRR_negative": 0.0, "MRR_positive": 0.0, "P_AT_1": 0.0, "P_AT_10": 0.0, "P_AT_K": 0.0, "P_AT_K_positive": 0.0, "P_AT_K_negative": 0.0}], "P136": [{"MRR": 0.020636905025100644, "MRR_negative": 0.0, "MRR_positive": 0.0, "P_AT_1": 0.0, "P_AT_10": 0.03759398496240601, "P_AT_K": 0.3791621911922664, "P_AT_K_positive": 0.0, "P_AT_K_negative": 0.0}], "P17": [{"MRR": 0.051245701163205204, "MRR_negative": 0.0, "MRR_positive": 0.0, "P_AT_1": 0.007526881720430108, "P_AT_10": 0.11935483870967742, "P_AT_K": 0.3655913978494624, "P_AT_K_positive": 0.0, "P_AT_K_negative": 0.0}], "P39": [{"MRR": 0.0002745718457739182, "MRR_negative": 0.0, "MRR_positive": 0.0, "P_AT_1": 0.0, "P_AT_10": 0.0, "P_AT_K": 0.0033632286995515697, "P_AT_K_positive": 0.0, "P_AT_K_negative": 0.0}], "P264": [{"MRR": 0.0001868000920177827, "MRR_negative": 0.0, "MRR_positive": 0.0, "P_AT_1": 0.0, "P_AT_10": 0.0, "P_AT_K": 0.002331002331002331, "P_AT_K_positive": 0.0, "P_AT_K_negative": 0.0}], "P276": [{"MRR": 0.008960458153279938, "MRR_negative": 0.0, "MRR_positive": 0.0, "P_AT_1": 0.0010438413361169101, "P_AT_10": 0.018789144050104383, "P_AT_K": 0.08768267223382047, "P_AT_K_positive": 0.0, "P_AT_K_negative": 0.0}], "P937": [{"MRR": 0.029957640529850855, "MRR_negative": 0.0, "MRR_positive": 0.0, "P_AT_1": 0.006289308176100629, "P_AT_10": 0.08280922431865828, "P_AT_K": 0.1970649895178197, "P_AT_K_positive": 0.0, "P_AT_K_negative": 0.0}], "P140": [{"MRR": 5.1779881538332206e-05, "MRR_negative": 0.0, "MRR_positive": 0.0, "P_AT_1": 0.0, "P_AT_10": 0.0, "P_AT_K": 0.0, "P_AT_K_positive": 0.0, "P_AT_K_negative": 0.0}], "P1303": [{"MRR": 0.000360997016779636, "MRR_negative": 0.0, "MRR_positive": 0.0, "P_AT_1": 0.0, "P_AT_10": 0.0, "P_AT_K": 0.006322444678609062, "P_AT_K_positive": 0.0, "P_AT_K_negative": 0.0}], "P127": [{"MRR": 0.0022689965212968526, "MRR_negative": 0.0, "MRR_positive": 0.0, "P_AT_1": 0.0, "P_AT_10": 0.002911208151382824, "P_AT_K": 0.039301310043668124, "P_AT_K_positive": 0.0, "P_AT_K_negative": 0.0}], "P103": [{"MRR": 7.162664436551394e-05, "MRR_negative": 0.0, "MRR_positive": 0.0, "P_AT_1": 0.0, "P_AT_10": 0.0, "P_AT_K": 0.0010235414534288639, "P_AT_K_positive": 0.0, "P_AT_K_negative": 0.0}], "P190": [{"MRR": 5.53050440854518e-05, "MRR_negative": 0.0, "MRR_positive": 0.0, "P_AT_1": 0.0, "P_AT_10": 0.0, "P_AT_K": 0.0010080645161290322,