{"Google_RE": {"means": ["Mean P@1,10,k: 0.006373680782773391, 0.06709587777024002, 0.36974067484040557"], "place_of_birth": [{"MRR": 0.04123402081654316, "MRR_negative": 0.0, "MRR_positive": 0.04123402081654316, "P_AT_1": 0.01191692202928158, "P_AT_10": 0.09601634320735444, "P_AT_K": 0.4204971058903643, "P_AT_K_positive": 0.4204971058903643, "P_AT_K_negative": 0.0}], "date_of_birth": [{"MRR": 0.03716256664674491, "MRR_negative": 0.0, "MRR_positive": 0.03716256664674491, "P_AT_1": 0.0032876712328767125, "P_AT_10": 0.08438356164383562, "P_AT_K": 0.5934246575342466, "P_AT_K_positive": 0.5934246575342466, "P_AT_K_negative": 0.0}], "place_of_death": [{"MRR": 0.010864191059427193, "MRR_negative": 0.0, "MRR_positive": 0.010864191059427193, "P_AT_1": 0.0039164490861618795, "P_AT_10": 0.020887728459530026, "P_AT_K": 0.09530026109660575, "P_AT_K_positive": 0.09530026109660575, "P_AT_K_negative": 0.0}]}, "TREx": {"means": ["Mean P@1,10,k: 0.030697025350595025, 0.1388365793665219, 0.41841928131143163"], "P19": [{"MRR": 0.04131985838373523, "MRR_negative": 0.0, "MRR_positive": 0.0, "P_AT_1": 0.01059322033898305, "P_AT_10": 0.10805084745762712, "P_AT_K": 0.4586864406779661, "P_AT_K_positive": 0.0, "P_AT_K_negative": 0.0}], "P20": [{"MRR": 0.02374480762060315, "MRR_negative": 0.0, "MRR_positive": 0.0, "P_AT_1": 0.002098635886673662, "P_AT_10": 0.053515215110178385, "P_AT_K": 0.23294858342077648, "P_AT_K_positive": 0.0, "P_AT_K_negative": 0.0}], "P279": [{"MRR": 0.061136800027757975, "MRR_negative": 0.0, "MRR_positive": 0.0, "P_AT_1": 0.004149377593360996, "P_AT_10": 0.15560165975103735, "P_AT_K": 0.31950207468879666, "P_AT_K_positive": 0.0, "P_AT_K_negative": 0.0}], "P37": [{"MRR": 0.023514932990150485, "MRR_negative": 0.0, "MRR_positive": 0.0, "P_AT_1": 0.0, "P_AT_10": 0.045548654244306416, "P_AT_K": 0.35093167701863354, "P_AT_K_positive": 0.0, "P_AT_K_negative": 0.0}], "P413": [{"MRR": 0.03335166882257295, "MRR_negative": 0.0, "MRR_positive": 0.0, "P_AT_1": 0.0031512605042016808, "P_AT_10": 0.07983193277310924, "P_AT_K": 0.5756302521008403, "P_AT_K_positive": 0.0, "P_AT_K_negative": 0.0}], "P449": [{"MRR": 0.19003492785359669, "MRR_negative": 0.0, "MRR_positive": 0.0, "P_AT_1": 0.23068181818181818, "P_AT_10": 0.6465909090909091, "P_AT_K": 0.8318181818181818, "P_AT_K_positive": 0.0, "P_AT_K_negative": 0.0}], "P47": [{"MRR": 0.057353497523844166, "MRR_negative": 0.0, "MRR_positive": 0.0, "P_AT_1": 0.01847826086956522, "P_AT_10": 0.1358695652173913, "P_AT_K": 0.47282608695652173, "P_AT_K_positive": 0.0, "P_AT_K_negative": 0.0}], "P138": [{"MRR": 0.01276523510392042, "MRR_negative": 0.0, "MRR_positive": 0.0, "P_AT_1": 0.001557632398753894, "P_AT_10": 0.024922118380062305, "P_AT_K": 0.16199376947040497, "P_AT_K_positive": 0.0, "P_AT_K_negative": 0.0}], "P364": [{"MRR": 0.010563022780445727, "MRR_negative": 0.0, "MRR_positive": 0.0, "P_AT_1": 0.0, "P_AT_10": 0.012850467289719626, "P_AT_K": 0.21728971962616822, "P_AT_K_positive": 0.0, "P_AT_K_negative": 0.0}], "P463": [{"MRR": 0.298343778077026, "MRR_negative": 0.0, "MRR_positive": 0.0, "P_AT_1": 0.08, "P_AT_10": 0.5377777777777778, "P_AT_K": 0.7066666666666667, "P_AT_K_positive": 0.0, "P_AT_K_negative": 0.0}], "P101": [{"MRR": 0.05434275348616136, "MRR_negative": 0.0, "MRR_positive": 0.0, "P_AT_1": 0.004310344827586207, "P_AT_10": 0.15229885057471265, "P_AT_K": 0.5617816091954023, "P_AT_K_positive": 0.0, "P_AT_K_negative": 0.0}], "P106": [{"MRR": 0.028258323376191524, "MRR_negative": 0.0, "MRR_positive": 0.0, "P_AT_1": 0.0010438413361169101, "P_AT_10": 0.055323590814196244, "P_AT_K": 0.5407098121085595, "P_AT_K_positive": 0.0, "P_AT_K_negative": 0.0}], "P527": [{"MRR": 0.04647784941149725, "MRR_negative": 0.0, "MRR_positive": 0.0, "P_AT_1": 0.01639344262295082, "P_AT_10": 0.11987704918032786, "P_AT_K": 0.4385245901639344, "P_AT_K_positive": 0.0, "P_AT_K_negative": 0.0}], "P530": [{"MRR": 0.0418440229459309, "MRR_negative": 0.0, "MRR_positive": 0.0, "P_AT_1": 0.008032128514056224, "P_AT_10": 0.08433734939759036, "P_AT_K": 0.7038152610441767, "P_AT_K_positive": 0.0, "P_AT_K_negative": 0.0}], "P176": [{"MRR": 0.06714568418848921, "MRR_negative": 0.0, "MRR_positive": 0.0, "P_AT_1": 0.02877697841726619, "P_AT_10": 0.18396711202466598, "P_AT_K": 0.499486125385406, "P_AT_K_positive": 0.0, "P_AT_K_negative": 0.0}], "P27": [{"MRR": 0.0019184784988016449, "MRR_negative": 0.0, "MRR_positive": 0.0, "P_AT_1": 0.0, "P_AT_10": 0.002070393374741201, "P_AT_K": 0.023809523809523808, "P_AT_K_positive": 0.0, "P_AT_K_negative": 0.0}], "P407": [{"MRR": 0.03762875831224897, "MRR_negative": 0.0, "MRR_positive": 0.0, "P_AT_1": 0.014823261117445839, "P_AT_10": 0.09692132269099202, "P_AT_K": 0.49486887115165334, "P_AT_K_positive": 0.0, "P_AT_K_negative": 0.0}], "P30": [{"MRR": 0.021238489997157144, "MRR_negative": 0.0, "MRR_positive": 0.0, "P_AT_1": 0.0010256410256410256, "P_AT_10": 0.0441025641025641, "P_AT_K": 0.26564102564102565, "P_AT_K_positive": 0.0, "P_AT_K_negative": 0.0}], "P178": [{"MRR": 0.12105882466423401, "MRR_negative": 0.0, "MRR_positive": 0.0, "P_AT_1": 0.3062605752961083, "P_AT_10": 0.5313028764805414, "P_AT_K": 0.676818950930626, "P_AT_K_positive": 0.0, "P_AT_K_negative": 0.0}], "P1376": [{"MRR": 0.058331189498661055, "MRR_negative": 0.0, "MRR_positive": 0.0, "P_AT_1": 0.012875536480686695, "P_AT_10": 0.16738197424892703, "P_AT_K": 0.5407725321888412, "P_AT_K_positive": 0.0, "P_AT_K_negative": 0.0}], "P131": [{"MRR": 0.0634844216927312, "MRR_negative": 0.0, "MRR_positive": 0.0, "P_AT_1": 0.011350737797956867, "P_AT_10": 0.16799091940976163, "P_AT_K": 0.5675368898978433, "P_AT_K_positive": 0.0, "P_AT_K_negative": 0.0}], "P1412": [{"MRR": 0.0206221286249876, "MRR_negative": 0.0, "MRR_positive": 0.0, "P_AT_1": 0.0020639834881320948, "P_AT_10": 0.03508771929824561, "P_AT_K": 0.3446852425180599, "P_AT_K_positive": 0.0, "P_AT_K_negative": 0.0}], "P108": [{"MRR": 0.008469696380521256, "MRR_negative": 0.0, "MRR_positive": 0.0, "P_AT_1": 0.0, "P_AT_10": 0.013054830287206266, "P_AT_K": 0.15926892950391644, "P_AT_K_positive": 0.0, "P_AT_K_negative": 0.0}], "P136": [{"MRR": 0.0190944864834137, "MRR_negative": 0.0, "MRR_positive": 0.0, "P_AT_1": 0.0010741138560687433, "P_AT_10": 0.024704618689581095, "P_AT_K": 0.49946294307196565, "P_AT_K_positive": 0.0, "P_AT_K_negative": 0.0}], "P17": [{"MRR": 0.042265599479363855, "MRR_negative": 0.0, "MRR_positive": 0.0, "P_AT_1": 0.005376344086021506, "P_AT_10": 0.10967741935483871, "P_AT_K": 0.567741935483871, "P_AT_K_positive": 0.0, "P_AT_K_negative": 0.0}], "P39": [{"MRR": 0.15440177703502586, "MRR_negative": 0.0, "MRR_positive": 0.0, "P_AT_1": 0.08520179372197309, "P_AT_10": 0.44170403587443946, "P_AT_K": 0.8352017937219731, "P_AT_K_positive": 0.0, "P_AT_K_negative": 0.0}], "P264": [{"MRR": 0.0721534068576734, "MRR_negative": 0.0, "MRR_positive": 0.0, "P_AT_1": 0.0675990675990676, "P_AT_10": 0.19347319347319347, "P_AT_K": 0.2564102564102564, "P_AT_K_positive": 0.0, "P_AT_K_negative": 0.0}], "P276": [{"MRR": 0.03866604460369677, "MRR_negative": 0.0, "MRR_positive": 0.0, "P_AT_1": 0.007306889352818371, "P_AT_10": 0.09812108559498957, "P_AT_K": 0.40501043841336115, "P_AT_K_positive": 0.0, "P_AT_K_negative": 0.0}], "P937": [{"MRR": 0.03701821571173769, "MRR_negative": 0.0, "MRR_positive": 0.0, "P_AT_1": 0.013626834381551363, "P_AT_10": 0.1090146750524109, "P_AT_K": 0.42452830188679247, "P_AT_K_positive": 0.0, "P_AT_K_negative": 0.0}], "P140": [{"MRR": 0.008752705988990965, "MRR_negative": 0.0, "MRR_positive": 0.0, "P_AT_1": 0.0021141649048625794, "P_AT_10": 0.004228329809725159, "P_AT_K": 0.20084566596194503, "P_AT_K_positive": 0.0, "P_AT_K_negative": 0.0}], "P1303": [{"MRR": 0.1428245250855426, "MRR_negative": 0.0, "MRR_positive": 0.0, "P_AT_1": 0.15806111696522657, "P_AT_10": 0.4246575342465753, "P_AT_K": 0.768177028451001, "P_AT_K_positive": 0.0, "P_AT_K_negative": 0.0}], "P127": [{"MRR": 0.052061242176208514, "MRR_negative": 0.0, "MRR_positive": 0.0, "P_AT_1": 0.021834061135371178,