{"Google_RE": {"means": ["Mean P@1,10,k: 0.0164944144645481, 0.12212315137960277, 0.4829193413061846"], "place_of_birth": [{"MRR": 0.06884366598146004, "MRR_negative": 0.0, "MRR_positive": 0.06884366598146004, "P_AT_1": 0.030643513789581207, "P_AT_10": 0.1906707524685053, "P_AT_K": 0.5277494041538985, "P_AT_K_positive": 0.5277494041538985, "P_AT_K_negative": 0.0}], "date_of_birth": [{"MRR": 0.06036699691001243, "MRR_negative": 0.0, "MRR_positive": 0.06036699691001243, "P_AT_1": 0.017534246575342465, "P_AT_10": 0.1495890410958904, "P_AT_K": 0.7747945205479452, "P_AT_K_positive": 0.7747945205479452, "P_AT_K_negative": 0.0}], "place_of_death": [{"MRR": 0.011307684107128783, "MRR_negative": 0.0, "MRR_positive": 0.011307684107128783, "P_AT_1": 0.0013054830287206266, "P_AT_10": 0.02610966057441253, "P_AT_K": 0.1462140992167102, "P_AT_K_positive": 0.1462140992167102, "P_AT_K_negative": 0.0}]}, "TREx": {"means": ["Mean P@1,10,k: 0.07974695890571727, 0.2868480457446264, 0.6022203689077106"], "P19": [{"MRR": 0.08213220058590327, "MRR_negative": 0.0, "MRR_positive": 0.0, "P_AT_1": 0.025423728813559324, "P_AT_10": 0.21822033898305085, "P_AT_K": 0.5413135593220338, "P_AT_K_positive": 0.0, "P_AT_K_negative": 0.0}], "P20": [{"MRR": 0.02311862794709206, "MRR_negative": 0.0, "MRR_positive": 0.0, "P_AT_1": 0.005246589716684155, "P_AT_10": 0.05141657922350472, "P_AT_K": 0.2969569779643232, "P_AT_K_positive": 0.0, "P_AT_K_negative": 0.0}], "P279": [{"MRR": 0.16087898095048106, "MRR_negative": 0.0, "MRR_positive": 0.0, "P_AT_1": 0.08817427385892117, "P_AT_10": 0.42323651452282157, "P_AT_K": 0.6172199170124482, "P_AT_K_positive": 0.0, "P_AT_K_negative": 0.0}], "P37": [{"MRR": 0.15347134697459286, "MRR_negative": 0.0, "MRR_positive": 0.0, "P_AT_1": 0.048654244306418216, "P_AT_10": 0.37991718426501037, "P_AT_K": 0.8260869565217391, "P_AT_K_positive": 0.0, "P_AT_K_negative": 0.0}], "P413": [{"MRR": 0.0654256069445587, "MRR_negative": 0.0, "MRR_positive": 0.0, "P_AT_1": 0.0031512605042016808, "P_AT_10": 0.18592436974789917, "P_AT_K": 0.759453781512605, "P_AT_K_positive": 0.0, "P_AT_K_negative": 0.0}], "P449": [{"MRR": 0.29976038047922776, "MRR_negative": 0.0, "MRR_positive": 0.0, "P_AT_1": 0.2988636363636364, "P_AT_10": 0.7534090909090909, "P_AT_K": 0.8795454545454545, "P_AT_K_positive": 0.0, "P_AT_K_negative": 0.0}], "P47": [{"MRR": 0.0657434469532835, "MRR_negative": 0.0, "MRR_positive": 0.0, "P_AT_1": 0.02826086956521739, "P_AT_10": 0.17608695652173914, "P_AT_K": 0.5402173913043479, "P_AT_K_positive": 0.0, "P_AT_K_negative": 0.0}], "P138": [{"MRR": 0.00992725936074768, "MRR_negative": 0.0, "MRR_positive": 0.0, "P_AT_1": 0.001557632398753894, "P_AT_10": 0.02336448598130841, "P_AT_K": 0.13239875389408098, "P_AT_K_positive": 0.0, "P_AT_K_negative": 0.0}], "P364": [{"MRR": 0.12101549843210911, "MRR_negative": 0.0, "MRR_positive": 0.0, "P_AT_1": 0.18574766355140188, "P_AT_10": 0.4497663551401869, "P_AT_K": 0.830607476635514, "P_AT_K_positive": 0.0, "P_AT_K_negative": 0.0}], "P463": [{"MRR": 0.11742412058109886, "MRR_negative": 0.0, "MRR_positive": 0.0, "P_AT_1": 0.52, "P_AT_10": 0.7377777777777778, "P_AT_K": 0.7688888888888888, "P_AT_K_positive": 0.0, "P_AT_K_negative": 0.0}], "P101": [{"MRR": 0.07946251650436661, "MRR_negative": 0.0, "MRR_positive": 0.0, "P_AT_1": 0.03879310344827586, "P_AT_10": 0.22126436781609196, "P_AT_K": 0.625, "P_AT_K_positive": 0.0, "P_AT_K_negative": 0.0}], "P106": [{"MRR": 0.03173152921796016, "MRR_negative": 0.0, "MRR_positive": 0.0, "P_AT_1": 0.009394572025052192, "P_AT_10": 0.0720250521920668, "P_AT_K": 0.534446764091858, "P_AT_K_positive": 0.0, "P_AT_K_negative": 0.0}], "P527": [{"MRR": 0.0410456567807257, "MRR_negative": 0.0, "MRR_positive": 0.0, "P_AT_1": 0.010245901639344262, "P_AT_10": 0.09836065573770492, "P_AT_K": 0.44979508196721313, "P_AT_K_positive": 0.0, "P_AT_K_negative": 0.0}], "P530": [{"MRR": 0.05065943499308007, "MRR_negative": 0.0, "MRR_positive": 0.0, "P_AT_1": 0.007028112449799197, "P_AT_10": 0.12048192771084337, "P_AT_K": 0.7831325301204819, "P_AT_K_positive": 0.0, "P_AT_K_negative": 0.0}], "P176": [{"MRR": 0.11920519112935697, "MRR_negative": 0.0, "MRR_positive": 0.0, "P_AT_1": 0.20863309352517986, "P_AT_10": 0.43782117163412126, "P_AT_K": 0.6742034943473793, "P_AT_K_positive": 0.0, "P_AT_K_negative": 0.0}], "P27": [{"MRR": 0.001993026545563188, "MRR_negative": 0.0, "MRR_positive": 0.0, "P_AT_1": 0.0, "P_AT_10": 0.0, "P_AT_K": 0.037267080745341616, "P_AT_K_positive": 0.0, "P_AT_K_negative": 0.0}], "P407": [{"MRR": 0.22525048649129328, "MRR_negative": 0.0, "MRR_positive": 0.0, "P_AT_1": 0.14709236031927023, "P_AT_10": 0.5598631698973774, "P_AT_K": 0.7833523375142531, "P_AT_K_positive": 0.0, "P_AT_K_negative": 0.0}], "P30": [{"MRR": 0.16235872917585764, "MRR_negative": 0.0, "MRR_positive": 0.0, "P_AT_1": 0.14974358974358976, "P_AT_10": 0.49435897435897436, "P_AT_K": 0.8984615384615384, "P_AT_K_positive": 0.0, "P_AT_K_negative": 0.0}], "P178": [{"MRR": 0.1826428244966651, "MRR_negative": 0.0, "MRR_positive": 0.0, "P_AT_1": 0.24027072758037224, "P_AT_10": 0.6006768189509306, "P_AT_K": 0.8494077834179357, "P_AT_K_positive": 0.0, "P_AT_K_negative": 0.0}], "P1376": [{"MRR": 0.14825138132050977, "MRR_negative": 0.0, "MRR_positive": 0.0, "P_AT_1": 0.11587982832618025, "P_AT_10": 0.38197424892703863, "P_AT_K": 0.6995708154506438, "P_AT_K_positive": 0.0, "P_AT_K_negative": 0.0}], "P131": [{"MRR": 0.10390585076333284, "MRR_negative": 0.0, "MRR_positive": 0.0, "P_AT_1": 0.07832009080590238, "P_AT_10": 0.2939841089670829, "P_AT_K": 0.6719636776390465, "P_AT_K_positive": 0.0, "P_AT_K_negative": 0.0}], "P1412": [{"MRR": 0.08751281299339184, "MRR_negative": 0.0, "MRR_positive": 0.0, "P_AT_1": 0.06501547987616099, "P_AT_10": 0.2848297213622291, "P_AT_K": 0.6480908152734778, "P_AT_K_positive": 0.0, "P_AT_K_negative": 0.0}], "P108": [{"MRR": 0.05757048930601871, "MRR_negative": 0.0, "MRR_positive": 0.0, "P_AT_1": 0.018276762402088774, "P_AT_10": 0.15926892950391644, "P_AT_K": 0.5613577023498695, "P_AT_K_positive": 0.0, "P_AT_K_negative": 0.0}], "P136": [{"MRR": 0.018972480639067292, "MRR_negative": 0.0, "MRR_positive": 0.0, "P_AT_1": 0.0, "P_AT_10": 0.00966702470461869, "P_AT_K": 0.5402792696025779, "P_AT_K_positive": 0.0, "P_AT_K_negative": 0.0}], "P17": [{"MRR": 0.10411045125097487, "MRR_negative": 0.0, "MRR_positive": 0.0, "P_AT_1": 0.04838709677419355, "P_AT_10": 0.26881720430107525, "P_AT_K": 0.6935483870967742, "P_AT_K_positive": 0.0, "P_AT_K_negative": 0.0}], "P39": [{"MRR": 0.08320658305070999, "MRR_negative": 0.0, "MRR_positive": 0.0, "P_AT_1": 0.04932735426008968, "P_AT_10": 0.24775784753363228, "P_AT_K": 0.8026905829596412, "P_AT_K_positive": 0.0, "P_AT_K_negative": 0.0}], "P264": [{"MRR": 0.04248961164278177, "MRR_negative": 0.0, "MRR_positive": 0.0, "P_AT_1": 0.15151515151515152, "P_AT_10": 0.2097902097902098, "P_AT_K": 0.38694638694638694, "P_AT_K_positive": 0.0, "P_AT_K_negative": 0.0}], "P276": [{"MRR": 0.09480924223120364, "MRR_negative": 0.0, "MRR_positive": 0.0, "P_AT_1": 0.04801670146137787, "P_AT_10": 0.24321503131524008, "P_AT_K": 0.5417536534446764, "P_AT_K_positive": 0.0, "P_AT_K_negative": 0.0}], "P937": [{"MRR": 0.08833387387359314, "MRR_negative": 0.0, "MRR_positive": 0.0, "P_AT_1": 0.11215932914046121, "P_AT_10": 0.3417190775681342, "P_AT_K": 0.6163522012578616, "P_AT_K_positive": 0.0, "P_AT_K_negative": 0.0}], "P140": [{"MRR": 0.13491649395506372, "MRR_negative": 0.0, "MRR_positive": 0.0, "P_AT_1": 0.006342494714587738, "P_AT_10": 0.3890063424947146, "P_AT_K": 0.9217758985200846, "P_AT_K_positive": 0.0, "P_AT_K_negative": 0.0}], "P1303": [{"MRR": 0.0828124707601895, "MRR_negative": 0.0, "MRR_positive": 0.0, "P_AT_1": 0.014752370916754479, "P_AT_10": 0.1970495258166491, "P_AT_K": 0.5205479452054794, "P_AT_K_positive": 0.0, "P_AT_K_negative": 0.0}], "P127": [{"MRR": 0.12491330786521287, "MRR_negative": 0.0, "MRR_positive": 0.0, "P_AT_1": 0.06404657933042213, "P_AT_10": 0.3071324599708879, "P_AT_K": 0.4992721979621543,