{"Google_RE": {"means": [], "place_of_birth": [{"MRR": 0.009380932445096763, "MRR_negative": 0.0, "MRR_positive": 0.009380932445096763, "P_AT_1": 0.004426285325161729, "P_AT_10": 0.021109976166155942, "P_AT_K": 0.10316649642492338, "P_AT_K_positive": 0.10316649642492338, "P_AT_K_negative": 0.0}], "date_of_birth": [{"MRR": 0.02039835518314563, "MRR_negative": 0.0, "MRR_positive": 0.02039835518314563, "P_AT_1": 0.0, "P_AT_10": 0.03287671232876712, "P_AT_K": 0.35342465753424657, "P_AT_K_positive": 0.35342465753424657, "P_AT_K_negative": 0.0}], "place_of_death": [{"MRR": 0.005592641663842977, "MRR_negative": 0.0, "MRR_positive": 0.005592641663842977, "P_AT_1": 0.0, "P_AT_10": 0.0039164490861618795, "P_AT_K": 0.09921671018276762, "P_AT_K_positive": 0.09921671018276762, "P_AT_K_negative": 0.0}]}, "TREx": {"means": [], "P19": [{"MRR": 0.01455902090013305, "MRR_negative": 0.0, "MRR_positive": 0.0, "P_AT_1": 0.005296610169491525, "P_AT_10": 0.029661016949152543, "P_AT_K": 0.1048728813559322, "P_AT_K_positive": 0.0, "P_AT_K_negative": 0.0}], "P20": [{"MRR": 0.00873020438931903, "MRR_negative": 0.0, "MRR_positive": 0.0, "P_AT_1": 0.0031479538300104933, "P_AT_10": 0.02098635886673662, "P_AT_K": 0.1353620146904512, "P_AT_K_positive": 0.0, "P_AT_K_negative": 0.0}], "P279": [{"MRR": 0.022836096217244355, "MRR_negative": 0.0, "MRR_positive": 0.0, "P_AT_1": 0.002074688796680498, "P_AT_10": 0.07261410788381743, "P_AT_K": 0.17946058091286307, "P_AT_K_positive": 0.0, "P_AT_K_negative": 0.0}], "P37": [{"MRR": 2.6377700579075328e-05, "MRR_negative": 0.0, "MRR_positive": 0.0, "P_AT_1": 0.0, "P_AT_10": 0.0, "P_AT_K": 0.0, "P_AT_K_positive": 0.0, "P_AT_K_negative": 0.0}], "P413": [{"MRR": 5.5388403608624263e-05, "MRR_negative": 0.0, "MRR_positive": 0.0, "P_AT_1": 0.0, "P_AT_10": 0.0, "P_AT_K": 0.0, "P_AT_K_positive": 0.0, "P_AT_K_negative": 0.0}], "P449": [{"MRR": 0.1568627741315896, "MRR_negative": 0.0, "MRR_positive": 0.0, "P_AT_1": 0.09204545454545454, "P_AT_10": 0.4102272727272727, "P_AT_K": 0.6227272727272727, "P_AT_K_positive": 0.0, "P_AT_K_negative": 0.0}], "P47": [{"MRR": 0.005514741003686951, "MRR_negative": 0.0, "MRR_positive": 0.0, "P_AT_1": 0.0, "P_AT_10": 0.013043478260869565, "P_AT_K": 0.08152173913043478, "P_AT_K_positive": 0.0, "P_AT_K_negative": 0.0}], "P138": [{"MRR": 0.004071824548812055, "MRR_negative": 0.0, "MRR_positive": 0.0, "P_AT_1": 0.001557632398753894, "P_AT_10": 0.00778816199376947, "P_AT_K": 0.0529595015576324, "P_AT_K_positive": 0.0, "P_AT_K_negative": 0.0}], "P364": [{"MRR": 7.514118936344576e-05, "MRR_negative": 0.0, "MRR_positive": 0.0, "P_AT_1": 0.0, "P_AT_10": 0.0, "P_AT_K": 0.0011682242990654205, "P_AT_K_positive": 0.0, "P_AT_K_negative": 0.0}], "P463": [{"MRR": 0.005616530051595173, "MRR_negative": 0.0, "MRR_positive": 0.0, "P_AT_1": 0.0, "P_AT_10": 0.013333333333333334, "P_AT_K": 0.09777777777777778, "P_AT_K_positive": 0.0, "P_AT_K_negative": 0.0}], "P101": [{"MRR": 0.0063720179843968746, "MRR_negative": 0.0, "MRR_positive": 0.0, "P_AT_1": 0.0, "P_AT_10": 0.008620689655172414, "P_AT_K": 0.14655172413793102, "P_AT_K_positive": 0.0, "P_AT_K_negative": 0.0}], "P106": [{"MRR": 0.005218482256754258, "MRR_negative": 0.0, "MRR_positive": 0.0, "P_AT_1": 0.0010438413361169101, "P_AT_10": 0.010438413361169102, "P_AT_K": 0.04697286012526096, "P_AT_K_positive": 0.0, "P_AT_K_negative": 0.0}], "P527": [{"MRR": 0.008828967220754368, "MRR_negative": 0.0, "MRR_positive": 0.0, "P_AT_1": 0.0010245901639344263, "P_AT_10": 0.014344262295081968, "P_AT_K": 0.10553278688524591, "P_AT_K_positive": 0.0, "P_AT_K_negative": 0.0}], "P530": [{"MRR": 0.008246807065872818, "MRR_negative": 0.0, "MRR_positive": 0.0, "P_AT_1": 0.002008032128514056, "P_AT_10": 0.009036144578313253, "P_AT_K": 0.14156626506024098, "P_AT_K_positive": 0.0, "P_AT_K_negative": 0.0}], "P176": [{"MRR": 0.002329428303618529, "MRR_negative": 0.0, "MRR_positive": 0.0, "P_AT_1": 0.0, "P_AT_10": 0.0051387461459403904, "P_AT_K": 0.02158273381294964, "P_AT_K_positive": 0.0, "P_AT_K_negative": 0.0}], "P27": [{"MRR": 5.718421542425789e-06, "MRR_negative": 0.0, "MRR_positive": 0.0, "P_AT_1": 0.0, "P_AT_10": 0.0, "P_AT_K": 0.0, "P_AT_K_positive": 0.0, "P_AT_K_negative": 0.0}], "P407": [{"MRR": 0.002859157615656999, "MRR_negative": 0.0, "MRR_positive": 0.0, "P_AT_1": 0.0, "P_AT_10": 0.0011402508551881414, "P_AT_K": 0.005701254275940707, "P_AT_K_positive": 0.0, "P_AT_K_negative": 0.0}], "P30": [{"MRR": 0.043189605181510674, "MRR_negative": 0.0, "MRR_positive": 0.0, "P_AT_1": 0.017435897435897435, "P_AT_10": 0.12, "P_AT_K": 0.24, "P_AT_K_positive": 0.0, "P_AT_K_negative": 0.0}], "P178": [{"MRR": 0.015565891054957346, "MRR_negative": 0.0, "MRR_positive": 0.0, "P_AT_1": 0.0, "P_AT_10": 0.0338409475465313, "P_AT_K": 0.20812182741116753, "P_AT_K_positive": 0.0, "P_AT_K_negative": 0.0}], "P1376": [{"MRR": 0.013407518516820208, "MRR_negative": 0.0, "MRR_positive": 0.0, "P_AT_1": 0.008583690987124463, "P_AT_10": 0.05150214592274678, "P_AT_K": 0.18025751072961374, "P_AT_K_positive": 0.0, "P_AT_K_negative": 0.0}], "P131": [{"MRR": 0.0270790179635222, "MRR_negative": 0.0, "MRR_positive": 0.0, "P_AT_1": 0.018161180476730987, "P_AT_10": 0.07037457434733257, "P_AT_K": 0.24858115777525538, "P_AT_K_positive": 0.0, "P_AT_K_negative": 0.0}], "P1412": [{"MRR": 0.0007859824887021291, "MRR_negative": 0.0, "MRR_positive": 0.0, "P_AT_1": 0.0, "P_AT_10": 0.0, "P_AT_K": 0.0030959752321981426, "P_AT_K_positive": 0.0, "P_AT_K_negative": 0.0}], "P108": [{"MRR": 0.0008415145685307864, "MRR_negative": 0.0, "MRR_positive": 0.0, "P_AT_1": 0.0, "P_AT_10": 0.0, "P_AT_K": 0.015665796344647518, "P_AT_K_positive": 0.0, "P_AT_K_negative": 0.0}], "P136": [{"MRR": 0.0030487994429041895, "MRR_negative": 0.0, "MRR_positive": 0.0, "P_AT_1": 0.0, "P_AT_10": 0.0, "P_AT_K": 0.055853920515574654, "P_AT_K_positive": 0.0, "P_AT_K_negative": 0.0}], "P17": [{"MRR": 0.0714877291149677, "MRR_negative": 0.0, "MRR_positive": 0.0, "P_AT_1": 0.016129032258064516, "P_AT_10": 0.17204301075268819, "P_AT_K": 0.4666666666666667, "P_AT_K_positive": 0.0, "P_AT_K_negative": 0.0}], "P39": [{"MRR": 0.0011060285023151112, "MRR_negative": 0.0, "MRR_positive": 0.0, "P_AT_1": 0.0011210762331838565, "P_AT_10": 0.0011210762331838565, "P_AT_K": 0.016816143497757848, "P_AT_K_positive": 0.0, "P_AT_K_negative": 0.0}], "P264": [{"MRR": 0.0002607629460784919, "MRR_negative": 0.0, "MRR_positive": 0.0, "P_AT_1": 0.0, "P_AT_10": 0.0, "P_AT_K": 0.004662004662004662, "P_AT_K_positive": 0.0, "P_AT_K_negative": 0.0}], "P276": [{"MRR": 0.01200378501282731, "MRR_negative": 0.0, "MRR_positive": 0.0, "P_AT_1": 0.006263048016701462, "P_AT_10": 0.027139874739039668, "P_AT_K": 0.13465553235908143, "P_AT_K_positive": 0.0, "P_AT_K_negative": 0.0}], "P937": [{"MRR": 0.04219928623313246, "MRR_negative": 0.0, "MRR_positive": 0.0, "P_AT_1": 0.041928721174004195, "P_AT_10": 0.12473794549266247, "P_AT_K": 0.2693920335429769, "P_AT_K_positive": 0.0, "P_AT_K_negative": 0.0}], "P140": [{"MRR": 0.0003988441540708031, "MRR_negative": 0.0, "MRR_positive": 0.0, "P_AT_1": 0.0, "P_AT_10": 0.0021141649048625794, "P_AT_K": 0.006342494714587738, "P_AT_K_positive": 0.0, "P_AT_K_negative": 0.0}], "P1303": [{"MRR": 0.0027580128987356165, "MRR_negative": 0.0, "MRR_positive": 0.0, "P_AT_1": 0.0, "P_AT_10": 0.002107481559536354, "P_AT_K": 0.0737618545837724, "P_AT_K_positive": 0.0, "P_AT_K_negative": 0.0}], "P127": [{"MRR": 0.009972198817743642, "MRR_negative": 0.0, "MRR_positive": 0.0, "P_AT_1": 0.001455604075691412, "P_AT_10": 0.026200873362445413, "P_AT_K": 0.15574963609898107, "P_AT_K_positive": 0.0, "P_AT_K_negative": 0.0}], "P103": [{"MRR": 7.707545925357943e-06, "MRR_negative": 0.0, "MRR_positive": 0.0, "P_AT_1": 0.0, "P_AT_10": 0.0, "P_AT_K": 0.0, "P_AT_K_positive": 0.0, "P_AT_K_negative": 0.0}], "P190": [{"MRR": 4.735737525943748e-05, "MRR_negative": 0.0, "MRR_positive": 0.0, "P_AT_1": 0.0, "P_AT_10": 0.0, "P_AT_K": 0.0, "P_AT_K_positive": 0.0, "P_AT_K_negative": 0.0}], "P1001": [{"MRR": 0.02037294505655663,