{"Google_RE": {"means": ["Mean P@1,10,k: 0.006191032380946906, 0.04293532016531706, 0.20713017779666335"], "place_of_birth": [{"MRR": 0.0281019894071487, "MRR_negative": 0.0, "MRR_positive": 0.0281019894071487, "P_AT_1": 0.01191692202928158, "P_AT_10": 0.0759278175008512, "P_AT_K": 0.1790943139257746, "P_AT_K_positive": 0.1790943139257746, "P_AT_K_negative": 0.0}], "date_of_birth": [{"MRR": 0.01684498205586182, "MRR_negative": 0.0, "MRR_positive": 0.01684498205586182, "P_AT_1": 0.0027397260273972603, "P_AT_10": 0.030684931506849315, "P_AT_K": 0.3221917808219178, "P_AT_K_positive": 0.3221917808219178, "P_AT_K_negative": 0.0}], "place_of_death": [{"MRR": 0.012624422743523262, "MRR_negative": 0.0, "MRR_positive": 0.012624422743523262, "P_AT_1": 0.0039164490861618795, "P_AT_10": 0.022193211488250653, "P_AT_K": 0.12010443864229765, "P_AT_K_positive": 0.12010443864229765, "P_AT_K_negative": 0.0}]}, "TREx": {"means": ["Mean P@1,10,k: 0.011666008505017823, 0.06584154306777444, 0.2060887033662732"], "P19": [{"MRR": 0.029629309504155384, "MRR_negative": 0.0, "MRR_positive": 0.0, "P_AT_1": 0.00423728813559322, "P_AT_10": 0.07097457627118645, "P_AT_K": 0.1705508474576271, "P_AT_K_positive": 0.0, "P_AT_K_negative": 0.0}], "P20": [{"MRR": 0.019481075638929167, "MRR_negative": 0.0, "MRR_positive": 0.0, "P_AT_1": 0.008394543546694649, "P_AT_10": 0.04512067156348373, "P_AT_K": 0.18992654774396642, "P_AT_K_positive": 0.0, "P_AT_K_negative": 0.0}], "P279": [{"MRR": 0.02607149657140266, "MRR_negative": 0.0, "MRR_positive": 0.0, "P_AT_1": 0.004149377593360996, "P_AT_10": 0.07468879668049792, "P_AT_K": 0.20643153526970953, "P_AT_K_positive": 0.0, "P_AT_K_negative": 0.0}], "P37": [{"MRR": 0.000940034900660731, "MRR_negative": 0.0, "MRR_positive": 0.0, "P_AT_1": 0.0, "P_AT_10": 0.0010351966873706005, "P_AT_K": 0.008281573498964804, "P_AT_K_positive": 0.0, "P_AT_K_negative": 0.0}], "P413": [{"MRR": 7.736112780090592e-05, "MRR_negative": 0.0, "MRR_positive": 0.0, "P_AT_1": 0.0, "P_AT_10": 0.0, "P_AT_K": 0.0, "P_AT_K_positive": 0.0, "P_AT_K_negative": 0.0}], "P449": [{"MRR": 0.10342671021696641, "MRR_negative": 0.0, "MRR_positive": 0.0, "P_AT_1": 0.27386363636363636, "P_AT_10": 0.4863636363636364, "P_AT_K": 0.6670454545454545, "P_AT_K_positive": 0.0, "P_AT_K_negative": 0.0}], "P47": [{"MRR": 0.009634258481175719, "MRR_negative": 0.0, "MRR_positive": 0.0, "P_AT_1": 0.003260869565217391, "P_AT_10": 0.02282608695652174, "P_AT_K": 0.10108695652173913, "P_AT_K_positive": 0.0, "P_AT_K_negative": 0.0}], "P138": [{"MRR": 0.003094479887245939, "MRR_negative": 0.0, "MRR_positive": 0.0, "P_AT_1": 0.001557632398753894, "P_AT_10": 0.009345794392523364, "P_AT_K": 0.048286604361370715, "P_AT_K_positive": 0.0, "P_AT_K_negative": 0.0}], "P364": [{"MRR": 0.0004975756568174027, "MRR_negative": 0.0, "MRR_positive": 0.0, "P_AT_1": 0.0, "P_AT_10": 0.0, "P_AT_K": 0.007009345794392523, "P_AT_K_positive": 0.0, "P_AT_K_negative": 0.0}], "P463": [{"MRR": 0.008586132778930947, "MRR_negative": 0.0, "MRR_positive": 0.0, "P_AT_1": 0.0, "P_AT_10": 0.0044444444444444444, "P_AT_K": 0.3288888888888889, "P_AT_K_positive": 0.0, "P_AT_K_negative": 0.0}], "P101": [{"MRR": 0.022642178787177062, "MRR_negative": 0.0, "MRR_positive": 0.0, "P_AT_1": 0.017241379310344827, "P_AT_10": 0.06321839080459771, "P_AT_K": 0.23132183908045978, "P_AT_K_positive": 0.0, "P_AT_K_negative": 0.0}], "P106": [{"MRR": 0.016097277080882436, "MRR_negative": 0.0, "MRR_positive": 0.0, "P_AT_1": 0.0, "P_AT_10": 0.027139874739039668, "P_AT_K": 0.36430062630480164, "P_AT_K_positive": 0.0, "P_AT_K_negative": 0.0}], "P527": [{"MRR": 0.006783080546580595, "MRR_negative": 0.0, "MRR_positive": 0.0, "P_AT_1": 0.0, "P_AT_10": 0.009221311475409836, "P_AT_K": 0.10860655737704918, "P_AT_K_positive": 0.0, "P_AT_K_negative": 0.0}], "P530": [{"MRR": 0.022297308586401162, "MRR_negative": 0.0, "MRR_positive": 0.0, "P_AT_1": 0.0050200803212851405, "P_AT_10": 0.04919678714859438, "P_AT_K": 0.3534136546184739, "P_AT_K_positive": 0.0, "P_AT_K_negative": 0.0}], "P176": [{"MRR": 0.007543313585311404, "MRR_negative": 0.0, "MRR_positive": 0.0, "P_AT_1": 0.0010277492291880781, "P_AT_10": 0.02158273381294964, "P_AT_K": 0.0565262076053443, "P_AT_K_positive": 0.0, "P_AT_K_negative": 0.0}], "P27": [{"MRR": 0.0001256066927082373, "MRR_negative": 0.0, "MRR_positive": 0.0, "P_AT_1": 0.0, "P_AT_10": 0.0, "P_AT_K": 0.0, "P_AT_K_positive": 0.0, "P_AT_K_negative": 0.0}], "P407": [{"MRR": 0.09742859731718133, "MRR_negative": 0.0, "MRR_positive": 0.0, "P_AT_1": 0.059293044469783354, "P_AT_10": 0.2782212086659065, "P_AT_K": 0.4903078677309008, "P_AT_K_positive": 0.0, "P_AT_K_negative": 0.0}], "P30": [{"MRR": 0.011494104146191236, "MRR_negative": 0.0, "MRR_positive": 0.0, "P_AT_1": 0.0, "P_AT_10": 0.02564102564102564, "P_AT_K": 0.2246153846153846, "P_AT_K_positive": 0.0, "P_AT_K_negative": 0.0}], "P178": [{"MRR": 0.11964393783956621, "MRR_negative": 0.0, "MRR_positive": 0.0, "P_AT_1": 0.01353637901861252, "P_AT_10": 0.32825719120135366, "P_AT_K": 0.48392554991539766, "P_AT_K_positive": 0.0, "P_AT_K_negative": 0.0}], "P1376": [{"MRR": 0.03439986058914267, "MRR_negative": 0.0, "MRR_positive": 0.0, "P_AT_1": 0.004291845493562232, "P_AT_10": 0.06866952789699571, "P_AT_K": 0.2317596566523605, "P_AT_K_positive": 0.0, "P_AT_K_negative": 0.0}], "P131": [{"MRR": 0.04119975432702278, "MRR_negative": 0.0, "MRR_positive": 0.0, "P_AT_1": 0.0056753688989784334, "P_AT_10": 0.09761634506242906, "P_AT_K": 0.3496027241770715, "P_AT_K_positive": 0.0, "P_AT_K_negative": 0.0}], "P1412": [{"MRR": 0.05224463036897281, "MRR_negative": 0.0, "MRR_positive": 0.0, "P_AT_1": 0.0, "P_AT_10": 0.15995872033023736, "P_AT_K": 0.36945304437564497, "P_AT_K_positive": 0.0, "P_AT_K_negative": 0.0}], "P108": [{"MRR": 0.0015164531978457433, "MRR_negative": 0.0, "MRR_positive": 0.0, "P_AT_1": 0.0, "P_AT_10": 0.0, "P_AT_K": 0.031331592689295036, "P_AT_K_positive": 0.0, "P_AT_K_negative": 0.0}], "P136": [{"MRR": 0.002894928317012715, "MRR_negative": 0.0, "MRR_positive": 0.0, "P_AT_1": 0.0, "P_AT_10": 0.0, "P_AT_K": 0.04296455424274973, "P_AT_K_positive": 0.0, "P_AT_K_negative": 0.0}], "P17": [{"MRR": 0.06109070492950506, "MRR_negative": 0.0, "MRR_positive": 0.0, "P_AT_1": 0.005376344086021506, "P_AT_10": 0.14086021505376345, "P_AT_K": 0.5440860215053763, "P_AT_K_positive": 0.0, "P_AT_K_negative": 0.0}], "P39": [{"MRR": 0.0007780130181785644, "MRR_negative": 0.0, "MRR_positive": 0.0, "P_AT_1": 0.0, "P_AT_10": 0.0011210762331838565, "P_AT_K": 0.0033632286995515697, "P_AT_K_positive": 0.0, "P_AT_K_negative": 0.0}], "P264": [{"MRR": 0.006483777011241049, "MRR_negative": 0.0, "MRR_positive": 0.0, "P_AT_1": 0.0, "P_AT_10": 0.004662004662004662, "P_AT_K": 0.14918414918414918, "P_AT_K_positive": 0.0, "P_AT_K_negative": 0.0}], "P276": [{"MRR": 0.022922052884076904, "MRR_negative": 0.0, "MRR_positive": 0.0, "P_AT_1": 0.005219206680584551, "P_AT_10": 0.05323590814196242, "P_AT_K": 0.2139874739039666, "P_AT_K_positive": 0.0, "P_AT_K_negative": 0.0}], "P937": [{"MRR": 0.07307305351634508, "MRR_negative": 0.0, "MRR_positive": 0.0, "P_AT_1": 0.0031446540880503146, "P_AT_10": 0.15723270440251572, "P_AT_K": 0.3165618448637317, "P_AT_K_positive": 0.0, "P_AT_K_negative": 0.0}], "P140": [{"MRR": 0.0022065589921323025, "MRR_negative": 0.0, "MRR_positive": 0.0, "P_AT_1": 0.0, "P_AT_10": 0.006342494714587738, "P_AT_K": 0.008456659619450317, "P_AT_K_positive": 0.0, "P_AT_K_negative": 0.0}], "P1303": [{"MRR": 0.019177348239898206, "MRR_negative": 0.0, "MRR_positive": 0.0, "P_AT_1": 0.004214963119072708, "P_AT_10": 0.045310853530031614, "P_AT_K": 0.23814541622760801, "P_AT_K_positive": 0.0, "P_AT_K_negative": 0.0}], "P127": [{"MRR": 0.031078004894946082, "MRR_negative": 0.0, "MRR_positive": 0.0, "P_AT_1": 0.004366812227074236, "P_AT_10": 0.07714701601164484, "P_AT_K": 0.264919941775837, "P_AT_K_positive": 0.0, "P_AT_K_negative": 0.0}], "P103": [{"MRR": 0.0008451176730811715, "MRR_negative": 0.0, "MRR_positive": 0.0, "P_AT_1": 0.0,