{"Google_RE": {"means": ["Mean P@1,10,k: 0.004387941080562017, 0.04327182056703333, 0.18700974324609412"], "place_of_birth": [{"MRR": 0.02909188722351429, "MRR_negative": 0.0, "MRR_positive": 0.02909188722351429, "P_AT_1": 0.010214504596527068, "P_AT_10": 0.07218249914879128, "P_AT_K": 0.1804562478719782, "P_AT_K_positive": 0.1804562478719782, "P_AT_K_negative": 0.0}], "date_of_birth": [{"MRR": 0.015353890167861135, "MRR_negative": 0.0, "MRR_positive": 0.015353890167861135, "P_AT_1": 0.0016438356164383563, "P_AT_10": 0.0263013698630137, "P_AT_K": 0.2421917808219178, "P_AT_K_positive": 0.2421917808219178, "P_AT_K_negative": 0.0}], "place_of_death": [{"MRR": 0.013998298755660171, "MRR_negative": 0.0, "MRR_positive": 0.013998298755660171, "P_AT_1": 0.0013054830287206266, "P_AT_10": 0.031331592689295036, "P_AT_K": 0.13838120104438642, "P_AT_K_positive": 0.13838120104438642, "P_AT_K_negative": 0.0}]}, "TREx": {"means": ["Mean P@1,10,k: 0.010799556640295556, 0.05838436838335773, 0.1908198778897472"], "P19": [{"MRR": 0.02511577711170436, "MRR_negative": 0.0, "MRR_positive": 0.0, "P_AT_1": 0.007415254237288136, "P_AT_10": 0.0646186440677966, "P_AT_K": 0.15995762711864406, "P_AT_K_positive": 0.0, "P_AT_K_negative": 0.0}], "P20": [{"MRR": 0.02592427061547928, "MRR_negative": 0.0, "MRR_positive": 0.0, "P_AT_1": 0.012591815320041973, "P_AT_10": 0.07030430220356768, "P_AT_K": 0.2161594963273872, "P_AT_K_positive": 0.0, "P_AT_K_negative": 0.0}], "P279": [{"MRR": 0.03453188081853308, "MRR_negative": 0.0, "MRR_positive": 0.0, "P_AT_1": 0.006224066390041493, "P_AT_10": 0.08713692946058091, "P_AT_K": 0.21473029045643152, "P_AT_K_positive": 0.0, "P_AT_K_negative": 0.0}], "P37": [{"MRR": 0.0008959860697489512, "MRR_negative": 0.0, "MRR_positive": 0.0, "P_AT_1": 0.0, "P_AT_10": 0.0, "P_AT_K": 0.015527950310559006, "P_AT_K_positive": 0.0, "P_AT_K_negative": 0.0}], "P413": [{"MRR": 2.82875871598771e-05, "MRR_negative": 0.0, "MRR_positive": 0.0, "P_AT_1": 0.0, "P_AT_10": 0.0, "P_AT_K": 0.0, "P_AT_K_positive": 0.0, "P_AT_K_negative": 0.0}], "P449": [{"MRR": 0.07728673333677753, "MRR_negative": 0.0, "MRR_positive": 0.0, "P_AT_1": 0.22840909090909092, "P_AT_10": 0.3352272727272727, "P_AT_K": 0.6352272727272728, "P_AT_K_positive": 0.0, "P_AT_K_negative": 0.0}], "P47": [{"MRR": 0.009686038039522546, "MRR_negative": 0.0, "MRR_positive": 0.0, "P_AT_1": 0.0010869565217391304, "P_AT_10": 0.025, "P_AT_K": 0.11739130434782609, "P_AT_K_positive": 0.0, "P_AT_K_negative": 0.0}], "P138": [{"MRR": 0.008874872922947332, "MRR_negative": 0.0, "MRR_positive": 0.0, "P_AT_1": 0.001557632398753894, "P_AT_10": 0.01557632398753894, "P_AT_K": 0.08255451713395638, "P_AT_K_positive": 0.0, "P_AT_K_negative": 0.0}], "P364": [{"MRR": 0.0006611426210446403, "MRR_negative": 0.0, "MRR_positive": 0.0, "P_AT_1": 0.0, "P_AT_10": 0.0, "P_AT_K": 0.005841121495327103, "P_AT_K_positive": 0.0, "P_AT_K_negative": 0.0}], "P463": [{"MRR": 0.014675756792689931, "MRR_negative": 0.0, "MRR_positive": 0.0, "P_AT_1": 0.0, "P_AT_10": 0.008888888888888889, "P_AT_K": 0.4444444444444444, "P_AT_K_positive": 0.0, "P_AT_K_negative": 0.0}], "P101": [{"MRR": 0.006855303985133116, "MRR_negative": 0.0, "MRR_positive": 0.0, "P_AT_1": 0.0, "P_AT_10": 0.008620689655172414, "P_AT_K": 0.1235632183908046, "P_AT_K_positive": 0.0, "P_AT_K_negative": 0.0}], "P106": [{"MRR": 0.008258673032566373, "MRR_negative": 0.0, "MRR_positive": 0.0, "P_AT_1": 0.0, "P_AT_10": 0.015657620041753653, "P_AT_K": 0.18580375782881003, "P_AT_K_positive": 0.0, "P_AT_K_negative": 0.0}], "P527": [{"MRR": 0.005437664539112287, "MRR_negative": 0.0, "MRR_positive": 0.0, "P_AT_1": 0.0, "P_AT_10": 0.00819672131147541, "P_AT_K": 0.10860655737704918, "P_AT_K_positive": 0.0, "P_AT_K_negative": 0.0}], "P530": [{"MRR": 0.02745889124724444, "MRR_negative": 0.0, "MRR_positive": 0.0, "P_AT_1": 0.006024096385542169, "P_AT_10": 0.071285140562249, "P_AT_K": 0.3614457831325301, "P_AT_K_positive": 0.0, "P_AT_K_negative": 0.0}], "P176": [{"MRR": 0.0023894259655332407, "MRR_negative": 0.0, "MRR_positive": 0.0, "P_AT_1": 0.0010277492291880781, "P_AT_10": 0.0051387461459403904, "P_AT_K": 0.03802672147995889, "P_AT_K_positive": 0.0, "P_AT_K_negative": 0.0}], "P27": [{"MRR": 0.00032502723421157416, "MRR_negative": 0.0, "MRR_positive": 0.0, "P_AT_1": 0.0, "P_AT_10": 0.0, "P_AT_K": 0.003105590062111801, "P_AT_K_positive": 0.0, "P_AT_K_negative": 0.0}], "P407": [{"MRR": 0.02816584415796339, "MRR_negative": 0.0, "MRR_positive": 0.0, "P_AT_1": 0.0011402508551881414, "P_AT_10": 0.06385404789053592, "P_AT_K": 0.3774230330672748, "P_AT_K_positive": 0.0, "P_AT_K_negative": 0.0}], "P30": [{"MRR": 0.040148993300513934, "MRR_negative": 0.0, "MRR_positive": 0.0, "P_AT_1": 0.0, "P_AT_10": 0.13948717948717948, "P_AT_K": 0.25333333333333335, "P_AT_K_positive": 0.0, "P_AT_K_negative": 0.0}], "P178": [{"MRR": 0.052510793708848286, "MRR_negative": 0.0, "MRR_positive": 0.0, "P_AT_1": 0.008460236886632826, "P_AT_10": 0.13874788494077833, "P_AT_K": 0.3840947546531303, "P_AT_K_positive": 0.0, "P_AT_K_negative": 0.0}], "P1376": [{"MRR": 0.027271358274244945, "MRR_negative": 0.0, "MRR_positive": 0.0, "P_AT_1": 0.004291845493562232, "P_AT_10": 0.07725321888412018, "P_AT_K": 0.22746781115879827, "P_AT_K_positive": 0.0, "P_AT_K_negative": 0.0}], "P131": [{"MRR": 0.0441541546949699, "MRR_negative": 0.0, "MRR_positive": 0.0, "P_AT_1": 0.00681044267877412, "P_AT_10": 0.10329171396140749, "P_AT_K": 0.30192962542565266, "P_AT_K_positive": 0.0, "P_AT_K_negative": 0.0}], "P1412": [{"MRR": 0.019688218598731044, "MRR_negative": 0.0, "MRR_positive": 0.0, "P_AT_1": 0.0, "P_AT_10": 0.04437564499484004, "P_AT_K": 0.2476780185758514, "P_AT_K_positive": 0.0, "P_AT_K_negative": 0.0}], "P108": [{"MRR": 0.000819619861236457, "MRR_negative": 0.0, "MRR_positive": 0.0, "P_AT_1": 0.0, "P_AT_10": 0.0026109660574412533, "P_AT_K": 0.007832898172323759, "P_AT_K_positive": 0.0, "P_AT_K_negative": 0.0}], "P136": [{"MRR": 0.002373387498275872, "MRR_negative": 0.0, "MRR_positive": 0.0, "P_AT_1": 0.0, "P_AT_10": 0.0, "P_AT_K": 0.02040816326530612, "P_AT_K_positive": 0.0, "P_AT_K_negative": 0.0}], "P17": [{"MRR": 0.11944147015017759, "MRR_negative": 0.0, "MRR_positive": 0.0, "P_AT_1": 0.060215053763440864, "P_AT_10": 0.2806451612903226, "P_AT_K": 0.5870967741935483, "P_AT_K_positive": 0.0, "P_AT_K_negative": 0.0}], "P39": [{"MRR": 0.002051922998777512, "MRR_negative": 0.0, "MRR_positive": 0.0, "P_AT_1": 0.0, "P_AT_10": 0.002242152466367713, "P_AT_K": 0.028026905829596414, "P_AT_K_positive": 0.0, "P_AT_K_negative": 0.0}], "P264": [{"MRR": 0.0025971663327821284, "MRR_negative": 0.0, "MRR_positive": 0.0, "P_AT_1": 0.0, "P_AT_10": 0.002331002331002331, "P_AT_K": 0.05128205128205128, "P_AT_K_positive": 0.0, "P_AT_K_negative": 0.0}], "P276": [{"MRR": 0.027147896481993533, "MRR_negative": 0.0, "MRR_positive": 0.0, "P_AT_1": 0.006263048016701462, "P_AT_10": 0.0709812108559499, "P_AT_K": 0.21085594989561587, "P_AT_K_positive": 0.0, "P_AT_K_negative": 0.0}], "P937": [{"MRR": 0.08235465593172799, "MRR_negative": 0.0, "MRR_positive": 0.0, "P_AT_1": 0.020964360587002098, "P_AT_10": 0.20964360587002095, "P_AT_K": 0.319706498951782, "P_AT_K_positive": 0.0, "P_AT_K_negative": 0.0}], "P140": [{"MRR": 0.0005135250647368601, "MRR_negative": 0.0, "MRR_positive": 0.0, "P_AT_1": 0.0, "P_AT_10": 0.0021141649048625794, "P_AT_K": 0.006342494714587738, "P_AT_K_positive": 0.0, "P_AT_K_negative": 0.0}], "P1303": [{"MRR": 0.006814712076722343, "MRR_negative": 0.0, "MRR_positive": 0.0, "P_AT_1": 0.0, "P_AT_10": 0.005268703898840885, "P_AT_K": 0.15806111696522657, "P_AT_K_positive": 0.0, "P_AT_K_negative": 0.0}], "P127": [{"MRR": 0.03256847009850021, "MRR_negative": 0.0, "MRR_positive": 0.0, "P_AT_1": 0.00727802037845706, "P_AT_10": 0.08442503639010189, "P_AT_K": 0.23726346433770015, "P_AT_K_positive": 0.0, "P_AT_K_negative": 0.0}], "P103": [{"MRR": 0.00035118177438145636, "MRR_negative": 0.0, "MRR_positive": 0.0, "P_AT_1": 0.0, "P_AT_10": 0.0, "P_AT_K": 0.006141248720573183,