{
    "Google_RE": {
        "means": [
            "Mean P@1,10,k: 0.014401769271978499, 0.10423962347479569, 0.4555766018247718"
        ],
        "place_of_birth": [
            {
                "MRR": 0.05648786291921838,
                "MRR_negative": 0.0,
                "MRR_positive": 0.05648786291921838,
                "P_AT_1": 0.018386108273748723,
                "P_AT_10": 0.13959822948586995,
                "P_AT_K": 0.46884576098059244,
                "P_AT_K_positive": 0.46884576098059244,
                "P_AT_K_negative": 0.0
            }
        ],
        "date_of_birth": [
            {
                "MRR": 0.05726694054484917,
                "MRR_negative": 0.0,
                "MRR_positive": 0.05726694054484917,
                "P_AT_1": 0.016986301369863014,
                "P_AT_10": 0.13917808219178082,
                "P_AT_K": 0.7216438356164384,
                "P_AT_K_positive": 0.7216438356164384,
                "P_AT_K_negative": 0.0
            }
        ],
        "place_of_death": [
            {
                "MRR": 0.016707909189844352,
                "MRR_negative": 0.0,
                "MRR_positive": 0.016707909189844352,
                "P_AT_1": 0.007832898172323759,
                "P_AT_10": 0.033942558746736295,
                "P_AT_K": 0.1762402088772846,
                "P_AT_K_positive": 0.1762402088772846,
                "P_AT_K_negative": 0.0
            }
        ]
    },
    "TREx": {
        "means": [
            "Mean P@1,10,k: 0.04994656166399406, 0.19095505438331883, 0.5179313473153907"
        ],
        "P19": [
            {
                "MRR": 0.06394032242830867,
                "MRR_negative": 0.0,
                "MRR_positive": 0.0,
                "P_AT_1": 0.03072033898305085,
                "P_AT_10": 0.1684322033898305,
                "P_AT_K": 0.4777542372881356,
                "P_AT_K_positive": 0.0,
                "P_AT_K_negative": 0.0
            }
        ],
        "P20": [
            {
                "MRR": 0.02432862810222121,
                "MRR_negative": 0.0,
                "MRR_positive": 0.0,
                "P_AT_1": 0.002098635886673662,
                "P_AT_10": 0.04512067156348373,
                "P_AT_K": 0.304302203567681,
                "P_AT_K_positive": 0.0,
                "P_AT_K_negative": 0.0
            }
        ],
        "P279": [
            {
                "MRR": 0.09042153662952387,
                "MRR_negative": 0.0,
                "MRR_positive": 0.0,
                "P_AT_1": 0.03941908713692946,
                "P_AT_10": 0.21265560165975103,
                "P_AT_K": 0.34854771784232363,
                "P_AT_K_positive": 0.0,
                "P_AT_K_negative": 0.0
            }
        ],
        "P37": [
            {
                "MRR": 0.1573484690347941,
                "MRR_negative": 0.0,
                "MRR_positive": 0.0,
                "P_AT_1": 0.041407867494824016,
                "P_AT_10": 0.3302277432712215,
                "P_AT_K": 0.6821946169772257,
                "P_AT_K_positive": 0.0,
                "P_AT_K_negative": 0.0
            }
        ],
        "P413": [
            {
                "MRR": 0.04904430173648415,
                "MRR_negative": 0.0,
                "MRR_positive": 0.0,
                "P_AT_1": 0.0021008403361344537,
                "P_AT_10": 0.10294117647058823,
                "P_AT_K": 0.7090336134453782,
                "P_AT_K_positive": 0.0,
                "P_AT_K_negative": 0.0
            }
        ],
        "P449": [
            {
                "MRR": 0.3076558867853897,
                "MRR_negative": 0.0,
                "MRR_positive": 0.0,
                "P_AT_1": 0.3034090909090909,
                "P_AT_10": 0.7386363636363636,
                "P_AT_K": 0.865909090909091,
                "P_AT_K_positive": 0.0,
                "P_AT_K_negative": 0.0
            }
        ],
        "P47": [
            {
                "MRR": 0.03942216409079102,
                "MRR_negative": 0.0,
                "MRR_positive": 0.0,
                "P_AT_1": 0.011956521739130435,
                "P_AT_10": 0.09782608695652174,
                "P_AT_K": 0.39021739130434785,
                "P_AT_K_positive": 0.0,
                "P_AT_K_negative": 0.0
            }
        ],
        "P138": [
            {
                "MRR": 0.00187867103523892,
                "MRR_negative": 0.0,
                "MRR_positive": 0.0,
                "P_AT_1": 0.0,
                "P_AT_10": 0.001557632398753894,
                "P_AT_K": 0.045171339563862926,
                "P_AT_K_positive": 0.0,
                "P_AT_K_negative": 0.0
            }
        ],
        "P364": [
            {
                "MRR": 0.11826304164355424,
                "MRR_negative": 0.0,
                "MRR_positive": 0.0,
                "P_AT_1": 0.1261682242990654,
                "P_AT_10": 0.36682242990654207,
                "P_AT_K": 0.6950934579439252,
                "P_AT_K_positive": 0.0,
                "P_AT_K_negative": 0.0
            }
        ],
        "P463": [
            {
                "MRR": 0.09232111342193645,
                "MRR_negative": 0.0,
                "MRR_positive": 0.0,
                "P_AT_1": 0.47555555555555556,
                "P_AT_10": 0.6622222222222223,
                "P_AT_K": 0.7511111111111111,
                "P_AT_K_positive": 0.0,
                "P_AT_K_negative": 0.0
            }
        ],
        "P101": [
            {
                "MRR": 0.0758405521082186,
                "MRR_negative": 0.0,
                "MRR_positive": 0.0,
                "P_AT_1": 0.034482758620689655,
                "P_AT_10": 0.23850574712643677,
                "P_AT_K": 0.6910919540229885,
                "P_AT_K_positive": 0.0,
                "P_AT_K_negative": 0.0
            }
        ],
        "P106": [
            {
                "MRR": 0.02551968455986618,
                "MRR_negative": 0.0,
                "MRR_positive": 0.0,
                "P_AT_1": 0.005219206680584551,
                "P_AT_10": 0.04697286012526096,
                "P_AT_K": 0.5970772442588727,
                "P_AT_K_positive": 0.0,
                "P_AT_K_negative": 0.0
            }
        ],
        "P527": [
            {
                "MRR": 0.02072680870992788,
                "MRR_negative": 0.0,
                "MRR_positive": 0.0,
                "P_AT_1": 0.0030737704918032786,
                "P_AT_10": 0.042008196721311473,
                "P_AT_K": 0.3155737704918033,
                "P_AT_K_positive": 0.0,
                "P_AT_K_negative": 0.0
            }
        ],
        "P530": [
            {
                "MRR": 0.05433650397689224,
                "MRR_negative": 0.0,
                "MRR_positive": 0.0,
                "P_AT_1": 0.010040160642570281,
                "P_AT_10": 0.14357429718875503,
                "P_AT_K": 0.751004016064257,
                "P_AT_K_positive": 0.0,
                "P_AT_K_negative": 0.0
            }
        ],
        "P176": [
            {
                "MRR": 0.03941292331345467,
                "MRR_negative": 0.0,
                "MRR_positive": 0.0,
                "P_AT_1": 0.017471736896197326,
                "P_AT_10": 0.1223021582733813,
                "P_AT_K": 0.35868448098663924,
                "P_AT_K_positive": 0.0,
                "P_AT_K_negative": 0.0
            }
        ],
        "P27": [
            {
                "MRR": 0.003841271325829173,
                "MRR_negative": 0.0,
                "MRR_positive": 0.0,
                "P_AT_1": 0.0,
                "P_AT_10": 0.0,
                "P_AT_K": 0.10144927536231885,
                "P_AT_K_positive": 0.0,
                "P_AT_K_negative": 0.0
            }
        ],
        "P407": [
            {
                "MRR": 0.1114416524509756,
                "MRR_negative": 0.0,