{"Google_RE": {"means": ["Mean P@1,10,k: 0.006297109932634021, 0.06617064307189215, 0.33877000844853855"], "place_of_birth": [{"MRR": 0.039850301520483, "MRR_negative": 0.0, "MRR_positive": 0.039850301520483, "P_AT_1": 0.013959822948586994, "P_AT_10": 0.10078311201906708, "P_AT_K": 0.3129043241402792, "P_AT_K_positive": 0.3129043241402792, "P_AT_K_negative": 0.0}], "date_of_birth": [{"MRR": 0.043388703645932725, "MRR_negative": 0.0, "MRR_positive": 0.043388703645932725, "P_AT_1": 0.004931506849315068, "P_AT_10": 0.07945205479452055, "P_AT_K": 0.6224657534246575, "P_AT_K_positive": 0.6224657534246575, "P_AT_K_negative": 0.0}], "place_of_death": [{"MRR": 0.008595816606088708, "MRR_negative": 0.0, "MRR_positive": 0.008595816606088708, "P_AT_1": 0.0, "P_AT_10": 0.018276762402088774, "P_AT_K": 0.08093994778067885, "P_AT_K_positive": 0.08093994778067885, "P_AT_K_negative": 0.0}]}, "TREx": {"means": ["Mean P@1,10,k: 0.02345768875642447, 0.13128752366501517, 0.38078368847098143"], "P19": [{"MRR": 0.046280709695778355, "MRR_negative": 0.0, "MRR_positive": 0.0, "P_AT_1": 0.019067796610169493, "P_AT_10": 0.125, "P_AT_K": 0.3421610169491525, "P_AT_K_positive": 0.0, "P_AT_K_negative": 0.0}], "P20": [{"MRR": 0.015070769362288697, "MRR_negative": 0.0, "MRR_positive": 0.0, "P_AT_1": 0.001049317943336831, "P_AT_10": 0.030430220356768102, "P_AT_K": 0.15424973767051417, "P_AT_K_positive": 0.0, "P_AT_K_negative": 0.0}], "P279": [{"MRR": 0.02846663207600009, "MRR_negative": 0.0, "MRR_positive": 0.0, "P_AT_1": 0.006224066390041493, "P_AT_10": 0.08298755186721991, "P_AT_K": 0.2645228215767635, "P_AT_K_positive": 0.0, "P_AT_K_negative": 0.0}], "P37": [{"MRR": 0.011168108205716148, "MRR_negative": 0.0, "MRR_positive": 0.0, "P_AT_1": 0.0, "P_AT_10": 0.023809523809523808, "P_AT_K": 0.18426501035196688, "P_AT_K_positive": 0.0, "P_AT_K_negative": 0.0}], "P413": [{"MRR": 0.006559963777889592, "MRR_negative": 0.0, "MRR_positive": 0.0, "P_AT_1": 0.0, "P_AT_10": 0.0, "P_AT_K": 0.18907563025210083, "P_AT_K_positive": 0.0, "P_AT_K_negative": 0.0}], "P449": [{"MRR": 0.09490015910312335, "MRR_negative": 0.0, "MRR_positive": 0.0, "P_AT_1": 0.32272727272727275, "P_AT_10": 0.6397727272727273, "P_AT_K": 0.8352272727272727, "P_AT_K_positive": 0.0, "P_AT_K_negative": 0.0}], "P47": [{"MRR": 0.040010410794661874, "MRR_negative": 0.0, "MRR_positive": 0.0, "P_AT_1": 0.008695652173913044, "P_AT_10": 0.09347826086956522, "P_AT_K": 0.391304347826087, "P_AT_K_positive": 0.0, "P_AT_K_negative": 0.0}], "P138": [{"MRR": 0.004673093315997131, "MRR_negative": 0.0, "MRR_positive": 0.0, "P_AT_1": 0.004672897196261682, "P_AT_10": 0.012461059190031152, "P_AT_K": 0.08566978193146417, "P_AT_K_positive": 0.0, "P_AT_K_negative": 0.0}], "P364": [{"MRR": 0.009463701300678223, "MRR_negative": 0.0, "MRR_positive": 0.0, "P_AT_1": 0.0011682242990654205, "P_AT_10": 0.016355140186915886, "P_AT_K": 0.13434579439252337, "P_AT_K_positive": 0.0, "P_AT_K_negative": 0.0}], "P463": [{"MRR": 0.10735692192223556, "MRR_negative": 0.0, "MRR_positive": 0.0, "P_AT_1": 0.06666666666666667, "P_AT_10": 0.39555555555555555, "P_AT_K": 0.6044444444444445, "P_AT_K_positive": 0.0, "P_AT_K_negative": 0.0}], "P101": [{"MRR": 0.0603851578261665, "MRR_negative": 0.0, "MRR_positive": 0.0, "P_AT_1": 0.005747126436781609, "P_AT_10": 0.1939655172413793, "P_AT_K": 0.5244252873563219, "P_AT_K_positive": 0.0, "P_AT_K_negative": 0.0}], "P106": [{"MRR": 0.059680562608658214, "MRR_negative": 0.0, "MRR_positive": 0.0, "P_AT_1": 0.018789144050104383, "P_AT_10": 0.15866388308977036, "P_AT_K": 0.7108559498956158, "P_AT_K_positive": 0.0, "P_AT_K_negative": 0.0}], "P527": [{"MRR": 0.03812580110269687, "MRR_negative": 0.0, "MRR_positive": 0.0, "P_AT_1": 0.007172131147540984, "P_AT_10": 0.08196721311475409, "P_AT_K": 0.3944672131147541, "P_AT_K_positive": 0.0, "P_AT_K_negative": 0.0}], "P530": [{"MRR": 0.05891061569998252, "MRR_negative": 0.0, "MRR_positive": 0.0, "P_AT_1": 0.01104417670682731, "P_AT_10": 0.142570281124498, "P_AT_K": 0.7218875502008032, "P_AT_K_positive": 0.0, "P_AT_K_negative": 0.0}], "P176": [{"MRR": 0.04162906300314821, "MRR_negative": 0.0, "MRR_positive": 0.0, "P_AT_1": 0.011305241521068859, "P_AT_10": 0.10277492291880781, "P_AT_K": 0.3895169578622816, "P_AT_K_positive": 0.0, "P_AT_K_negative": 0.0}], "P27": [{"MRR": 0.000102765849079313, "MRR_negative": 0.0, "MRR_positive": 0.0, "P_AT_1": 0.0, "P_AT_10": 0.0, "P_AT_K": 0.003105590062111801, "P_AT_K_positive": 0.0, "P_AT_K_negative": 0.0}], "P407": [{"MRR": 0.012176962723688785, "MRR_negative": 0.0, "MRR_positive": 0.0, "P_AT_1": 0.0011402508551881414, "P_AT_10": 0.02280501710376283, "P_AT_K": 0.17445838084378562, "P_AT_K_positive": 0.0, "P_AT_K_negative": 0.0}], "P30": [{"MRR": 0.014989152169745447, "MRR_negative": 0.0, "MRR_positive": 0.0, "P_AT_1": 0.0010256410256410256, "P_AT_10": 0.017435897435897435, "P_AT_K": 0.28, "P_AT_K_positive": 0.0, "P_AT_K_negative": 0.0}], "P178": [{"MRR": 0.12234939375837409, "MRR_negative": 0.0, "MRR_positive": 0.0, "P_AT_1": 0.008460236886632826, "P_AT_10": 0.4653130287648054, "P_AT_K": 0.7055837563451777, "P_AT_K_positive": 0.0, "P_AT_K_negative": 0.0}], "P1376": [{"MRR": 0.04134406415112341, "MRR_negative": 0.0, "MRR_positive": 0.0, "P_AT_1": 0.017167381974248927, "P_AT_10": 0.14163090128755365, "P_AT_K": 0.4034334763948498, "P_AT_K_positive": 0.0, "P_AT_K_negative": 0.0}], "P131": [{"MRR": 0.0520713447580696, "MRR_negative": 0.0, "MRR_positive": 0.0, "P_AT_1": 0.0170261066969353, "P_AT_10": 0.13280363223609534, "P_AT_K": 0.5107832009080591, "P_AT_K_positive": 0.0, "P_AT_K_negative": 0.0}], "P1412": [{"MRR": 0.05378652447148275, "MRR_negative": 0.0, "MRR_positive": 0.0, "P_AT_1": 0.0041279669762641896, "P_AT_10": 0.13312693498452013, "P_AT_K": 0.5892672858617131, "P_AT_K_positive": 0.0, "P_AT_K_negative": 0.0}], "P108": [{"MRR": 0.008068721683794137, "MRR_negative": 0.0, "MRR_positive": 0.0, "P_AT_1": 0.0026109660574412533, "P_AT_10": 0.015665796344647518, "P_AT_K": 0.1409921671018277, "P_AT_K_positive": 0.0, "P_AT_K_negative": 0.0}], "P136": [{"MRR": 0.0395064323485103, "MRR_negative": 0.0, "MRR_positive": 0.0, "P_AT_1": 0.0010741138560687433, "P_AT_10": 0.10204081632653061, "P_AT_K": 0.5939849624060151, "P_AT_K_positive": 0.0, "P_AT_K_negative": 0.0}], "P17": [{"MRR": 0.09481223234537162, "MRR_negative": 0.0, "MRR_positive": 0.0, "P_AT_1": 0.03118279569892473, "P_AT_10": 0.24731182795698925, "P_AT_K": 0.6795698924731183, "P_AT_K_positive": 0.0, "P_AT_K_negative": 0.0}], "P39": [{"MRR": 0.1359523005562478, "MRR_negative": 0.0, "MRR_positive": 0.0, "P_AT_1": 0.04820627802690583, "P_AT_10": 0.3834080717488789, "P_AT_K": 0.7903587443946188, "P_AT_K_positive": 0.0, "P_AT_K_negative": 0.0}], "P264": [{"MRR": 0.03988520087158916, "MRR_negative": 0.0, "MRR_positive": 0.0, "P_AT_1": 0.013986013986013986, "P_AT_10": 0.0979020979020979, "P_AT_K": 0.19813519813519814, "P_AT_K_positive": 0.0, "P_AT_K_negative": 0.0}], "P276": [{"MRR": 0.03863956355427976, "MRR_negative": 0.0, "MRR_positive": 0.0, "P_AT_1": 0.010438413361169102, "P_AT_10": 0.08977035490605428, "P_AT_K": 0.3705636743215031, "P_AT_K_positive": 0.0, "P_AT_K_negative": 0.0}], "P937": [{"MRR": 0.06823443585519914, "MRR_negative": 0.0, "MRR_positive": 0.0, "P_AT_1": 0.040880503144654086, "P_AT_10": 0.18238993710691823, "P_AT_K": 0.429769392033543, "P_AT_K_positive": 0.0, "P_AT_K_negative": 0.0}], "P140": [{"MRR": 0.018318258429824326, "MRR_negative": 0.0, "MRR_positive": 0.0, "P_AT_1": 0.0021141649048625794, "P_AT_10": 0.012684989429175475, "P_AT_K": 0.5179704016913319, "P_AT_K_positive": 0.0, "P_AT_K_negative": 0.0}], "P1303": [{"MRR": 0.07708028445144381, "MRR_negative": 0.0, "MRR_positive": 0.0, "P_AT_1": 0.04847207586933614, "P_AT_10": 0.21390937829293993, "P_AT_K": 0.38672286617492097, "P_AT_K_positive": 0.0, "P_AT_K_negative": 0.0}], "P127": [{"MRR": 0.06072073394963627, "MRR_negative": 0.0, "MRR_positive": 0.0, "P_AT_1": 0.011644832605531296, "P_AT_10": 0.15574963609898107,