{"Google_RE": {"means": ["Mean P@1,10,k: 0.012333741087851742, 0.06896004290277848, 0.26298959025434515"], "place_of_birth": [{"MRR": 0.04639815435661274, "MRR_negative": 0.0, "MRR_positive": 0.04639815435661274, "P_AT_1": 0.018386108273748723, "P_AT_10": 0.11167858358869595, "P_AT_K": 0.25978890023833845, "P_AT_K_positive": 0.25978890023833845, "P_AT_K_negative": 0.0}], "date_of_birth": [{"MRR": 0.020265202163727486, "MRR_negative": 0.0, "MRR_positive": 0.020265202163727486, "P_AT_1": 0.0016438356164383563, "P_AT_10": 0.03123287671232877, "P_AT_K": 0.37643835616438354, "P_AT_K_positive": 0.37643835616438354, "P_AT_K_negative": 0.0}], "place_of_death": [{"MRR": 0.021709995582769235, "MRR_negative": 0.0, "MRR_positive": 0.021709995582769235, "P_AT_1": 0.016971279373368148, "P_AT_10": 0.0639686684073107, "P_AT_K": 0.15274151436031333, "P_AT_K_positive": 0.15274151436031333, "P_AT_K_negative": 0.0}]}, "TREx": {"means": ["Mean P@1,10,k: 0.024626894605816546, 0.10137464149927315, 0.26640082076279786"], "P19": [{"MRR": 0.05811046095042898, "MRR_negative": 0.0, "MRR_positive": 0.0, "P_AT_1": 0.007415254237288136, "P_AT_10": 0.13029661016949154, "P_AT_K": 0.2786016949152542, "P_AT_K_positive": 0.0, "P_AT_K_negative": 0.0}], "P20": [{"MRR": 0.05238716505744308, "MRR_negative": 0.0, "MRR_positive": 0.0, "P_AT_1": 0.03777544596012592, "P_AT_10": 0.13955928646379853, "P_AT_K": 0.28961175236096537, "P_AT_K_positive": 0.0, "P_AT_K_negative": 0.0}], "P279": [{"MRR": 0.0302686330295927, "MRR_negative": 0.0, "MRR_positive": 0.0, "P_AT_1": 0.002074688796680498, "P_AT_10": 0.09854771784232365, "P_AT_K": 0.23651452282157676, "P_AT_K_positive": 0.0, "P_AT_K_negative": 0.0}], "P37": [{"MRR": 0.0013276108379996951, "MRR_negative": 0.0, "MRR_positive": 0.0, "P_AT_1": 0.0, "P_AT_10": 0.0, "P_AT_K": 0.016563146997929608, "P_AT_K_positive": 0.0, "P_AT_K_negative": 0.0}], "P413": [{"MRR": 0.00021193136042544847, "MRR_negative": 0.0, "MRR_positive": 0.0, "P_AT_1": 0.0, "P_AT_10": 0.0, "P_AT_K": 0.0, "P_AT_K_positive": 0.0, "P_AT_K_negative": 0.0}], "P449": [{"MRR": 0.12022100623159984, "MRR_negative": 0.0, "MRR_positive": 0.0, "P_AT_1": 0.31477272727272726, "P_AT_10": 0.6204545454545455, "P_AT_K": 0.7284090909090909, "P_AT_K_positive": 0.0, "P_AT_K_negative": 0.0}], "P47": [{"MRR": 0.022916569684322402, "MRR_negative": 0.0, "MRR_positive": 0.0, "P_AT_1": 0.005434782608695652, "P_AT_10": 0.051086956521739134, "P_AT_K": 0.1956521739130435, "P_AT_K_positive": 0.0, "P_AT_K_negative": 0.0}], "P138": [{"MRR": 0.0075701660415208195, "MRR_negative": 0.0, "MRR_positive": 0.0, "P_AT_1": 0.004672897196261682, "P_AT_10": 0.021806853582554516, "P_AT_K": 0.0763239875389408, "P_AT_K_positive": 0.0, "P_AT_K_negative": 0.0}], "P364": [{"MRR": 0.001634836189473135, "MRR_negative": 0.0, "MRR_positive": 0.0, "P_AT_1": 0.0, "P_AT_10": 0.0011682242990654205, "P_AT_K": 0.016355140186915886, "P_AT_K_positive": 0.0, "P_AT_K_negative": 0.0}], "P463": [{"MRR": 0.021741458169468177, "MRR_negative": 0.0, "MRR_positive": 0.0, "P_AT_1": 0.0, "P_AT_10": 0.04, "P_AT_K": 0.4577777777777778, "P_AT_K_positive": 0.0, "P_AT_K_negative": 0.0}], "P101": [{"MRR": 0.023656541324373455, "MRR_negative": 0.0, "MRR_positive": 0.0, "P_AT_1": 0.004310344827586207, "P_AT_10": 0.05459770114942529, "P_AT_K": 0.2974137931034483, "P_AT_K_positive": 0.0, "P_AT_K_negative": 0.0}], "P106": [{"MRR": 0.010841064042868869, "MRR_negative": 0.0, "MRR_positive": 0.0, "P_AT_1": 0.0, "P_AT_10": 0.008350730688935281, "P_AT_K": 0.3058455114822547, "P_AT_K_positive": 0.0, "P_AT_K_negative": 0.0}], "P527": [{"MRR": 0.008742736398716523, "MRR_negative": 0.0, "MRR_positive": 0.0, "P_AT_1": 0.0030737704918032786, "P_AT_10": 0.020491803278688523, "P_AT_K": 0.15778688524590165, "P_AT_K_positive": 0.0, "P_AT_K_negative": 0.0}], "P530": [{"MRR": 0.03135361293843646, "MRR_negative": 0.0, "MRR_positive": 0.0, "P_AT_1": 0.01606425702811245, "P_AT_10": 0.0853413654618474, "P_AT_K": 0.4738955823293173, "P_AT_K_positive": 0.0, "P_AT_K_negative": 0.0}], "P176": [{"MRR": 0.011517007189272203, "MRR_negative": 0.0, "MRR_positive": 0.0, "P_AT_1": 0.0, "P_AT_10": 0.030832476875642344, "P_AT_K": 0.08119218910585817, "P_AT_K_positive": 0.0, "P_AT_K_negative": 0.0}], "P27": [{"MRR": 8.070407575690686e-05, "MRR_negative": 0.0, "MRR_positive": 0.0, "P_AT_1": 0.0, "P_AT_10": 0.0, "P_AT_K": 0.0010351966873706005, "P_AT_K_positive": 0.0, "P_AT_K_negative": 0.0}], "P407": [{"MRR": 0.13718298271286936, "MRR_negative": 0.0, "MRR_positive": 0.0, "P_AT_1": 0.15051311288483465, "P_AT_10": 0.4218928164196123, "P_AT_K": 0.6750285062713797, "P_AT_K_positive": 0.0, "P_AT_K_negative": 0.0}], "P30": [{"MRR": 0.004102713804482885, "MRR_negative": 0.0, "MRR_positive": 0.0, "P_AT_1": 0.0, "P_AT_10": 0.005128205128205128, "P_AT_K": 0.11076923076923077, "P_AT_K_positive": 0.0, "P_AT_K_negative": 0.0}], "P178": [{"MRR": 0.1891120318925184, "MRR_negative": 0.0, "MRR_positive": 0.0, "P_AT_1": 0.021996615905245348, "P_AT_10": 0.3333333333333333, "P_AT_K": 0.4856175972927242, "P_AT_K_positive": 0.0, "P_AT_K_negative": 0.0}], "P1376": [{"MRR": 0.03340959722594109, "MRR_negative": 0.0, "MRR_positive": 0.0, "P_AT_1": 0.02575107296137339, "P_AT_10": 0.10300429184549356, "P_AT_K": 0.33476394849785407, "P_AT_K_positive": 0.0, "P_AT_K_negative": 0.0}], "P131": [{"MRR": 0.05585569883640915, "MRR_negative": 0.0, "MRR_positive": 0.0, "P_AT_1": 0.0011350737797956867, "P_AT_10": 0.13280363223609534, "P_AT_K": 0.46651532349602726, "P_AT_K_positive": 0.0, "P_AT_K_negative": 0.0}], "P1412": [{"MRR": 0.11376204829656567, "MRR_negative": 0.0, "MRR_positive": 0.0, "P_AT_1": 0.03199174406604747, "P_AT_10": 0.2724458204334365, "P_AT_K": 0.5727554179566563, "P_AT_K_positive": 0.0, "P_AT_K_negative": 0.0}], "P108": [{"MRR": 0.008352434727036838, "MRR_negative": 0.0, "MRR_positive": 0.0, "P_AT_1": 0.0, "P_AT_10": 0.010443864229765013, "P_AT_K": 0.21148825065274152, "P_AT_K_positive": 0.0, "P_AT_K_negative": 0.0}], "P136": [{"MRR": 0.005298812313398854, "MRR_negative": 0.0, "MRR_positive": 0.0, "P_AT_1": 0.0, "P_AT_10": 0.004296455424274973, "P_AT_K": 0.14070891514500536, "P_AT_K_positive": 0.0, "P_AT_K_negative": 0.0}], "P17": [{"MRR": 0.06316554561570087, "MRR_negative": 0.0, "MRR_positive": 0.0, "P_AT_1": 0.016129032258064516, "P_AT_10": 0.18387096774193548, "P_AT_K": 0.5505376344086022, "P_AT_K_positive": 0.0, "P_AT_K_negative": 0.0}], "P39": [{"MRR": 0.018750139741336058, "MRR_negative": 0.0, "MRR_positive": 0.0, "P_AT_1": 0.0033632286995515697, "P_AT_10": 0.04596412556053812, "P_AT_K": 0.2914798206278027, "P_AT_K_positive": 0.0, "P_AT_K_negative": 0.0}], "P264": [{"MRR": 0.0027871737639186575, "MRR_negative": 0.0, "MRR_positive": 0.0, "P_AT_1": 0.0, "P_AT_10": 0.0, "P_AT_K": 0.06293706293706294, "P_AT_K_positive": 0.0, "P_AT_K_negative": 0.0}], "P276": [{"MRR": 0.032567057986677715, "MRR_negative": 0.0, "MRR_positive": 0.0, "P_AT_1": 0.010438413361169102, "P_AT_10": 0.06784968684759916, "P_AT_K": 0.3235908141962422, "P_AT_K_positive": 0.0, "P_AT_K_negative": 0.0}], "P937": [{"MRR": 0.12187901773479802, "MRR_negative": 0.0, "MRR_positive": 0.0, "P_AT_1": 0.05870020964360587, "P_AT_10": 0.2746331236897275, "P_AT_K": 0.480083857442348, "P_AT_K_positive": 0.0, "P_AT_K_negative": 0.0}], "P140": [{"MRR": 0.0010246516347878819, "MRR_negative": 0.0, "MRR_positive": 0.0, "P_AT_1": 0.0, "P_AT_10": 0.004228329809725159, "P_AT_K": 0.006342494714587738, "P_AT_K_positive": 0.0, "P_AT_K_negative": 0.0}], "P1303": [{"MRR": 0.058823381178358225, "MRR_negative": 0.0, "MRR_positive": 0.0, "P_AT_1": 0.07481559536354057, "P_AT_10": 0.1917808219178082, "P_AT_K": 0.3066385669125395, "P_AT_K_positive": 0.0, "P_AT_K_negative": 0.0}], "P127": [{"MRR": 0.029690431038359787, "MRR_negative": 0.0, "MRR_positive": 0.0, "P_AT_1": 0.008733624454148471, "P_AT_10": 0.07714701601164484, "P_AT_K": 0.2561863173216885, "P_AT_K_positive": 0.0, "P_AT_K_negative": 0.0}], "P103": [{"MRR": 0.0013684175159567739, "MRR_negative": 0.0,