{"Google_RE": {"means": ["Mean P@1,10,k: 0.010277426880108737, 0.07058454755577066, 0.2457117179979509"], "place_of_birth": [{"MRR": 0.03904480253510319, "MRR_negative": 0.0, "MRR_positive": 0.03904480253510319, "P_AT_1": 0.01634320735444331, "P_AT_10": 0.09669731018045624, "P_AT_K": 0.22437861763704461, "P_AT_K_positive": 0.22437861763704461, "P_AT_K_negative": 0.0}], "date_of_birth": [{"MRR": 0.02595026914600259, "MRR_negative": 0.0, "MRR_positive": 0.02595026914600259, "P_AT_1": 0.0027397260273972603, "P_AT_10": 0.0536986301369863, "P_AT_K": 0.376986301369863, "P_AT_K_positive": 0.376986301369863, "P_AT_K_negative": 0.0}], "place_of_death": [{"MRR": 0.026323999588114103, "MRR_negative": 0.0, "MRR_positive": 0.026323999588114103, "P_AT_1": 0.01174934725848564, "P_AT_10": 0.06135770234986945, "P_AT_K": 0.13577023498694518, "P_AT_K_positive": 0.13577023498694518, "P_AT_K_negative": 0.0}]}, "TREx": {"means": ["Mean P@1,10,k: 0.015998792607053534, 0.08578069956707914, 0.2374850498945479"], "P19": [{"MRR": 0.04634208198298036, "MRR_negative": 0.0, "MRR_positive": 0.0, "P_AT_1": 0.005296610169491525, "P_AT_10": 0.1016949152542373, "P_AT_K": 0.2309322033898305, "P_AT_K_positive": 0.0, "P_AT_K_negative": 0.0}], "P20": [{"MRR": 0.042485740290599545, "MRR_negative": 0.0, "MRR_positive": 0.0, "P_AT_1": 0.00944386149003148, "P_AT_10": 0.09863588667366212, "P_AT_K": 0.2728226652675761, "P_AT_K_positive": 0.0, "P_AT_K_negative": 0.0}], "P279": [{"MRR": 0.02094124623791359, "MRR_negative": 0.0, "MRR_positive": 0.0, "P_AT_1": 0.0031120331950207467, "P_AT_10": 0.058091286307053944, "P_AT_K": 0.16701244813278007, "P_AT_K_positive": 0.0, "P_AT_K_negative": 0.0}], "P37": [{"MRR": 0.0023693231098594757, "MRR_negative": 0.0, "MRR_positive": 0.0, "P_AT_1": 0.0, "P_AT_10": 0.002070393374741201, "P_AT_K": 0.044513457556935816, "P_AT_K_positive": 0.0, "P_AT_K_negative": 0.0}], "P413": [{"MRR": 0.0004126937402564151, "MRR_negative": 0.0, "MRR_positive": 0.0, "P_AT_1": 0.0, "P_AT_10": 0.0, "P_AT_K": 0.0021008403361344537, "P_AT_K_positive": 0.0, "P_AT_K_negative": 0.0}], "P449": [{"MRR": 0.10733211790800962, "MRR_negative": 0.0, "MRR_positive": 0.0, "P_AT_1": 0.3170454545454545, "P_AT_10": 0.6079545454545454, "P_AT_K": 0.8204545454545454, "P_AT_K_positive": 0.0, "P_AT_K_negative": 0.0}], "P47": [{"MRR": 0.01207018703075672, "MRR_negative": 0.0, "MRR_positive": 0.0, "P_AT_1": 0.0010869565217391304, "P_AT_10": 0.03152173913043478, "P_AT_K": 0.11956521739130435, "P_AT_K_positive": 0.0, "P_AT_K_negative": 0.0}], "P138": [{"MRR": 0.004967016388572517, "MRR_negative": 0.0, "MRR_positive": 0.0, "P_AT_1": 0.0, "P_AT_10": 0.006230529595015576, "P_AT_K": 0.0514018691588785, "P_AT_K_positive": 0.0, "P_AT_K_negative": 0.0}], "P364": [{"MRR": 0.0022514603100947644, "MRR_negative": 0.0, "MRR_positive": 0.0, "P_AT_1": 0.0, "P_AT_10": 0.0011682242990654205, "P_AT_K": 0.04088785046728972, "P_AT_K_positive": 0.0, "P_AT_K_negative": 0.0}], "P463": [{"MRR": 0.030407834930685735, "MRR_negative": 0.0, "MRR_positive": 0.0, "P_AT_1": 0.0, "P_AT_10": 0.044444444444444446, "P_AT_K": 0.4666666666666667, "P_AT_K_positive": 0.0, "P_AT_K_negative": 0.0}], "P101": [{"MRR": 0.030750134842690634, "MRR_negative": 0.0, "MRR_positive": 0.0, "P_AT_1": 0.005747126436781609, "P_AT_10": 0.0617816091954023, "P_AT_K": 0.3132183908045977, "P_AT_K_positive": 0.0, "P_AT_K_negative": 0.0}], "P106": [{"MRR": 0.013775966619429822, "MRR_negative": 0.0, "MRR_positive": 0.0, "P_AT_1": 0.0, "P_AT_10": 0.027139874739039668, "P_AT_K": 0.18058455114822547, "P_AT_K_positive": 0.0, "P_AT_K_negative": 0.0}], "P527": [{"MRR": 0.023147823070912035, "MRR_negative": 0.0, "MRR_positive": 0.0, "P_AT_1": 0.0030737704918032786, "P_AT_10": 0.04815573770491803, "P_AT_K": 0.19569672131147542, "P_AT_K_positive": 0.0, "P_AT_K_negative": 0.0}], "P530": [{"MRR": 0.0184224935344035, "MRR_negative": 0.0, "MRR_positive": 0.0, "P_AT_1": 0.002008032128514056, "P_AT_10": 0.040160642570281124, "P_AT_K": 0.32831325301204817, "P_AT_K_positive": 0.0, "P_AT_K_negative": 0.0}], "P176": [{"MRR": 0.02066200934117113, "MRR_negative": 0.0, "MRR_positive": 0.0, "P_AT_1": 0.0020554984583761563, "P_AT_10": 0.041109969167523124, "P_AT_K": 0.09044193216855087, "P_AT_K_positive": 0.0, "P_AT_K_negative": 0.0}], "P27": [{"MRR": 0.0001588546660754406, "MRR_negative": 0.0, "MRR_positive": 0.0, "P_AT_1": 0.0, "P_AT_10": 0.0, "P_AT_K": 0.002070393374741201, "P_AT_K_positive": 0.0, "P_AT_K_negative": 0.0}], "P407": [{"MRR": 0.06373833574108877, "MRR_negative": 0.0, "MRR_positive": 0.0, "P_AT_1": 0.018244013683010263, "P_AT_10": 0.15279361459521096, "P_AT_K": 0.508551881413911, "P_AT_K_positive": 0.0, "P_AT_K_negative": 0.0}], "P30": [{"MRR": 0.006073600278034941, "MRR_negative": 0.0, "MRR_positive": 0.0, "P_AT_1": 0.0, "P_AT_10": 0.005128205128205128, "P_AT_K": 0.1671794871794872, "P_AT_K_positive": 0.0, "P_AT_K_negative": 0.0}], "P178": [{"MRR": 0.18394298239647253, "MRR_negative": 0.0, "MRR_positive": 0.0, "P_AT_1": 0.0, "P_AT_10": 0.34686971235194586, "P_AT_K": 0.47715736040609136, "P_AT_K_positive": 0.0, "P_AT_K_negative": 0.0}], "P1376": [{"MRR": 0.028873991682418484, "MRR_negative": 0.0, "MRR_positive": 0.0, "P_AT_1": 0.02575107296137339, "P_AT_10": 0.10300429184549356, "P_AT_K": 0.33476394849785407, "P_AT_K_positive": 0.0, "P_AT_K_negative": 0.0}], "P131": [{"MRR": 0.04375531113843533, "MRR_negative": 0.0, "MRR_positive": 0.0, "P_AT_1": 0.00681044267877412, "P_AT_10": 0.11577752553916004, "P_AT_K": 0.42224744608399545, "P_AT_K_positive": 0.0, "P_AT_K_negative": 0.0}], "P1412": [{"MRR": 0.049919223221617036, "MRR_negative": 0.0, "MRR_positive": 0.0, "P_AT_1": 0.014447884416924664, "P_AT_10": 0.13725490196078433, "P_AT_K": 0.47368421052631576, "P_AT_K_positive": 0.0, "P_AT_K_negative": 0.0}], "P108": [{"MRR": 0.004871547094710068, "MRR_negative": 0.0, "MRR_positive": 0.0, "P_AT_1": 0.0, "P_AT_10": 0.0026109660574412533, "P_AT_K": 0.04960835509138381, "P_AT_K_positive": 0.0, "P_AT_K_negative": 0.0}], "P136": [{"MRR": 0.0018372449641816415, "MRR_negative": 0.0, "MRR_positive": 0.0, "P_AT_1": 0.0, "P_AT_10": 0.0, "P_AT_K": 0.017185821697099892, "P_AT_K_positive": 0.0, "P_AT_K_negative": 0.0}], "P17": [{"MRR": 0.08295692814004153, "MRR_negative": 0.0, "MRR_positive": 0.0, "P_AT_1": 0.023655913978494623, "P_AT_10": 0.210752688172043, "P_AT_K": 0.5838709677419355, "P_AT_K_positive": 0.0, "P_AT_K_negative": 0.0}], "P39": [{"MRR": 0.014120592585245572, "MRR_negative": 0.0, "MRR_positive": 0.0, "P_AT_1": 0.005605381165919282, "P_AT_10": 0.028026905829596414, "P_AT_K": 0.1289237668161435, "P_AT_K_positive": 0.0, "P_AT_K_negative": 0.0}], "P264": [{"MRR": 0.001329339638614232, "MRR_negative": 0.0, "MRR_positive": 0.0, "P_AT_1": 0.0, "P_AT_10": 0.0, "P_AT_K": 0.037296037296037296, "P_AT_K_positive": 0.0, "P_AT_K_negative": 0.0}], "P276": [{"MRR": 0.02856283017667416, "MRR_negative": 0.0, "MRR_positive": 0.0, "P_AT_1": 0.007306889352818371, "P_AT_10": 0.06263048016701461, "P_AT_K": 0.27139874739039666, "P_AT_K_positive": 0.0, "P_AT_K_negative": 0.0}], "P937": [{"MRR": 0.11132655531251227, "MRR_negative": 0.0, "MRR_positive": 0.0, "P_AT_1": 0.03039832285115304, "P_AT_10": 0.24109014675052412, "P_AT_K": 0.38469601677148846, "P_AT_K_positive": 0.0, "P_AT_K_negative": 0.0}], "P140": [{"MRR": 0.0034681698150172443, "MRR_negative": 0.0, "MRR_positive": 0.0, "P_AT_1": 0.0021141649048625794, "P_AT_10": 0.006342494714587738, "P_AT_K": 0.008456659619450317, "P_AT_K_positive": 0.0, "P_AT_K_negative": 0.0}], "P1303": [{"MRR": 0.0585179115608223, "MRR_negative": 0.0, "MRR_positive": 0.0, "P_AT_1": 0.04320337197049526, "P_AT_10": 0.16332982086406744, "P_AT_K": 0.3382507903055848, "P_AT_K_positive": 0.0, "P_AT_K_negative": 0.0}], "P127": [{"MRR": 0.03783445985388487, "MRR_negative": 0.0, "MRR_positive": 0.0, "P_AT_1": 0.001455604075691412, "P_AT_10": 0.08879184861717612, "P_AT_K": 0.27074235807860264, "P_AT_K_positive": 0.0, "P_AT_K_negative": 0.0}], "P103": [{"MRR": 0.0025369736648831517,