{"Google_RE": {"means": ["Mean P@1,10,k: 0.009012022642929217, 0.07260464021792308, 0.3614509192487862"], "place_of_birth": [{"MRR": 0.044454457312620155, "MRR_negative": 0.0, "MRR_positive": 0.044454457312620155, "P_AT_1": 0.0149812734082397, "P_AT_10": 0.11338100102145046, "P_AT_K": 0.30745658835546474, "P_AT_K_positive": 0.30745658835546474, "P_AT_K_negative": 0.0}], "date_of_birth": [{"MRR": 0.041908814810399334, "MRR_negative": 0.0, "MRR_positive": 0.041908814810399334, "P_AT_1": 0.012054794520547946, "P_AT_10": 0.08876712328767124, "P_AT_K": 0.675068493150685, "P_AT_K_positive": 0.675068493150685, "P_AT_K_negative": 0.0}], "place_of_death": [{"MRR": 0.007406404534011927, "MRR_negative": 0.0, "MRR_positive": 0.007406404534011927, "P_AT_1": 0.0, "P_AT_10": 0.015665796344647518, "P_AT_K": 0.10182767624020887, "P_AT_K_positive": 0.10182767624020887, "P_AT_K_negative": 0.0}]}, "TREx": {"means": ["Mean P@1,10,k: 0.032041948271239996, 0.13381381748800789, 0.39293009161767795"], "P19": [{"MRR": 0.0514195211036778, "MRR_negative": 0.0, "MRR_positive": 0.0, "P_AT_1": 0.024364406779661018, "P_AT_10": 0.13983050847457626, "P_AT_K": 0.3527542372881356, "P_AT_K_positive": 0.0, "P_AT_K_negative": 0.0}], "P20": [{"MRR": 0.020216174456306427, "MRR_negative": 0.0, "MRR_positive": 0.0, "P_AT_1": 0.002098635886673662, "P_AT_10": 0.05036726128016789, "P_AT_K": 0.18153200419727178, "P_AT_K_positive": 0.0, "P_AT_K_negative": 0.0}], "P279": [{"MRR": 0.021392794249136447, "MRR_negative": 0.0, "MRR_positive": 0.0, "P_AT_1": 0.002074688796680498, "P_AT_10": 0.04564315352697095, "P_AT_K": 0.26867219917012447, "P_AT_K_positive": 0.0, "P_AT_K_negative": 0.0}], "P37": [{"MRR": 0.026855174362518584, "MRR_negative": 0.0, "MRR_positive": 0.0, "P_AT_1": 0.006211180124223602, "P_AT_10": 0.06418219461697723, "P_AT_K": 0.32608695652173914, "P_AT_K_positive": 0.0, "P_AT_K_negative": 0.0}], "P413": [{"MRR": 0.009198102804274758, "MRR_negative": 0.0, "MRR_positive": 0.0, "P_AT_1": 0.0, "P_AT_10": 0.0021008403361344537, "P_AT_K": 0.3130252100840336, "P_AT_K_positive": 0.0, "P_AT_K_negative": 0.0}], "P449": [{"MRR": 0.13883551709868813, "MRR_negative": 0.0, "MRR_positive": 0.0, "P_AT_1": 0.32386363636363635, "P_AT_10": 0.65, "P_AT_K": 0.8125, "P_AT_K_positive": 0.0, "P_AT_K_negative": 0.0}], "P47": [{"MRR": 0.038218540930206366, "MRR_negative": 0.0, "MRR_positive": 0.0, "P_AT_1": 0.004347826086956522, "P_AT_10": 0.09130434782608696, "P_AT_K": 0.39021739130434785, "P_AT_K_positive": 0.0, "P_AT_K_negative": 0.0}], "P138": [{"MRR": 0.004408171861007116, "MRR_negative": 0.0, "MRR_positive": 0.0, "P_AT_1": 0.004672897196261682, "P_AT_10": 0.014018691588785047, "P_AT_K": 0.08099688473520249, "P_AT_K_positive": 0.0, "P_AT_K_negative": 0.0}], "P364": [{"MRR": 0.018205472727509234, "MRR_negative": 0.0, "MRR_positive": 0.0, "P_AT_1": 0.0011682242990654205, "P_AT_10": 0.03271028037383177, "P_AT_K": 0.2733644859813084, "P_AT_K_positive": 0.0, "P_AT_K_negative": 0.0}], "P463": [{"MRR": 0.20442710796946428, "MRR_negative": 0.0, "MRR_positive": 0.0, "P_AT_1": 0.3466666666666667, "P_AT_10": 0.5777777777777777, "P_AT_K": 0.7377777777777778, "P_AT_K_positive": 0.0, "P_AT_K_negative": 0.0}], "P101": [{"MRR": 0.047556302375034956, "MRR_negative": 0.0, "MRR_positive": 0.0, "P_AT_1": 0.02586206896551724, "P_AT_10": 0.13936781609195403, "P_AT_K": 0.5344827586206896, "P_AT_K_positive": 0.0, "P_AT_K_negative": 0.0}], "P106": [{"MRR": 0.04253562590878997, "MRR_negative": 0.0, "MRR_positive": 0.0, "P_AT_1": 0.024008350730688934, "P_AT_10": 0.11064718162839249, "P_AT_K": 0.42066805845511485, "P_AT_K_positive": 0.0, "P_AT_K_negative": 0.0}], "P527": [{"MRR": 0.028936752027738575, "MRR_negative": 0.0, "MRR_positive": 0.0, "P_AT_1": 0.007172131147540984, "P_AT_10": 0.07274590163934426, "P_AT_K": 0.36270491803278687, "P_AT_K_positive": 0.0, "P_AT_K_negative": 0.0}], "P530": [{"MRR": 0.058322332638827655, "MRR_negative": 0.0, "MRR_positive": 0.0, "P_AT_1": 0.010040160642570281, "P_AT_10": 0.1576305220883534, "P_AT_K": 0.7530120481927711, "P_AT_K_positive": 0.0, "P_AT_K_negative": 0.0}], "P176": [{"MRR": 0.047403945977387375, "MRR_negative": 0.0, "MRR_positive": 0.0, "P_AT_1": 0.017471736896197326, "P_AT_10": 0.1079136690647482, "P_AT_K": 0.3977389516957862, "P_AT_K_positive": 0.0, "P_AT_K_negative": 0.0}], "P27": [{"MRR": 0.00029040293084905755, "MRR_negative": 0.0, "MRR_positive": 0.0, "P_AT_1": 0.0, "P_AT_10": 0.0, "P_AT_K": 0.003105590062111801, "P_AT_K_positive": 0.0, "P_AT_K_negative": 0.0}], "P407": [{"MRR": 0.01425643950111273, "MRR_negative": 0.0, "MRR_positive": 0.0, "P_AT_1": 0.0011402508551881414, "P_AT_10": 0.026225769669327253, "P_AT_K": 0.18814139110604333, "P_AT_K_positive": 0.0, "P_AT_K_negative": 0.0}], "P30": [{"MRR": 0.021251605707826155, "MRR_negative": 0.0, "MRR_positive": 0.0, "P_AT_1": 0.0010256410256410256, "P_AT_10": 0.031794871794871796, "P_AT_K": 0.38051282051282054, "P_AT_K_positive": 0.0, "P_AT_K_negative": 0.0}], "P178": [{"MRR": 0.17280594078416678, "MRR_negative": 0.0, "MRR_positive": 0.0, "P_AT_1": 0.023688663282571912, "P_AT_10": 0.4450084602368866, "P_AT_K": 0.5786802030456852, "P_AT_K_positive": 0.0, "P_AT_K_negative": 0.0}], "P1376": [{"MRR": 0.047997166194970874, "MRR_negative": 0.0, "MRR_positive": 0.0, "P_AT_1": 0.008583690987124463, "P_AT_10": 0.11587982832618025, "P_AT_K": 0.4034334763948498, "P_AT_K_positive": 0.0, "P_AT_K_negative": 0.0}], "P131": [{"MRR": 0.07290147571784424, "MRR_negative": 0.0, "MRR_positive": 0.0, "P_AT_1": 0.015891032917139614, "P_AT_10": 0.17253121452894438, "P_AT_K": 0.5709421112372304, "P_AT_K_positive": 0.0, "P_AT_K_negative": 0.0}], "P1412": [{"MRR": 0.04825571756975895, "MRR_negative": 0.0, "MRR_positive": 0.0, "P_AT_1": 0.010319917440660475, "P_AT_10": 0.12899896800825594, "P_AT_K": 0.5562435500515995, "P_AT_K_positive": 0.0, "P_AT_K_negative": 0.0}], "P108": [{"MRR": 0.004585874753140314, "MRR_negative": 0.0, "MRR_positive": 0.0, "P_AT_1": 0.0, "P_AT_10": 0.0026109660574412533, "P_AT_K": 0.08877284595300261, "P_AT_K_positive": 0.0, "P_AT_K_negative": 0.0}], "P136": [{"MRR": 0.029805750196029906, "MRR_negative": 0.0, "MRR_positive": 0.0, "P_AT_1": 0.0010741138560687433, "P_AT_10": 0.06552094522019335, "P_AT_K": 0.5488721804511278, "P_AT_K_positive": 0.0, "P_AT_K_negative": 0.0}], "P17": [{"MRR": 0.06835833981046385, "MRR_negative": 0.0, "MRR_positive": 0.0, "P_AT_1": 0.008602150537634409, "P_AT_10": 0.1978494623655914, "P_AT_K": 0.6720430107526881, "P_AT_K_positive": 0.0, "P_AT_K_negative": 0.0}], "P39": [{"MRR": 0.10988281269589543, "MRR_negative": 0.0, "MRR_positive": 0.0, "P_AT_1": 0.07286995515695067, "P_AT_10": 0.3352017937219731, "P_AT_K": 0.8026905829596412, "P_AT_K_positive": 0.0, "P_AT_K_negative": 0.0}], "P264": [{"MRR": 0.04128620560069009, "MRR_negative": 0.0, "MRR_positive": 0.0, "P_AT_1": 0.05827505827505827, "P_AT_10": 0.13752913752913754, "P_AT_K": 0.20512820512820512, "P_AT_K_positive": 0.0, "P_AT_K_negative": 0.0}], "P276": [{"MRR": 0.04244707994609264, "MRR_negative": 0.0, "MRR_positive": 0.0, "P_AT_1": 0.005219206680584551, "P_AT_10": 0.09498956158663883, "P_AT_K": 0.395615866388309, "P_AT_K_positive": 0.0, "P_AT_K_negative": 0.0}], "P937": [{"MRR": 0.09007538376096229, "MRR_negative": 0.0, "MRR_positive": 0.0, "P_AT_1": 0.033542976939203356, "P_AT_10": 0.20964360587002095, "P_AT_K": 0.49580712788259956, "P_AT_K_positive": 0.0, "P_AT_K_negative": 0.0}], "P140": [{"MRR": 0.034666133934683215, "MRR_negative": 0.0, "MRR_positive": 0.0, "P_AT_1": 0.004228329809725159, "P_AT_10": 0.08668076109936575, "P_AT_K": 0.5560253699788583, "P_AT_K_positive": 0.0, "P_AT_K_negative": 0.0}], "P1303": [{"MRR": 0.07172158943888862, "MRR_negative": 0.0, "MRR_positive": 0.0, "P_AT_1": 0.032665964172813484, "P_AT_10": 0.20337197049525815, "P_AT_K": 0.42360379346680715, "P_AT_K_positive": 0.0, "P_AT_K_negative": 0.0}], "P127": [{"MRR": 0.04786982328509372, "MRR_negative": 0.0, "MRR_positive": 0.0, "P_AT_1": 0.01601164483260553,