{"Google_RE": {"means": ["Mean P@1,10,k: 0.018368197909524677, 0.08572045373328634, 0.3430016998519432"], "place_of_birth": [{"MRR": 0.044560361176519785, "MRR_negative": 0.0, "MRR_positive": 0.044560361176519785, "P_AT_1": 0.04085801838610827, "P_AT_10": 0.1334695267279537, "P_AT_K": 0.3438883214164113, "P_AT_K_positive": 0.3438883214164113, "P_AT_K_negative": 0.0}], "date_of_birth": [{"MRR": 0.03951134447360258, "MRR_negative": 0.0, "MRR_positive": 0.03951134447360258, "P_AT_1": 0.014246575342465753, "P_AT_10": 0.10410958904109589, "P_AT_K": 0.5610958904109589, "P_AT_K_positive": 0.5610958904109589, "P_AT_K_negative": 0.0}], "place_of_death": [{"MRR": 0.01335666880547743, "MRR_negative": 0.0, "MRR_positive": 0.01335666880547743, "P_AT_1": 0.0, "P_AT_10": 0.0195822454308094, "P_AT_K": 0.12402088772845953, "P_AT_K_positive": 0.12402088772845953, "P_AT_K_negative": 0.0}]}, "TREx": {"means": ["Mean P@1,10,k: 0.03274985034838923, 0.13927586778987452, 0.3820655745046034"], "P19": [{"MRR": 0.05718308395815569, "MRR_negative": 0.0, "MRR_positive": 0.0, "P_AT_1": 0.05402542372881356, "P_AT_10": 0.1663135593220339, "P_AT_K": 0.3697033898305085, "P_AT_K_positive": 0.0, "P_AT_K_negative": 0.0}], "P20": [{"MRR": 0.022606175792088963, "MRR_negative": 0.0, "MRR_positive": 0.0, "P_AT_1": 0.005246589716684155, "P_AT_10": 0.05246589716684155, "P_AT_K": 0.25078698845750264, "P_AT_K_positive": 0.0, "P_AT_K_negative": 0.0}], "P279": [{"MRR": 0.01679559907309995, "MRR_negative": 0.0, "MRR_positive": 0.0, "P_AT_1": 0.0, "P_AT_10": 0.04149377593360996, "P_AT_K": 0.23132780082987553, "P_AT_K_positive": 0.0, "P_AT_K_negative": 0.0}], "P37": [{"MRR": 0.0873664158811762, "MRR_negative": 0.0, "MRR_positive": 0.0, "P_AT_1": 0.016563146997929608, "P_AT_10": 0.18012422360248448, "P_AT_K": 0.40890269151138714, "P_AT_K_positive": 0.0, "P_AT_K_negative": 0.0}], "P413": [{"MRR": 0.0029117115490628425, "MRR_negative": 0.0, "MRR_positive": 0.0, "P_AT_1": 0.0, "P_AT_10": 0.0, "P_AT_K": 0.028361344537815126, "P_AT_K_positive": 0.0, "P_AT_K_negative": 0.0}], "P449": [{"MRR": 0.08186171654900479, "MRR_negative": 0.0, "MRR_positive": 0.0, "P_AT_1": 0.32272727272727275, "P_AT_10": 0.6215909090909091, "P_AT_K": 0.8556818181818182, "P_AT_K_positive": 0.0, "P_AT_K_negative": 0.0}], "P47": [{"MRR": 0.037593843475770106, "MRR_negative": 0.0, "MRR_positive": 0.0, "P_AT_1": 0.007608695652173913, "P_AT_10": 0.09891304347826087, "P_AT_K": 0.358695652173913, "P_AT_K_positive": 0.0, "P_AT_K_negative": 0.0}], "P138": [{"MRR": 0.0074378147371896965, "MRR_negative": 0.0, "MRR_positive": 0.0, "P_AT_1": 0.006230529595015576, "P_AT_10": 0.01557632398753894, "P_AT_K": 0.07320872274143302, "P_AT_K_positive": 0.0, "P_AT_K_negative": 0.0}], "P364": [{"MRR": 0.03709223291367648, "MRR_negative": 0.0, "MRR_positive": 0.0, "P_AT_1": 0.0035046728971962616, "P_AT_10": 0.0969626168224299, "P_AT_K": 0.37616822429906543, "P_AT_K_positive": 0.0, "P_AT_K_negative": 0.0}], "P463": [{"MRR": 0.14571814944272193, "MRR_negative": 0.0, "MRR_positive": 0.0, "P_AT_1": 0.09777777777777778, "P_AT_10": 0.49777777777777776, "P_AT_K": 0.7288888888888889, "P_AT_K_positive": 0.0, "P_AT_K_negative": 0.0}], "P101": [{"MRR": 0.048133943012224886, "MRR_negative": 0.0, "MRR_positive": 0.0, "P_AT_1": 0.040229885057471264, "P_AT_10": 0.15373563218390804, "P_AT_K": 0.5387931034482759, "P_AT_K_positive": 0.0, "P_AT_K_negative": 0.0}], "P106": [{"MRR": 0.02855049336939972, "MRR_negative": 0.0, "MRR_positive": 0.0, "P_AT_1": 0.0, "P_AT_10": 0.05741127348643006, "P_AT_K": 0.5208768267223383, "P_AT_K_positive": 0.0, "P_AT_K_negative": 0.0}], "P527": [{"MRR": 0.01889677367329197, "MRR_negative": 0.0, "MRR_positive": 0.0, "P_AT_1": 0.0020491803278688526, "P_AT_10": 0.02971311475409836, "P_AT_K": 0.28688524590163933, "P_AT_K_positive": 0.0, "P_AT_K_negative": 0.0}], "P530": [{"MRR": 0.0705632170891635, "MRR_negative": 0.0, "MRR_positive": 0.0, "P_AT_1": 0.01104417670682731, "P_AT_10": 0.19176706827309237, "P_AT_K": 0.6817269076305221, "P_AT_K_positive": 0.0, "P_AT_K_negative": 0.0}], "P176": [{"MRR": 0.025452223093215855, "MRR_negative": 0.0, "MRR_positive": 0.0, "P_AT_1": 0.006166495375128468, "P_AT_10": 0.0986639260020555, "P_AT_K": 0.19013360739979446, "P_AT_K_positive": 0.0, "P_AT_K_negative": 0.0}], "P27": [{"MRR": 0.0008456363855193134, "MRR_negative": 0.0, "MRR_positive": 0.0, "P_AT_1": 0.0, "P_AT_10": 0.0, "P_AT_K": 0.017598343685300208, "P_AT_K_positive": 0.0, "P_AT_K_negative": 0.0}], "P407": [{"MRR": 0.11267858751206665, "MRR_negative": 0.0, "MRR_positive": 0.0, "P_AT_1": 0.06841505131128849, "P_AT_10": 0.30444697833523376, "P_AT_K": 0.5940706955530216, "P_AT_K_positive": 0.0, "P_AT_K_negative": 0.0}], "P30": [{"MRR": 0.007982173488773085, "MRR_negative": 0.0, "MRR_positive": 0.0, "P_AT_1": 0.0, "P_AT_10": 0.014358974358974359, "P_AT_K": 0.1671794871794872, "P_AT_K_positive": 0.0, "P_AT_K_negative": 0.0}], "P178": [{"MRR": 0.1405540603880218, "MRR_negative": 0.0, "MRR_positive": 0.0, "P_AT_1": 0.02030456852791878, "P_AT_10": 0.4010152284263959, "P_AT_K": 0.5160744500846024, "P_AT_K_positive": 0.0, "P_AT_K_negative": 0.0}], "P1376": [{"MRR": 0.031037822055719488, "MRR_negative": 0.0, "MRR_positive": 0.0, "P_AT_1": 0.012875536480686695, "P_AT_10": 0.09012875536480687, "P_AT_K": 0.2875536480686695, "P_AT_K_positive": 0.0, "P_AT_K_negative": 0.0}], "P131": [{"MRR": 0.052289006714490306, "MRR_negative": 0.0, "MRR_positive": 0.0, "P_AT_1": 0.00340522133938706, "P_AT_10": 0.11237230419977298, "P_AT_K": 0.4199772985244041, "P_AT_K_positive": 0.0, "P_AT_K_negative": 0.0}], "P1412": [{"MRR": 0.11153779167628151, "MRR_negative": 0.0, "MRR_positive": 0.0, "P_AT_1": 0.14551083591331268, "P_AT_10": 0.3828689370485036, "P_AT_K": 0.6542827657378741, "P_AT_K_positive": 0.0, "P_AT_K_negative": 0.0}], "P108": [{"MRR": 0.0032180633816114644, "MRR_negative": 0.0, "MRR_positive": 0.0, "P_AT_1": 0.0, "P_AT_10": 0.005221932114882507, "P_AT_K": 0.03655352480417755, "P_AT_K_positive": 0.0, "P_AT_K_negative": 0.0}], "P136": [{"MRR": 0.02446182724011426, "MRR_negative": 0.0, "MRR_positive": 0.0, "P_AT_1": 0.0, "P_AT_10": 0.04189044038668099, "P_AT_K": 0.5435016111707841, "P_AT_K_positive": 0.0, "P_AT_K_negative": 0.0}], "P17": [{"MRR": 0.04603063326662121, "MRR_negative": 0.0, "MRR_positive": 0.0, "P_AT_1": 0.0032258064516129032, "P_AT_10": 0.12580645161290321, "P_AT_K": 0.5440860215053763, "P_AT_K_positive": 0.0, "P_AT_K_negative": 0.0}], "P39": [{"MRR": 0.09618464512187375, "MRR_negative": 0.0, "MRR_positive": 0.0, "P_AT_1": 0.01905829596412556, "P_AT_10": 0.24775784753363228, "P_AT_K": 0.844170403587444, "P_AT_K_positive": 0.0, "P_AT_K_negative": 0.0}], "P264": [{"MRR": 0.017697028323926518, "MRR_negative": 0.0, "MRR_positive": 0.0, "P_AT_1": 0.1888111888111888, "P_AT_10": 0.21212121212121213, "P_AT_K": 0.2517482517482518, "P_AT_K_positive": 0.0, "P_AT_K_negative": 0.0}], "P276": [{"MRR": 0.03357357778448652, "MRR_negative": 0.0, "MRR_positive": 0.0, "P_AT_1": 0.020876826722338204, "P_AT_10": 0.09812108559498957, "P_AT_K": 0.36221294363256784, "P_AT_K_positive": 0.0, "P_AT_K_negative": 0.0}], "P937": [{"MRR": 0.07979193853585792, "MRR_negative": 0.0, "MRR_positive": 0.0, "P_AT_1": 0.07442348008385745, "P_AT_10": 0.259958071278826, "P_AT_K": 0.4916142557651992, "P_AT_K_positive": 0.0, "P_AT_K_negative": 0.0}], "P140": [{"MRR": 0.017138120275102444, "MRR_negative": 0.0, "MRR_positive": 0.0, "P_AT_1": 0.0021141649048625794, "P_AT_10": 0.006342494714587738, "P_AT_K": 0.4820295983086681, "P_AT_K_positive": 0.0, "P_AT_K_negative": 0.0}], "P1303": [{"MRR": 0.06050623112844905, "MRR_negative": 0.0, "MRR_positive": 0.0, "P_AT_1": 0.040042149631190724, "P_AT_10": 0.18651211801896733, "P_AT_K": 0.4383561643835616, "P_AT_K_positive": 0.0, "P_AT_K_negative": 0.0}], "P127": [{"MRR": 0.050688409308448236, "MRR_negative": 0.0, "MRR_positive": 0.0, "P_AT_1": 0.002911208151382824, "P_AT_10": 0.12081513828238719, "P_AT_K": 0.3173216885007278, "P_AT_K_positive": 0.0,