{"Google_RE": {"means": ["Mean P@1,10,k: 0.00970356170602438, 0.06592751723303643, 0.2859787334153129"], "place_of_birth": [{"MRR": 0.040046457187921755, "MRR_negative": 0.0, "MRR_positive": 0.040046457187921755, "P_AT_1": 0.011576438542730678, "P_AT_10": 0.11099761661559414, "P_AT_K": 0.34014300306435136, "P_AT_K_positive": 0.34014300306435136, "P_AT_K_negative": 0.0}], "date_of_birth": [{"MRR": 0.042111743713537694, "MRR_negative": 0.0, "MRR_positive": 0.042111743713537694, "P_AT_1": 0.017534246575342465, "P_AT_10": 0.08547945205479453, "P_AT_K": 0.5008219178082192, "P_AT_K_positive": 0.5008219178082192, "P_AT_K_negative": 0.0}], "place_of_death": [{"MRR": 0.0019182657485721025, "MRR_negative": 0.0, "MRR_positive": 0.0019182657485721025, "P_AT_1": 0.0, "P_AT_10": 0.0013054830287206266, "P_AT_K": 0.016971279373368148, "P_AT_K_positive": 0.016971279373368148, "P_AT_K_negative": 0.0}]}, "TREx": {"means": ["Mean P@1,10,k: 0.02018998882366138, 0.11807210026499483, 0.32623376192066406"], "P19": [{"MRR": 0.044992776448526735, "MRR_negative": 0.0, "MRR_positive": 0.0, "P_AT_1": 0.013771186440677966, "P_AT_10": 0.1281779661016949, "P_AT_K": 0.3591101694915254, "P_AT_K_positive": 0.0, "P_AT_K_negative": 0.0}], "P20": [{"MRR": 0.0047959606337664735, "MRR_negative": 0.0, "MRR_positive": 0.0, "P_AT_1": 0.001049317943336831, "P_AT_10": 0.004197271773347324, "P_AT_K": 0.05141657922350472, "P_AT_K_positive": 0.0, "P_AT_K_negative": 0.0}], "P279": [{"MRR": 0.013177998939567524, "MRR_negative": 0.0, "MRR_positive": 0.0, "P_AT_1": 0.001037344398340249, "P_AT_10": 0.023858921161825725, "P_AT_K": 0.18983402489626555, "P_AT_K_positive": 0.0, "P_AT_K_negative": 0.0}], "P37": [{"MRR": 0.028161550776118868, "MRR_negative": 0.0, "MRR_positive": 0.0, "P_AT_1": 0.002070393374741201, "P_AT_10": 0.08695652173913043, "P_AT_K": 0.2287784679089027, "P_AT_K_positive": 0.0, "P_AT_K_negative": 0.0}], "P413": [{"MRR": 0.002172675929391057, "MRR_negative": 0.0, "MRR_positive": 0.0, "P_AT_1": 0.0, "P_AT_10": 0.0, "P_AT_K": 0.01050420168067227, "P_AT_K_positive": 0.0, "P_AT_K_negative": 0.0}], "P449": [{"MRR": 0.07462622613020405, "MRR_negative": 0.0, "MRR_positive": 0.0, "P_AT_1": 0.32272727272727275, "P_AT_10": 0.6022727272727273, "P_AT_K": 0.8113636363636364, "P_AT_K_positive": 0.0, "P_AT_K_negative": 0.0}], "P47": [{"MRR": 0.02496214611532398, "MRR_negative": 0.0, "MRR_positive": 0.0, "P_AT_1": 0.003260869565217391, "P_AT_10": 0.06739130434782609, "P_AT_K": 0.2510869565217391, "P_AT_K_positive": 0.0, "P_AT_K_negative": 0.0}], "P138": [{"MRR": 0.004083222489869369, "MRR_negative": 0.0, "MRR_positive": 0.0, "P_AT_1": 0.003115264797507788, "P_AT_10": 0.010903426791277258, "P_AT_K": 0.06542056074766354, "P_AT_K_positive": 0.0, "P_AT_K_negative": 0.0}], "P364": [{"MRR": 0.018921331584057524, "MRR_negative": 0.0, "MRR_positive": 0.0, "P_AT_1": 0.0011682242990654205, "P_AT_10": 0.04088785046728972, "P_AT_K": 0.25817757009345793, "P_AT_K_positive": 0.0, "P_AT_K_negative": 0.0}], "P463": [{"MRR": 0.16762371271542778, "MRR_negative": 0.0, "MRR_positive": 0.0, "P_AT_1": 0.03111111111111111, "P_AT_10": 0.5066666666666667, "P_AT_K": 0.6888888888888889, "P_AT_K_positive": 0.0, "P_AT_K_negative": 0.0}], "P101": [{"MRR": 0.04337908337468966, "MRR_negative": 0.0, "MRR_positive": 0.0, "P_AT_1": 0.008620689655172414, "P_AT_10": 0.11206896551724138, "P_AT_K": 0.5574712643678161, "P_AT_K_positive": 0.0, "P_AT_K_negative": 0.0}], "P106": [{"MRR": 0.04024213968484809, "MRR_negative": 0.0, "MRR_positive": 0.0, "P_AT_1": 0.0, "P_AT_10": 0.15553235908141963, "P_AT_K": 0.569937369519833, "P_AT_K_positive": 0.0, "P_AT_K_negative": 0.0}], "P527": [{"MRR": 0.04058619920060351, "MRR_negative": 0.0, "MRR_positive": 0.0, "P_AT_1": 0.00819672131147541, "P_AT_10": 0.09938524590163934, "P_AT_K": 0.38831967213114754, "P_AT_K_positive": 0.0, "P_AT_K_negative": 0.0}], "P530": [{"MRR": 0.05349763459057685, "MRR_negative": 0.0, "MRR_positive": 0.0, "P_AT_1": 0.006024096385542169, "P_AT_10": 0.15562248995983935, "P_AT_K": 0.6255020080321285, "P_AT_K_positive": 0.0, "P_AT_K_negative": 0.0}], "P176": [{"MRR": 0.016731239773507094, "MRR_negative": 0.0, "MRR_positive": 0.0, "P_AT_1": 0.0020554984583761563, "P_AT_10": 0.041109969167523124, "P_AT_K": 0.11510791366906475, "P_AT_K_positive": 0.0, "P_AT_K_negative": 0.0}], "P27": [{"MRR": 0.0005525882076189204, "MRR_negative": 0.0, "MRR_positive": 0.0, "P_AT_1": 0.0, "P_AT_10": 0.0, "P_AT_K": 0.010351966873706004, "P_AT_K_positive": 0.0, "P_AT_K_negative": 0.0}], "P407": [{"MRR": 0.13262926757721638, "MRR_negative": 0.0, "MRR_positive": 0.0, "P_AT_1": 0.05701254275940707, "P_AT_10": 0.322690992018244, "P_AT_K": 0.5632839224629419, "P_AT_K_positive": 0.0, "P_AT_K_negative": 0.0}], "P30": [{"MRR": 0.005229756256323077, "MRR_negative": 0.0, "MRR_positive": 0.0, "P_AT_1": 0.0, "P_AT_10": 0.003076923076923077, "P_AT_K": 0.14256410256410257, "P_AT_K_positive": 0.0, "P_AT_K_negative": 0.0}], "P178": [{"MRR": 0.11069406451545585, "MRR_negative": 0.0, "MRR_positive": 0.0, "P_AT_1": 0.00338409475465313, "P_AT_10": 0.37055837563451777, "P_AT_K": 0.4957698815566836, "P_AT_K_positive": 0.0, "P_AT_K_negative": 0.0}], "P1376": [{"MRR": 0.02910019023551209, "MRR_negative": 0.0, "MRR_positive": 0.0, "P_AT_1": 0.0, "P_AT_10": 0.06866952789699571, "P_AT_K": 0.27896995708154504, "P_AT_K_positive": 0.0, "P_AT_K_negative": 0.0}], "P131": [{"MRR": 0.03219639554016936, "MRR_negative": 0.0, "MRR_positive": 0.0, "P_AT_1": 0.0056753688989784334, "P_AT_10": 0.09194097616345062, "P_AT_K": 0.4619750283768445, "P_AT_K_positive": 0.0, "P_AT_K_negative": 0.0}], "P1412": [{"MRR": 0.04893750651664466, "MRR_negative": 0.0, "MRR_positive": 0.0, "P_AT_1": 0.006191950464396285, "P_AT_10": 0.12899896800825594, "P_AT_K": 0.4726522187822497, "P_AT_K_positive": 0.0, "P_AT_K_negative": 0.0}], "P108": [{"MRR": 0.005828459363968218, "MRR_negative": 0.0, "MRR_positive": 0.0, "P_AT_1": 0.0, "P_AT_10": 0.013054830287206266, "P_AT_K": 0.044386422976501305, "P_AT_K_positive": 0.0, "P_AT_K_negative": 0.0}], "P136": [{"MRR": 0.008477142821722206, "MRR_negative": 0.0, "MRR_positive": 0.0, "P_AT_1": 0.0, "P_AT_10": 0.0010741138560687433, "P_AT_K": 0.31149301825993553, "P_AT_K_positive": 0.0, "P_AT_K_negative": 0.0}], "P17": [{"MRR": 0.026942724150817752, "MRR_negative": 0.0, "MRR_positive": 0.0, "P_AT_1": 0.001075268817204301, "P_AT_10": 0.06989247311827956, "P_AT_K": 0.4258064516129032, "P_AT_K_positive": 0.0, "P_AT_K_negative": 0.0}], "P39": [{"MRR": 0.10254262540917668, "MRR_negative": 0.0, "MRR_positive": 0.0, "P_AT_1": 0.033632286995515695, "P_AT_10": 0.26345291479820626, "P_AT_K": 0.6210762331838565, "P_AT_K_positive": 0.0, "P_AT_K_negative": 0.0}], "P264": [{"MRR": 0.07793924156124965, "MRR_negative": 0.0, "MRR_positive": 0.0, "P_AT_1": 0.06993006993006994, "P_AT_10": 0.2494172494172494, "P_AT_K": 0.5337995337995338, "P_AT_K_positive": 0.0, "P_AT_K_negative": 0.0}], "P276": [{"MRR": 0.021604499910046315, "MRR_negative": 0.0, "MRR_positive": 0.0, "P_AT_1": 0.0020876826722338203, "P_AT_10": 0.04279749478079332, "P_AT_K": 0.29436325678496866, "P_AT_K_positive": 0.0, "P_AT_K_negative": 0.0}], "P937": [{"MRR": 0.031255855219262135, "MRR_negative": 0.0, "MRR_positive": 0.0, "P_AT_1": 0.0041928721174004195, "P_AT_10": 0.08280922431865828, "P_AT_K": 0.32075471698113206, "P_AT_K_positive": 0.0, "P_AT_K_negative": 0.0}], "P140": [{"MRR": 0.009934041344014023, "MRR_negative": 0.0, "MRR_positive": 0.0, "P_AT_1": 0.0, "P_AT_10": 0.006342494714587738, "P_AT_K": 0.36363636363636365, "P_AT_K_positive": 0.0, "P_AT_K_negative": 0.0}], "P1303": [{"MRR": 0.08109095964542153, "MRR_negative": 0.0, "MRR_positive": 0.0, "P_AT_1": 0.09483667017913593, "P_AT_10": 0.2897787144362487, "P_AT_K": 0.4183350895679663, "P_AT_K_positive": 0.0, "P_AT_K_negative": 0.0}], "P127": [{"MRR": 0.040924932789848906, "MRR_negative": 0.0, "MRR_positive": 0.0, "P_AT_1": 0.005822416302765648, "P_AT_10": 0.11208151382823872, "P_AT_K": 0.33915574963609896,