{"Google_RE": {"means": ["Mean P@1,10,k: 0.02492054400928993, 0.16053014338744123, 0.5710589078648649"], "place_of_birth": [{"MRR": 0.08414790855667187, "MRR_negative": 0.0, "MRR_positive": 0.08414790855667187, "P_AT_1": 0.04800817160367722, "P_AT_10": 0.22029281579843377, "P_AT_K": 0.5580524344569289, "P_AT_K_positive": 0.5580524344569289, "P_AT_K_negative": 0.0}], "date_of_birth": [{"MRR": 0.059455067180091414, "MRR_negative": 0.0, "MRR_positive": 0.059455067180091414, "P_AT_1": 0.0136986301369863, "P_AT_10": 0.13205479452054794, "P_AT_K": 0.7895890410958905, "P_AT_K_positive": 0.7895890410958905, "P_AT_K_negative": 0.0}], "place_of_death": [{"MRR": 0.05061891609273951, "MRR_negative": 0.0, "MRR_positive": 0.05061891609273951, "P_AT_1": 0.013054830287206266, "P_AT_10": 0.12924281984334204, "P_AT_K": 0.36553524804177545, "P_AT_K_positive": 0.36553524804177545, "P_AT_K_negative": 0.0}]}, "TREx": {"means": ["Mean P@1,10,k: 0.09251824928952458, 0.3182756280823016, 0.6379744784988697"], "P19": [{"MRR": 0.09952291319973786, "MRR_negative": 0.0, "MRR_positive": 0.0, "P_AT_1": 0.0614406779661017, "P_AT_10": 0.2701271186440678, "P_AT_K": 0.5911016949152542, "P_AT_K_positive": 0.0, "P_AT_K_negative": 0.0}], "P20": [{"MRR": 0.0926818184409139, "MRR_negative": 0.0, "MRR_positive": 0.0, "P_AT_1": 0.05771248688352571, "P_AT_10": 0.2707240293809024, "P_AT_K": 0.577124868835257, "P_AT_K_positive": 0.0, "P_AT_K_negative": 0.0}], "P279": [{"MRR": 0.20072518954399468, "MRR_negative": 0.0, "MRR_positive": 0.0, "P_AT_1": 0.09024896265560166, "P_AT_10": 0.4533195020746888, "P_AT_K": 0.6441908713692946, "P_AT_K_positive": 0.0, "P_AT_K_negative": 0.0}], "P37": [{"MRR": 0.1494251317706055, "MRR_negative": 0.0, "MRR_positive": 0.0, "P_AT_1": 0.045548654244306416, "P_AT_10": 0.38819875776397517, "P_AT_K": 0.8240165631469979, "P_AT_K_positive": 0.0, "P_AT_K_negative": 0.0}], "P413": [{"MRR": 0.10349024128350441, "MRR_negative": 0.0, "MRR_positive": 0.0, "P_AT_1": 0.04831932773109244, "P_AT_10": 0.2972689075630252, "P_AT_K": 0.851890756302521, "P_AT_K_positive": 0.0, "P_AT_K_negative": 0.0}], "P449": [{"MRR": 0.3142966147731482, "MRR_negative": 0.0, "MRR_positive": 0.0, "P_AT_1": 0.2, "P_AT_10": 0.7454545454545455, "P_AT_K": 0.8784090909090909, "P_AT_K_positive": 0.0, "P_AT_K_negative": 0.0}], "P47": [{"MRR": 0.06828373729298483, "MRR_negative": 0.0, "MRR_positive": 0.0, "P_AT_1": 0.03260869565217391, "P_AT_10": 0.19130434782608696, "P_AT_K": 0.5532608695652174, "P_AT_K_positive": 0.0, "P_AT_K_negative": 0.0}], "P138": [{"MRR": 0.012143825119447714, "MRR_negative": 0.0, "MRR_positive": 0.0, "P_AT_1": 0.0, "P_AT_10": 0.024922118380062305, "P_AT_K": 0.13395638629283488, "P_AT_K_positive": 0.0, "P_AT_K_negative": 0.0}], "P364": [{"MRR": 0.1077320821857722, "MRR_negative": 0.0, "MRR_positive": 0.0, "P_AT_1": 0.1810747663551402, "P_AT_10": 0.44042056074766356, "P_AT_K": 0.8633177570093458, "P_AT_K_positive": 0.0, "P_AT_K_negative": 0.0}], "P463": [{"MRR": 0.07904502301262824, "MRR_negative": 0.0, "MRR_positive": 0.0, "P_AT_1": 0.5866666666666667, "P_AT_10": 0.72, "P_AT_K": 0.76, "P_AT_K_positive": 0.0, "P_AT_K_negative": 0.0}], "P101": [{"MRR": 0.05500184005043279, "MRR_negative": 0.0, "MRR_positive": 0.0, "P_AT_1": 0.021551724137931036, "P_AT_10": 0.15948275862068967, "P_AT_K": 0.6436781609195402, "P_AT_K_positive": 0.0, "P_AT_K_negative": 0.0}], "P106": [{"MRR": 0.03514210916835461, "MRR_negative": 0.0, "MRR_positive": 0.0, "P_AT_1": 0.0020876826722338203, "P_AT_10": 0.06993736951983298, "P_AT_K": 0.5782881002087683, "P_AT_K_positive": 0.0, "P_AT_K_negative": 0.0}], "P527": [{"MRR": 0.039689249547001995, "MRR_negative": 0.0, "MRR_positive": 0.0, "P_AT_1": 0.009221311475409836, "P_AT_10": 0.0860655737704918, "P_AT_K": 0.42008196721311475, "P_AT_K_positive": 0.0, "P_AT_K_negative": 0.0}], "P530": [{"MRR": 0.05230699025243433, "MRR_negative": 0.0, "MRR_positive": 0.0, "P_AT_1": 0.008032128514056224, "P_AT_10": 0.10542168674698796, "P_AT_K": 0.8042168674698795, "P_AT_K_positive": 0.0, "P_AT_K_negative": 0.0}], "P176": [{"MRR": 0.15158038859421888, "MRR_negative": 0.0, "MRR_positive": 0.0, "P_AT_1": 0.3227132579650565, "P_AT_10": 0.5847893114080165, "P_AT_K": 0.7718396711202467, "P_AT_K_positive": 0.0, "P_AT_K_negative": 0.0}], "P27": [{"MRR": 0.0022325625257763296, "MRR_negative": 0.0, "MRR_positive": 0.0, "P_AT_1": 0.0, "P_AT_10": 0.0, "P_AT_K": 0.028985507246376812, "P_AT_K_positive": 0.0, "P_AT_K_negative": 0.0}], "P407": [{"MRR": 0.2507971782916469, "MRR_negative": 0.0, "MRR_positive": 0.0, "P_AT_1": 0.19726339794754846, "P_AT_10": 0.6077537058152793, "P_AT_K": 0.8620296465222349, "P_AT_K_positive": 0.0, "P_AT_K_negative": 0.0}], "P30": [{"MRR": 0.13353332498620887, "MRR_negative": 0.0, "MRR_positive": 0.0, "P_AT_1": 0.13641025641025642, "P_AT_10": 0.41846153846153844, "P_AT_K": 0.8082051282051282, "P_AT_K_positive": 0.0, "P_AT_K_negative": 0.0}], "P178": [{"MRR": 0.12581662707471303, "MRR_negative": 0.0, "MRR_positive": 0.0, "P_AT_1": 0.2656514382402707, "P_AT_10": 0.5228426395939086, "P_AT_K": 0.7952622673434856, "P_AT_K_positive": 0.0, "P_AT_K_negative": 0.0}], "P1376": [{"MRR": 0.13555567572661023, "MRR_negative": 0.0, "MRR_positive": 0.0, "P_AT_1": 0.1459227467811159, "P_AT_10": 0.4592274678111588, "P_AT_K": 0.7124463519313304, "P_AT_K_positive": 0.0, "P_AT_K_negative": 0.0}], "P131": [{"MRR": 0.10084348211036986, "MRR_negative": 0.0, "MRR_positive": 0.0, "P_AT_1": 0.056753688989784334, "P_AT_10": 0.282633371169126, "P_AT_K": 0.6322360953461975, "P_AT_K_positive": 0.0, "P_AT_K_negative": 0.0}], "P1412": [{"MRR": 0.19813139107228717, "MRR_negative": 0.0, "MRR_positive": 0.0, "P_AT_1": 0.12487100103199174, "P_AT_10": 0.5056759545923633, "P_AT_K": 0.7616099071207431, "P_AT_K_positive": 0.0, "P_AT_K_negative": 0.0}], "P108": [{"MRR": 0.04654792359989706, "MRR_negative": 0.0, "MRR_positive": 0.0, "P_AT_1": 0.0, "P_AT_10": 0.12010443864229765, "P_AT_K": 0.5483028720626631, "P_AT_K_positive": 0.0, "P_AT_K_negative": 0.0}], "P136": [{"MRR": 0.02171334604589746, "MRR_negative": 0.0, "MRR_positive": 0.0, "P_AT_1": 0.0, "P_AT_10": 0.01933404940923738, "P_AT_K": 0.5961331901181526, "P_AT_K_positive": 0.0, "P_AT_K_negative": 0.0}], "P17": [{"MRR": 0.11823064824073706, "MRR_negative": 0.0, "MRR_positive": 0.0, "P_AT_1": 0.07849462365591398, "P_AT_10": 0.3311827956989247, "P_AT_K": 0.7129032258064516, "P_AT_K_positive": 0.0, "P_AT_K_negative": 0.0}], "P39": [{"MRR": 0.0808454851257358, "MRR_negative": 0.0, "MRR_positive": 0.0, "P_AT_1": 0.05493273542600897, "P_AT_10": 0.2219730941704036, "P_AT_K": 0.7623318385650224, "P_AT_K_positive": 0.0, "P_AT_K_negative": 0.0}], "P264": [{"MRR": 0.11250238090820797, "MRR_negative": 0.0, "MRR_positive": 0.0, "P_AT_1": 0.08158508158508158, "P_AT_10": 0.21212121212121213, "P_AT_K": 0.46853146853146854, "P_AT_K_positive": 0.0, "P_AT_K_negative": 0.0}], "P276": [{"MRR": 0.10849876220894737, "MRR_negative": 0.0, "MRR_positive": 0.0, "P_AT_1": 0.12212943632567849, "P_AT_10": 0.33611691022964507, "P_AT_K": 0.592901878914405, "P_AT_K_positive": 0.0, "P_AT_K_negative": 0.0}], "P937": [{"MRR": 0.10652364457232655, "MRR_negative": 0.0, "MRR_positive": 0.0, "P_AT_1": 0.15618448637316562, "P_AT_10": 0.3857442348008386, "P_AT_K": 0.6446540880503144, "P_AT_K_positive": 0.0, "P_AT_K_negative": 0.0}], "P140": [{"MRR": 0.21170182118312006, "MRR_negative": 0.0, "MRR_positive": 0.0, "P_AT_1": 0.02536997885835095, "P_AT_10": 0.4904862579281184, "P_AT_K": 0.9471458773784355, "P_AT_K_positive": 0.0, "P_AT_K_negative": 0.0}], "P1303": [{"MRR": 0.09573280432146389, "MRR_negative": 0.0, "MRR_positive": 0.0, "P_AT_1": 0.020021074815595362, "P_AT_10": 0.23498419388830347, "P_AT_K": 0.5753424657534246, "P_AT_K_positive": 0.0, "P_AT_K_negative": 0.0}], "P127": [{"MRR": 0.12036960531186718, "MRR_negative": 0.0, "MRR_positive": 0.0, "P_AT_1": 0.09461426491994178, "P_AT_10": 0.3231441048034934, "P_AT_K": 0.49344978165938863, "P_AT_K_positive": 0.0, "P_AT_K_negative": 0.0}],