{"Google_RE": {"means": ["Mean P@1,10,k: 0.01564646091595063, 0.10167931203346224, 0.4673325336231655"], "place_of_birth": [{"MRR": 0.06558950553244919, "MRR_negative": 0.0, "MRR_positive": 0.06558950553244919, "P_AT_1": 0.033707865168539325, "P_AT_10": 0.1647940074906367, "P_AT_K": 0.5073203949608444, "P_AT_K_positive": 0.5073203949608444, "P_AT_K_negative": 0.0}], "date_of_birth": [{"MRR": 0.048568886745822736, "MRR_negative": 0.0, "MRR_positive": 0.048568886745822736, "P_AT_1": 0.009315068493150684, "P_AT_10": 0.1063013698630137, "P_AT_K": 0.7145205479452055, "P_AT_K_positive": 0.7145205479452055, "P_AT_K_negative": 0.0}], "place_of_death": [{"MRR": 0.01615975662126432, "MRR_negative": 0.0, "MRR_positive": 0.01615975662126432, "P_AT_1": 0.0039164490861618795, "P_AT_10": 0.033942558746736295, "P_AT_K": 0.1801566579634465, "P_AT_K_positive": 0.1801566579634465, "P_AT_K_negative": 0.0}]}, "TREx": {"means": ["Mean P@1,10,k: 0.04058637617321978, 0.17429908006529812, 0.5265676814809777"], "P19": [{"MRR": 0.06124408928404769, "MRR_negative": 0.0, "MRR_positive": 0.0, "P_AT_1": 0.04449152542372881, "P_AT_10": 0.18008474576271186, "P_AT_K": 0.5423728813559322, "P_AT_K_positive": 0.0, "P_AT_K_negative": 0.0}], "P20": [{"MRR": 0.03675734371599405, "MRR_negative": 0.0, "MRR_positive": 0.0, "P_AT_1": 0.025183630640083946, "P_AT_10": 0.09758656873032528, "P_AT_K": 0.3357817418677859, "P_AT_K_positive": 0.0, "P_AT_K_negative": 0.0}], "P279": [{"MRR": 0.10842329511893833, "MRR_negative": 0.0, "MRR_positive": 0.0, "P_AT_1": 0.08609958506224066, "P_AT_10": 0.2883817427385892, "P_AT_K": 0.5186721991701245, "P_AT_K_positive": 0.0, "P_AT_K_negative": 0.0}], "P37": [{"MRR": 0.07849173107191323, "MRR_negative": 0.0, "MRR_positive": 0.0, "P_AT_1": 0.11387163561076605, "P_AT_10": 0.2536231884057971, "P_AT_K": 0.6780538302277432, "P_AT_K_positive": 0.0, "P_AT_K_negative": 0.0}], "P413": [{"MRR": 0.017778871744954117, "MRR_negative": 0.0, "MRR_positive": 0.0, "P_AT_1": 0.0, "P_AT_10": 0.022058823529411766, "P_AT_K": 0.4695378151260504, "P_AT_K_positive": 0.0, "P_AT_K_negative": 0.0}], "P449": [{"MRR": 0.1703563612629245, "MRR_negative": 0.0, "MRR_positive": 0.0, "P_AT_1": 0.2897727272727273, "P_AT_10": 0.6977272727272728, "P_AT_K": 0.8772727272727273, "P_AT_K_positive": 0.0, "P_AT_K_negative": 0.0}], "P47": [{"MRR": 0.025140759625474234, "MRR_negative": 0.0, "MRR_positive": 0.0, "P_AT_1": 0.004347826086956522, "P_AT_10": 0.06956521739130435, "P_AT_K": 0.36195652173913045, "P_AT_K_positive": 0.0, "P_AT_K_negative": 0.0}], "P138": [{"MRR": 0.004623091184438511, "MRR_negative": 0.0, "MRR_positive": 0.0, "P_AT_1": 0.001557632398753894, "P_AT_10": 0.009345794392523364, "P_AT_K": 0.06697819314641744, "P_AT_K_positive": 0.0, "P_AT_K_negative": 0.0}], "P364": [{"MRR": 0.12066429158092742, "MRR_negative": 0.0, "MRR_positive": 0.0, "P_AT_1": 0.07009345794392523, "P_AT_10": 0.308411214953271, "P_AT_K": 0.7336448598130841, "P_AT_K_positive": 0.0, "P_AT_K_negative": 0.0}], "P463": [{"MRR": 0.22781941997069188, "MRR_negative": 0.0, "MRR_positive": 0.0, "P_AT_1": 0.04888888888888889, "P_AT_10": 0.6355555555555555, "P_AT_K": 0.7733333333333333, "P_AT_K_positive": 0.0, "P_AT_K_negative": 0.0}], "P101": [{"MRR": 0.06587177856873329, "MRR_negative": 0.0, "MRR_positive": 0.0, "P_AT_1": 0.020114942528735632, "P_AT_10": 0.15373563218390804, "P_AT_K": 0.5632183908045977, "P_AT_K_positive": 0.0, "P_AT_K_negative": 0.0}], "P106": [{"MRR": 0.052765543749303284, "MRR_negative": 0.0, "MRR_positive": 0.0, "P_AT_1": 0.009394572025052192, "P_AT_10": 0.10438413361169102, "P_AT_K": 0.8121085594989561, "P_AT_K_positive": 0.0, "P_AT_K_negative": 0.0}], "P527": [{"MRR": 0.04942124645291142, "MRR_negative": 0.0, "MRR_positive": 0.0, "P_AT_1": 0.02151639344262295, "P_AT_10": 0.1444672131147541, "P_AT_K": 0.48155737704918034, "P_AT_K_positive": 0.0, "P_AT_K_negative": 0.0}], "P530": [{"MRR": 0.06911212314474244, "MRR_negative": 0.0, "MRR_positive": 0.0, "P_AT_1": 0.010040160642570281, "P_AT_10": 0.15461847389558234, "P_AT_K": 0.7881526104417671, "P_AT_K_positive": 0.0, "P_AT_K_negative": 0.0}], "P176": [{"MRR": 0.046043393868631516, "MRR_negative": 0.0, "MRR_positive": 0.0, "P_AT_1": 0.019527235354573486, "P_AT_10": 0.13360739979445016, "P_AT_K": 0.44912641315519014, "P_AT_K_positive": 0.0, "P_AT_K_negative": 0.0}], "P27": [{"MRR": 0.005380261876168356, "MRR_negative": 0.0, "MRR_positive": 0.0, "P_AT_1": 0.0, "P_AT_10": 0.0, "P_AT_K": 0.13457556935817805, "P_AT_K_positive": 0.0, "P_AT_K_negative": 0.0}], "P407": [{"MRR": 0.06647818746900161, "MRR_negative": 0.0, "MRR_positive": 0.0, "P_AT_1": 0.027366020524515394, "P_AT_10": 0.1790193842645382, "P_AT_K": 0.5860889395667047, "P_AT_K_positive": 0.0, "P_AT_K_negative": 0.0}], "P30": [{"MRR": 0.01855362119049742, "MRR_negative": 0.0, "MRR_positive": 0.0, "P_AT_1": 0.0, "P_AT_10": 0.03794871794871795, "P_AT_K": 0.3087179487179487, "P_AT_K_positive": 0.0, "P_AT_K_negative": 0.0}], "P178": [{"MRR": 0.14945957250185568, "MRR_negative": 0.0, "MRR_positive": 0.0, "P_AT_1": 0.26903553299492383, "P_AT_10": 0.5363790186125211, "P_AT_K": 0.6649746192893401, "P_AT_K_positive": 0.0, "P_AT_K_negative": 0.0}], "P1376": [{"MRR": 0.05309044508376916, "MRR_negative": 0.0, "MRR_positive": 0.0, "P_AT_1": 0.012875536480686695, "P_AT_10": 0.13304721030042918, "P_AT_K": 0.4892703862660944, "P_AT_K_positive": 0.0, "P_AT_K_negative": 0.0}], "P131": [{"MRR": 0.04505580246767803, "MRR_negative": 0.0, "MRR_positive": 0.0, "P_AT_1": 0.01362088535754824, "P_AT_10": 0.11464245175936436, "P_AT_K": 0.5085130533484676, "P_AT_K_positive": 0.0, "P_AT_K_negative": 0.0}], "P1412": [{"MRR": 0.019110741878069295, "MRR_negative": 0.0, "MRR_positive": 0.0, "P_AT_1": 0.0010319917440660474, "P_AT_10": 0.0196078431372549, "P_AT_K": 0.4871001031991744, "P_AT_K_positive": 0.0, "P_AT_K_negative": 0.0}], "P108": [{"MRR": 0.040484826249963135, "MRR_negative": 0.0, "MRR_positive": 0.0, "P_AT_1": 0.02349869451697128, "P_AT_10": 0.10704960835509138, "P_AT_K": 0.2793733681462141, "P_AT_K_positive": 0.0, "P_AT_K_negative": 0.0}], "P136": [{"MRR": 0.03618328903388472, "MRR_negative": 0.0, "MRR_positive": 0.0, "P_AT_1": 0.0, "P_AT_10": 0.07411385606874328, "P_AT_K": 0.7411385606874329, "P_AT_K_positive": 0.0, "P_AT_K_negative": 0.0}], "P17": [{"MRR": 0.04986182456359426, "MRR_negative": 0.0, "MRR_positive": 0.0, "P_AT_1": 0.007526881720430108, "P_AT_10": 0.13225806451612904, "P_AT_K": 0.6129032258064516, "P_AT_K_positive": 0.0, "P_AT_K_negative": 0.0}], "P39": [{"MRR": 0.11574407922697835, "MRR_negative": 0.0, "MRR_positive": 0.0, "P_AT_1": 0.03139013452914798, "P_AT_10": 0.30493273542600896, "P_AT_K": 0.8834080717488789, "P_AT_K_positive": 0.0, "P_AT_K_negative": 0.0}], "P264": [{"MRR": 0.0384794338596371, "MRR_negative": 0.0, "MRR_positive": 0.0, "P_AT_1": 0.14685314685314685, "P_AT_10": 0.21445221445221446, "P_AT_K": 0.41025641025641024, "P_AT_K_positive": 0.0, "P_AT_K_negative": 0.0}], "P276": [{"MRR": 0.039090080631316075, "MRR_negative": 0.0, "MRR_positive": 0.0, "P_AT_1": 0.013569937369519834, "P_AT_10": 0.10751565762004175, "P_AT_K": 0.44780793319415446, "P_AT_K_positive": 0.0, "P_AT_K_negative": 0.0}], "P937": [{"MRR": 0.05437403848999949, "MRR_negative": 0.0, "MRR_positive": 0.0, "P_AT_1": 0.06289308176100629, "P_AT_10": 0.1540880503144654, "P_AT_K": 0.5513626834381551, "P_AT_K_positive": 0.0, "P_AT_K_negative": 0.0}], "P140": [{"MRR": 0.02636545486332025, "MRR_negative": 0.0, "MRR_positive": 0.0, "P_AT_1": 0.0021141649048625794, "P_AT_10": 0.021141649048625793, "P_AT_K": 0.6976744186046512, "P_AT_K_positive": 0.0, "P_AT_K_negative": 0.0}], "P1303": [{"MRR": 0.11340196839325037, "MRR_negative": 0.0, "MRR_positive": 0.0, "P_AT_1": 0.012644889357218124, "P_AT_10": 0.2507903055848261, "P_AT_K": 0.642781875658588, "P_AT_K_positive": 0.0, "P_AT_K_negative": 0.0}], "P127": [{"MRR": 0.05202260687796792, "MRR_negative": 0.0, "MRR_positive": 0.0, "P_AT_1": 0.018922852983988356, "P_AT_10": 0.14847161572052403,