{"Google_RE": {"means": ["Mean P@1,10,k: 0.006554908585377759, 0.06754740717118211, 0.3151209002559234"], "place_of_birth": [{"MRR": 0.027764758248864853, "MRR_negative": 0.0, "MRR_positive": 0.027764758248864853, "P_AT_1": 0.011235955056179775, "P_AT_10": 0.06945863125638406, "P_AT_K": 0.26149131767109296, "P_AT_K_positive": 0.26149131767109296, "P_AT_K_negative": 0.0}], "date_of_birth": [{"MRR": 0.05325920508702139, "MRR_negative": 0.0, "MRR_positive": 0.05325920508702139, "P_AT_1": 0.007123287671232876, "P_AT_10": 0.12273972602739726, "P_AT_K": 0.6290410958904109, "P_AT_K_positive": 0.6290410958904109, "P_AT_K_negative": 0.0}], "place_of_death": [{"MRR": 0.006438370902269156, "MRR_negative": 0.0, "MRR_positive": 0.006438370902269156, "P_AT_1": 0.0013054830287206266, "P_AT_10": 0.010443864229765013, "P_AT_K": 0.05483028720626632, "P_AT_K_positive": 0.05483028720626632, "P_AT_K_negative": 0.0}]}, "TREx": {"means": ["Mean P@1,10,k: 0.017618092892103858, 0.08553812103855389, 0.32747510334582985"], "P19": [{"MRR": 0.03277110359781973, "MRR_negative": 0.0, "MRR_positive": 0.0, "P_AT_1": 0.009533898305084746, "P_AT_10": 0.07521186440677965, "P_AT_K": 0.2489406779661017, "P_AT_K_positive": 0.0, "P_AT_K_negative": 0.0}], "P20": [{"MRR": 0.009764856712884247, "MRR_negative": 0.0, "MRR_positive": 0.0, "P_AT_1": 0.0031479538300104933, "P_AT_10": 0.017838405036726127, "P_AT_K": 0.1080797481636936, "P_AT_K_positive": 0.0, "P_AT_K_negative": 0.0}], "P279": [{"MRR": 0.03177658433243367, "MRR_negative": 0.0, "MRR_positive": 0.0, "P_AT_1": 0.0031120331950207467, "P_AT_10": 0.07572614107883817, "P_AT_K": 0.2520746887966805, "P_AT_K_positive": 0.0, "P_AT_K_negative": 0.0}], "P37": [{"MRR": 0.012749015203516702, "MRR_negative": 0.0, "MRR_positive": 0.0, "P_AT_1": 0.0, "P_AT_10": 0.015527950310559006, "P_AT_K": 0.2329192546583851, "P_AT_K_positive": 0.0, "P_AT_K_negative": 0.0}], "P413": [{"MRR": 0.007921434577071387, "MRR_negative": 0.0, "MRR_positive": 0.0, "P_AT_1": 0.0, "P_AT_10": 0.0021008403361344537, "P_AT_K": 0.2111344537815126, "P_AT_K_positive": 0.0, "P_AT_K_negative": 0.0}], "P449": [{"MRR": 0.12005691361788881, "MRR_negative": 0.0, "MRR_positive": 0.0, "P_AT_1": 0.26590909090909093, "P_AT_10": 0.6125, "P_AT_K": 0.821590909090909, "P_AT_K_positive": 0.0, "P_AT_K_negative": 0.0}], "P47": [{"MRR": 0.021432354577496607, "MRR_negative": 0.0, "MRR_positive": 0.0, "P_AT_1": 0.005434782608695652, "P_AT_10": 0.057608695652173914, "P_AT_K": 0.33369565217391306, "P_AT_K_positive": 0.0, "P_AT_K_negative": 0.0}], "P138": [{"MRR": 0.003414026916636266, "MRR_negative": 0.0, "MRR_positive": 0.0, "P_AT_1": 0.003115264797507788, "P_AT_10": 0.00778816199376947, "P_AT_K": 0.05451713395638629, "P_AT_K_positive": 0.0, "P_AT_K_negative": 0.0}], "P364": [{"MRR": 0.013286593649554007, "MRR_negative": 0.0, "MRR_positive": 0.0, "P_AT_1": 0.0, "P_AT_10": 0.02102803738317757, "P_AT_K": 0.24182242990654207, "P_AT_K_positive": 0.0, "P_AT_K_negative": 0.0}], "P463": [{"MRR": 0.05791410454819406, "MRR_negative": 0.0, "MRR_positive": 0.0, "P_AT_1": 0.0, "P_AT_10": 0.15555555555555556, "P_AT_K": 0.6088888888888889, "P_AT_K_positive": 0.0, "P_AT_K_negative": 0.0}], "P101": [{"MRR": 0.053650925566447016, "MRR_negative": 0.0, "MRR_positive": 0.0, "P_AT_1": 0.005747126436781609, "P_AT_10": 0.13936781609195403, "P_AT_K": 0.4396551724137931, "P_AT_K_positive": 0.0, "P_AT_K_negative": 0.0}], "P106": [{"MRR": 0.040416246789833694, "MRR_negative": 0.0, "MRR_positive": 0.0, "P_AT_1": 0.0010438413361169101, "P_AT_10": 0.081419624217119, "P_AT_K": 0.7421711899791231, "P_AT_K_positive": 0.0, "P_AT_K_negative": 0.0}], "P527": [{"MRR": 0.019566315654712233, "MRR_negative": 0.0, "MRR_positive": 0.0, "P_AT_1": 0.00819672131147541, "P_AT_10": 0.04405737704918033, "P_AT_K": 0.2889344262295082, "P_AT_K_positive": 0.0, "P_AT_K_negative": 0.0}], "P530": [{"MRR": 0.05282960784442054, "MRR_negative": 0.0, "MRR_positive": 0.0, "P_AT_1": 0.002008032128514056, "P_AT_10": 0.11646586345381527, "P_AT_K": 0.7479919678714859, "P_AT_K_positive": 0.0, "P_AT_K_negative": 0.0}], "P176": [{"MRR": 0.03717268298144577, "MRR_negative": 0.0, "MRR_positive": 0.0, "P_AT_1": 0.01644398766700925, "P_AT_10": 0.10688591983556012, "P_AT_K": 0.2620760534429599, "P_AT_K_positive": 0.0, "P_AT_K_negative": 0.0}], "P27": [{"MRR": 0.0013241514316698626, "MRR_negative": 0.0, "MRR_positive": 0.0, "P_AT_1": 0.0, "P_AT_10": 0.0, "P_AT_K": 0.015527950310559006, "P_AT_K_positive": 0.0, "P_AT_K_negative": 0.0}], "P407": [{"MRR": 0.019289698324552882, "MRR_negative": 0.0, "MRR_positive": 0.0, "P_AT_1": 0.0068415051311288486, "P_AT_10": 0.036488027366020526, "P_AT_K": 0.3295324971493729, "P_AT_K_positive": 0.0, "P_AT_K_negative": 0.0}], "P30": [{"MRR": 0.005699562336464935, "MRR_negative": 0.0, "MRR_positive": 0.0, "P_AT_1": 0.0, "P_AT_10": 0.0020512820512820513, "P_AT_K": 0.14461538461538462, "P_AT_K_positive": 0.0, "P_AT_K_negative": 0.0}], "P178": [{"MRR": 0.17776348669428738, "MRR_negative": 0.0, "MRR_positive": 0.0, "P_AT_1": 0.21489001692047377, "P_AT_10": 0.4873096446700508, "P_AT_K": 0.6615905245346869, "P_AT_K_positive": 0.0, "P_AT_K_negative": 0.0}], "P1376": [{"MRR": 0.02942826840618029, "MRR_negative": 0.0, "MRR_positive": 0.0, "P_AT_1": 0.008583690987124463, "P_AT_10": 0.06866952789699571, "P_AT_K": 0.3948497854077253, "P_AT_K_positive": 0.0, "P_AT_K_negative": 0.0}], "P131": [{"MRR": 0.05444632126682268, "MRR_negative": 0.0, "MRR_positive": 0.0, "P_AT_1": 0.00681044267877412, "P_AT_10": 0.13280363223609534, "P_AT_K": 0.5255391600454029, "P_AT_K_positive": 0.0, "P_AT_K_negative": 0.0}], "P1412": [{"MRR": 0.00600805861079628, "MRR_negative": 0.0, "MRR_positive": 0.0, "P_AT_1": 0.0, "P_AT_10": 0.005159958720330237, "P_AT_K": 0.13519091847265222, "P_AT_K_positive": 0.0, "P_AT_K_negative": 0.0}], "P108": [{"MRR": 0.008049797427082036, "MRR_negative": 0.0, "MRR_positive": 0.0, "P_AT_1": 0.0, "P_AT_10": 0.010443864229765013, "P_AT_K": 0.1122715404699739, "P_AT_K_positive": 0.0, "P_AT_K_negative": 0.0}], "P136": [{"MRR": 0.03244065286406489, "MRR_negative": 0.0, "MRR_positive": 0.0, "P_AT_1": 0.0, "P_AT_10": 0.05907626208378088, "P_AT_K": 0.6154672395273899, "P_AT_K_positive": 0.0, "P_AT_K_negative": 0.0}], "P17": [{"MRR": 0.0554445611471252, "MRR_negative": 0.0, "MRR_positive": 0.0, "P_AT_1": 0.00967741935483871, "P_AT_10": 0.13333333333333333, "P_AT_K": 0.6978494623655914, "P_AT_K_positive": 0.0, "P_AT_K_negative": 0.0}], "P39": [{"MRR": 0.03271053297902398, "MRR_negative": 0.0, "MRR_positive": 0.0, "P_AT_1": 0.002242152466367713, "P_AT_10": 0.06053811659192825, "P_AT_K": 0.6401345291479821, "P_AT_K_positive": 0.0, "P_AT_K_negative": 0.0}], "P264": [{"MRR": 0.011888358942017254, "MRR_negative": 0.0, "MRR_positive": 0.0, "P_AT_1": 0.002331002331002331, "P_AT_10": 0.023310023310023312, "P_AT_K": 0.16083916083916083, "P_AT_K_positive": 0.0, "P_AT_K_negative": 0.0}], "P276": [{"MRR": 0.01948379997834797, "MRR_negative": 0.0, "MRR_positive": 0.0, "P_AT_1": 0.003131524008350731, "P_AT_10": 0.04175365344467641, "P_AT_K": 0.33089770354906056, "P_AT_K_positive": 0.0, "P_AT_K_negative": 0.0}], "P937": [{"MRR": 0.022022707676701957, "MRR_negative": 0.0, "MRR_positive": 0.0, "P_AT_1": 0.0041928721174004195, "P_AT_10": 0.06079664570230608, "P_AT_K": 0.31865828092243187, "P_AT_K_positive": 0.0, "P_AT_K_negative": 0.0}], "P140": [{"MRR": 0.004034460361723804, "MRR_negative": 0.0, "MRR_positive": 0.0, "P_AT_1": 0.0021141649048625794, "P_AT_10": 0.006342494714587738, "P_AT_K": 0.010570824524312896, "P_AT_K_positive": 0.0, "P_AT_K_negative": 0.0}], "P1303": [{"MRR": 0.17100030454711132, "MRR_negative": 0.0, "MRR_positive": 0.0, "P_AT_1": 0.06743940990516333, "P_AT_10": 0.35511064278187565, "P_AT_K": 0.5500526870389885, "P_AT_K_positive": 0.0, "P_AT_K_negative": 0.0}], "P127": [{"MRR": 0.03052429488152879, "MRR_negative": 0.0, "MRR_positive": 0.0, "P_AT_1": 0.008733624454148471, "P_AT_10": 0.08005822416302766, "P_AT_K": 0.34497816593886466,