{"Google_RE": {"means": ["Mean P@1,10,k: 0.009589753262788136, 0.06438826809928798, 0.2686733091817664"], "place_of_birth": [{"MRR": 0.04342011823916882, "MRR_negative": 0.0, "MRR_positive": 0.04342011823916882, "P_AT_1": 0.01634320735444331, "P_AT_10": 0.11712631937351038, "P_AT_K": 0.313585291113381, "P_AT_K_positive": 0.313585291113381, "P_AT_K_negative": 0.0}], "date_of_birth": [{"MRR": 0.0163319459125084, "MRR_negative": 0.0, "MRR_positive": 0.0163319459125084, "P_AT_1": 0.0032876712328767125, "P_AT_10": 0.02904109589041096, "P_AT_K": 0.35013698630136986, "P_AT_K_positive": 0.35013698630136986, "P_AT_K_negative": 0.0}], "place_of_death": [{"MRR": 0.01663825912980184, "MRR_negative": 0.0, "MRR_positive": 0.01663825912980184, "P_AT_1": 0.009138381201044387, "P_AT_10": 0.04699738903394256, "P_AT_K": 0.1422976501305483, "P_AT_K_positive": 0.1422976501305483, "P_AT_K_negative": 0.0}]}, "TREx": {"means": ["Mean P@1,10,k: 0.024884682851743122, 0.10157324900137309, 0.2932072189485655"], "P19": [{"MRR": 0.04331630032660596, "MRR_negative": 0.0, "MRR_positive": 0.0, "P_AT_1": 0.00847457627118644, "P_AT_10": 0.11122881355932203, "P_AT_K": 0.3103813559322034, "P_AT_K_positive": 0.0, "P_AT_K_negative": 0.0}], "P20": [{"MRR": 0.03348815168175226, "MRR_negative": 0.0, "MRR_positive": 0.0, "P_AT_1": 0.022035676810073453, "P_AT_10": 0.08499475341028331, "P_AT_K": 0.2602308499475341, "P_AT_K_positive": 0.0, "P_AT_K_negative": 0.0}], "P279": [{"MRR": 0.038093050756218466, "MRR_negative": 0.0, "MRR_positive": 0.0, "P_AT_1": 0.0031120331950207467, "P_AT_10": 0.0995850622406639, "P_AT_K": 0.25103734439834025, "P_AT_K_positive": 0.0, "P_AT_K_negative": 0.0}], "P37": [{"MRR": 0.0018204927358919751, "MRR_negative": 0.0, "MRR_positive": 0.0, "P_AT_1": 0.0, "P_AT_10": 0.0, "P_AT_K": 0.034161490683229816, "P_AT_K_positive": 0.0, "P_AT_K_negative": 0.0}], "P413": [{"MRR": 0.0008080612133113893, "MRR_negative": 0.0, "MRR_positive": 0.0, "P_AT_1": 0.0, "P_AT_10": 0.0, "P_AT_K": 0.004201680672268907, "P_AT_K_positive": 0.0, "P_AT_K_negative": 0.0}], "P449": [{"MRR": 0.1632604331152542, "MRR_negative": 0.0, "MRR_positive": 0.0, "P_AT_1": 0.325, "P_AT_10": 0.6295454545454545, "P_AT_K": 0.7909090909090909, "P_AT_K_positive": 0.0, "P_AT_K_negative": 0.0}], "P47": [{"MRR": 0.02512986018827269, "MRR_negative": 0.0, "MRR_positive": 0.0, "P_AT_1": 0.005434782608695652, "P_AT_10": 0.06521739130434782, "P_AT_K": 0.2326086956521739, "P_AT_K_positive": 0.0, "P_AT_K_negative": 0.0}], "P138": [{"MRR": 0.00884170177633085, "MRR_negative": 0.0, "MRR_positive": 0.0, "P_AT_1": 0.0, "P_AT_10": 0.012461059190031152, "P_AT_K": 0.08411214953271028, "P_AT_K_positive": 0.0, "P_AT_K_negative": 0.0}], "P364": [{"MRR": 0.0018023316549907846, "MRR_negative": 0.0, "MRR_positive": 0.0, "P_AT_1": 0.0, "P_AT_10": 0.0, "P_AT_K": 0.02570093457943925, "P_AT_K_positive": 0.0, "P_AT_K_negative": 0.0}], "P463": [{"MRR": 0.07203713502583879, "MRR_negative": 0.0, "MRR_positive": 0.0, "P_AT_1": 0.0044444444444444444, "P_AT_10": 0.25333333333333335, "P_AT_K": 0.5377777777777778, "P_AT_K_positive": 0.0, "P_AT_K_negative": 0.0}], "P101": [{"MRR": 0.038333447273404236, "MRR_negative": 0.0, "MRR_positive": 0.0, "P_AT_1": 0.007183908045977011, "P_AT_10": 0.08333333333333333, "P_AT_K": 0.40660919540229884, "P_AT_K_positive": 0.0, "P_AT_K_negative": 0.0}], "P106": [{"MRR": 0.013069520567097162, "MRR_negative": 0.0, "MRR_positive": 0.0, "P_AT_1": 0.0010438413361169101, "P_AT_10": 0.029227557411273485, "P_AT_K": 0.1304801670146138, "P_AT_K_positive": 0.0, "P_AT_K_negative": 0.0}], "P527": [{"MRR": 0.021017520838332464, "MRR_negative": 0.0, "MRR_positive": 0.0, "P_AT_1": 0.007172131147540984, "P_AT_10": 0.050204918032786885, "P_AT_K": 0.23770491803278687, "P_AT_K_positive": 0.0, "P_AT_K_negative": 0.0}], "P530": [{"MRR": 0.045737739636844875, "MRR_negative": 0.0, "MRR_positive": 0.0, "P_AT_1": 0.010040160642570281, "P_AT_10": 0.10341365461847389, "P_AT_K": 0.5532128514056225, "P_AT_K_positive": 0.0, "P_AT_K_negative": 0.0}], "P176": [{"MRR": 0.027631027830639327, "MRR_negative": 0.0, "MRR_positive": 0.0, "P_AT_1": 0.009249743062692703, "P_AT_10": 0.050359712230215826, "P_AT_K": 0.23535457348406988, "P_AT_K_positive": 0.0, "P_AT_K_negative": 0.0}], "P27": [{"MRR": 1.518577235113087e-05, "MRR_negative": 0.0, "MRR_positive": 0.0, "P_AT_1": 0.0, "P_AT_10": 0.0, "P_AT_K": 0.0, "P_AT_K_positive": 0.0, "P_AT_K_negative": 0.0}], "P407": [{"MRR": 0.04913241679398083, "MRR_negative": 0.0, "MRR_positive": 0.0, "P_AT_1": 0.019384264538198404, "P_AT_10": 0.14367160775370583, "P_AT_K": 0.4629418472063854, "P_AT_K_positive": 0.0, "P_AT_K_negative": 0.0}], "P30": [{"MRR": 0.0181090994219384, "MRR_negative": 0.0, "MRR_positive": 0.0, "P_AT_1": 0.0, "P_AT_10": 0.029743589743589743, "P_AT_K": 0.3682051282051282, "P_AT_K_positive": 0.0, "P_AT_K_negative": 0.0}], "P178": [{"MRR": 0.16110756929847234, "MRR_negative": 0.0, "MRR_positive": 0.0, "P_AT_1": 0.12013536379018612, "P_AT_10": 0.32656514382402707, "P_AT_K": 0.6040609137055838, "P_AT_K_positive": 0.0, "P_AT_K_negative": 0.0}], "P1376": [{"MRR": 0.052752363204873344, "MRR_negative": 0.0, "MRR_positive": 0.0, "P_AT_1": 0.030042918454935622, "P_AT_10": 0.1459227467811159, "P_AT_K": 0.45064377682403434, "P_AT_K_positive": 0.0, "P_AT_K_negative": 0.0}], "P131": [{"MRR": 0.05759086497225575, "MRR_negative": 0.0, "MRR_positive": 0.0, "P_AT_1": 0.028376844494892167, "P_AT_10": 0.15209988649262202, "P_AT_K": 0.5062429057888763, "P_AT_K_positive": 0.0, "P_AT_K_negative": 0.0}], "P1412": [{"MRR": 0.07360715888389024, "MRR_negative": 0.0, "MRR_positive": 0.0, "P_AT_1": 0.02889576883384933, "P_AT_10": 0.18885448916408668, "P_AT_K": 0.5067079463364293, "P_AT_K_positive": 0.0, "P_AT_K_negative": 0.0}], "P108": [{"MRR": 0.00353606249100986, "MRR_negative": 0.0, "MRR_positive": 0.0, "P_AT_1": 0.0, "P_AT_10": 0.007832898172323759, "P_AT_K": 0.07571801566579635, "P_AT_K_positive": 0.0, "P_AT_K_negative": 0.0}], "P136": [{"MRR": 0.008416419509035019, "MRR_negative": 0.0, "MRR_positive": 0.0, "P_AT_1": 0.0, "P_AT_10": 0.0053705692803437165, "P_AT_K": 0.24597207303974222, "P_AT_K_positive": 0.0, "P_AT_K_negative": 0.0}], "P17": [{"MRR": 0.09568687849422156, "MRR_negative": 0.0, "MRR_positive": 0.0, "P_AT_1": 0.05161290322580645, "P_AT_10": 0.2645161290322581, "P_AT_K": 0.6956989247311828, "P_AT_K_positive": 0.0, "P_AT_K_negative": 0.0}], "P39": [{"MRR": 0.009719941939800377, "MRR_negative": 0.0, "MRR_positive": 0.0, "P_AT_1": 0.002242152466367713, "P_AT_10": 0.016816143497757848, "P_AT_K": 0.16704035874439463, "P_AT_K_positive": 0.0, "P_AT_K_negative": 0.0}], "P264": [{"MRR": 0.010837180848132852, "MRR_negative": 0.0, "MRR_positive": 0.0, "P_AT_1": 0.002331002331002331, "P_AT_10": 0.027972027972027972, "P_AT_K": 0.1585081585081585, "P_AT_K_positive": 0.0, "P_AT_K_negative": 0.0}], "P276": [{"MRR": 0.03182152584733635, "MRR_negative": 0.0, "MRR_positive": 0.0, "P_AT_1": 0.019832985386221295, "P_AT_10": 0.09812108559498957, "P_AT_K": 0.33820459290187893, "P_AT_K_positive": 0.0, "P_AT_K_negative": 0.0}], "P937": [{"MRR": 0.10087371813188571, "MRR_negative": 0.0, "MRR_positive": 0.0, "P_AT_1": 0.09538784067085954, "P_AT_10": 0.27148846960167716, "P_AT_K": 0.4979035639412998, "P_AT_K_positive": 0.0, "P_AT_K_negative": 0.0}], "P140": [{"MRR": 0.004652175024677965, "MRR_negative": 0.0, "MRR_positive": 0.0, "P_AT_1": 0.0, "P_AT_10": 0.006342494714587738, "P_AT_K": 0.07188160676532769, "P_AT_K_positive": 0.0, "P_AT_K_negative": 0.0}], "P1303": [{"MRR": 0.02638258734220437, "MRR_negative": 0.0, "MRR_positive": 0.0, "P_AT_1": 0.003161222339304531, "P_AT_10": 0.06638566912539515, "P_AT_K": 0.24446786090621708, "P_AT_K_positive": 0.0, "P_AT_K_negative": 0.0}], "P127": [{"MRR": 0.04380392881393632, "MRR_negative": 0.0, "MRR_positive": 0.0, "P_AT_1": 0.017467248908296942, "P_AT_10": 0.12518195050946143, "P_AT_K": 0.3799126637554585, "P_AT_K_positive": 0.0, "P_AT_K_negative": 0.0}], "P103": [{"MRR": 0.0017125676765261033,