{"Google_RE": {"means": ["Mean P@1,10,k: 0.008347427795769287, 0.04984870127106894, 0.23605356009792522"], "place_of_birth": [{"MRR": 0.02851717345406157, "MRR_negative": 0.0, "MRR_positive": 0.02851717345406157, "P_AT_1": 0.018386108273748723, "P_AT_10": 0.08103506979911475, "P_AT_K": 0.23833844058563158, "P_AT_K_positive": 0.23833844058563158, "P_AT_K_negative": 0.0}], "date_of_birth": [{"MRR": 0.021507008096381428, "MRR_negative": 0.0, "MRR_positive": 0.021507008096381428, "P_AT_1": 0.0027397260273972603, "P_AT_10": 0.0410958904109589, "P_AT_K": 0.35232876712328765, "P_AT_K_positive": 0.35232876712328765, "P_AT_K_negative": 0.0}], "place_of_death": [{"MRR": 0.010738667684466748, "MRR_negative": 0.0, "MRR_positive": 0.010738667684466748, "P_AT_1": 0.0039164490861618795, "P_AT_10": 0.02741514360313316, "P_AT_K": 0.1174934725848564, "P_AT_K_positive": 0.1174934725848564, "P_AT_K_negative": 0.0}]}, "TREx": {"means": ["Mean P@1,10,k: 0.020625265896267914, 0.09118177763157823, 0.2631198581054048"], "P19": [{"MRR": 0.029696940720157286, "MRR_negative": 0.0, "MRR_positive": 0.0, "P_AT_1": 0.01059322033898305, "P_AT_10": 0.0815677966101695, "P_AT_K": 0.2457627118644068, "P_AT_K_positive": 0.0, "P_AT_K_negative": 0.0}], "P20": [{"MRR": 0.02393043044757936, "MRR_negative": 0.0, "MRR_positive": 0.0, "P_AT_1": 0.014690451206715634, "P_AT_10": 0.060860440713536204, "P_AT_K": 0.2098635886673662, "P_AT_K_positive": 0.0, "P_AT_K_negative": 0.0}], "P279": [{"MRR": 0.05180454206446916, "MRR_negative": 0.0, "MRR_positive": 0.0, "P_AT_1": 0.004149377593360996, "P_AT_10": 0.11721991701244813, "P_AT_K": 0.23340248962655602, "P_AT_K_positive": 0.0, "P_AT_K_negative": 0.0}], "P37": [{"MRR": 0.0012470986099429424, "MRR_negative": 0.0, "MRR_positive": 0.0, "P_AT_1": 0.0, "P_AT_10": 0.0010351966873706005, "P_AT_K": 0.016563146997929608, "P_AT_K_positive": 0.0, "P_AT_K_negative": 0.0}], "P413": [{"MRR": 0.0005013121167806603, "MRR_negative": 0.0, "MRR_positive": 0.0, "P_AT_1": 0.0, "P_AT_10": 0.0, "P_AT_K": 0.0, "P_AT_K_positive": 0.0, "P_AT_K_negative": 0.0}], "P449": [{"MRR": 0.13343423785785144, "MRR_negative": 0.0, "MRR_positive": 0.0, "P_AT_1": 0.3068181818181818, "P_AT_10": 0.6113636363636363, "P_AT_K": 0.7659090909090909, "P_AT_K_positive": 0.0, "P_AT_K_negative": 0.0}], "P47": [{"MRR": 0.01929450361657291, "MRR_negative": 0.0, "MRR_positive": 0.0, "P_AT_1": 0.008695652173913044, "P_AT_10": 0.04891304347826087, "P_AT_K": 0.19130434782608696, "P_AT_K_positive": 0.0, "P_AT_K_negative": 0.0}], "P138": [{"MRR": 0.003486249448937793, "MRR_negative": 0.0, "MRR_positive": 0.0, "P_AT_1": 0.0, "P_AT_10": 0.001557632398753894, "P_AT_K": 0.08411214953271028, "P_AT_K_positive": 0.0, "P_AT_K_negative": 0.0}], "P364": [{"MRR": 0.0012996182111147784, "MRR_negative": 0.0, "MRR_positive": 0.0, "P_AT_1": 0.0, "P_AT_10": 0.0, "P_AT_K": 0.02102803738317757, "P_AT_K_positive": 0.0, "P_AT_K_negative": 0.0}], "P463": [{"MRR": 0.08310058270553294, "MRR_negative": 0.0, "MRR_positive": 0.0, "P_AT_1": 0.013333333333333334, "P_AT_10": 0.24888888888888888, "P_AT_K": 0.5377777777777778, "P_AT_K_positive": 0.0, "P_AT_K_negative": 0.0}], "P101": [{"MRR": 0.037948145809711405, "MRR_negative": 0.0, "MRR_positive": 0.0, "P_AT_1": 0.017241379310344827, "P_AT_10": 0.10632183908045977, "P_AT_K": 0.3764367816091954, "P_AT_K_positive": 0.0, "P_AT_K_negative": 0.0}], "P106": [{"MRR": 0.009484242285555547, "MRR_negative": 0.0, "MRR_positive": 0.0, "P_AT_1": 0.0, "P_AT_10": 0.006263048016701462, "P_AT_K": 0.24321503131524008, "P_AT_K_positive": 0.0, "P_AT_K_negative": 0.0}], "P527": [{"MRR": 0.02405002472527426, "MRR_negative": 0.0, "MRR_positive": 0.0, "P_AT_1": 0.004098360655737705, "P_AT_10": 0.05327868852459016, "P_AT_K": 0.25, "P_AT_K_positive": 0.0, "P_AT_K_negative": 0.0}], "P530": [{"MRR": 0.03171372052089787, "MRR_negative": 0.0, "MRR_positive": 0.0, "P_AT_1": 0.006024096385542169, "P_AT_10": 0.07028112449799197, "P_AT_K": 0.42168674698795183, "P_AT_K_positive": 0.0, "P_AT_K_negative": 0.0}], "P176": [{"MRR": 0.014047496462084193, "MRR_negative": 0.0, "MRR_positive": 0.0, "P_AT_1": 0.009249743062692703, "P_AT_10": 0.03597122302158273, "P_AT_K": 0.09763617677286741, "P_AT_K_positive": 0.0, "P_AT_K_negative": 0.0}], "P27": [{"MRR": 6.715737161327176e-05, "MRR_negative": 0.0, "MRR_positive": 0.0, "P_AT_1": 0.0, "P_AT_10": 0.0, "P_AT_K": 0.0, "P_AT_K_positive": 0.0, "P_AT_K_negative": 0.0}], "P407": [{"MRR": 0.02589796635908695, "MRR_negative": 0.0, "MRR_positive": 0.0, "P_AT_1": 0.005701254275940707, "P_AT_10": 0.06043329532497149, "P_AT_K": 0.3295324971493729, "P_AT_K_positive": 0.0, "P_AT_K_negative": 0.0}], "P30": [{"MRR": 0.023285838184965556, "MRR_negative": 0.0, "MRR_positive": 0.0, "P_AT_1": 0.0020512820512820513, "P_AT_10": 0.05846153846153846, "P_AT_K": 0.3158974358974359, "P_AT_K_positive": 0.0, "P_AT_K_negative": 0.0}], "P178": [{"MRR": 0.1364639765708066, "MRR_negative": 0.0, "MRR_positive": 0.0, "P_AT_1": 0.0727580372250423, "P_AT_10": 0.3164128595600677, "P_AT_K": 0.5905245346869712, "P_AT_K_positive": 0.0, "P_AT_K_negative": 0.0}], "P1376": [{"MRR": 0.048986193629524354, "MRR_negative": 0.0, "MRR_positive": 0.0, "P_AT_1": 0.02145922746781116, "P_AT_10": 0.11587982832618025, "P_AT_K": 0.41630901287553645, "P_AT_K_positive": 0.0, "P_AT_K_negative": 0.0}], "P131": [{"MRR": 0.06407125614661736, "MRR_negative": 0.0, "MRR_positive": 0.0, "P_AT_1": 0.018161180476730987, "P_AT_10": 0.15550510783200908, "P_AT_K": 0.46538024971623154, "P_AT_K_positive": 0.0, "P_AT_K_negative": 0.0}], "P1412": [{"MRR": 0.03275316732680353, "MRR_negative": 0.0, "MRR_positive": 0.0, "P_AT_1": 0.0020639834881320948, "P_AT_10": 0.07739938080495357, "P_AT_K": 0.49638802889576883, "P_AT_K_positive": 0.0, "P_AT_K_negative": 0.0}], "P108": [{"MRR": 0.0017529340236954421, "MRR_negative": 0.0, "MRR_positive": 0.0, "P_AT_1": 0.0, "P_AT_10": 0.005221932114882507, "P_AT_K": 0.018276762402088774, "P_AT_K_positive": 0.0, "P_AT_K_negative": 0.0}], "P136": [{"MRR": 0.0072590346459628, "MRR_negative": 0.0, "MRR_positive": 0.0, "P_AT_1": 0.0, "P_AT_10": 0.004296455424274973, "P_AT_K": 0.22448979591836735, "P_AT_K_positive": 0.0, "P_AT_K_negative": 0.0}], "P17": [{"MRR": 0.09617212632351112, "MRR_negative": 0.0, "MRR_positive": 0.0, "P_AT_1": 0.035483870967741936, "P_AT_10": 0.26344086021505375, "P_AT_K": 0.7043010752688172, "P_AT_K_positive": 0.0, "P_AT_K_negative": 0.0}], "P39": [{"MRR": 0.01835281505606956, "MRR_negative": 0.0, "MRR_positive": 0.0, "P_AT_1": 0.007847533632286996, "P_AT_10": 0.04147982062780269, "P_AT_K": 0.226457399103139, "P_AT_K_positive": 0.0, "P_AT_K_negative": 0.0}], "P264": [{"MRR": 0.0016203409787252838, "MRR_negative": 0.0, "MRR_positive": 0.0, "P_AT_1": 0.0, "P_AT_10": 0.002331002331002331, "P_AT_K": 0.039627039627039624, "P_AT_K_positive": 0.0, "P_AT_K_negative": 0.0}], "P276": [{"MRR": 0.03648411930395343, "MRR_negative": 0.0, "MRR_positive": 0.0, "P_AT_1": 0.008350730688935281, "P_AT_10": 0.08559498956158663, "P_AT_K": 0.29227557411273486, "P_AT_K_positive": 0.0, "P_AT_K_negative": 0.0}], "P937": [{"MRR": 0.09186057452605707, "MRR_negative": 0.0, "MRR_positive": 0.0, "P_AT_1": 0.07966457023060797, "P_AT_10": 0.259958071278826, "P_AT_K": 0.4129979035639413, "P_AT_K_positive": 0.0, "P_AT_K_negative": 0.0}], "P140": [{"MRR": 0.005132501325584421, "MRR_negative": 0.0, "MRR_positive": 0.0, "P_AT_1": 0.0, "P_AT_10": 0.006342494714587738, "P_AT_K": 0.03382663847780127, "P_AT_K_positive": 0.0, "P_AT_K_negative": 0.0}], "P1303": [{"MRR": 0.025846355449044078, "MRR_negative": 0.0, "MRR_positive": 0.0, "P_AT_1": 0.007376185458377239, "P_AT_10": 0.059009483667017915, "P_AT_K": 0.24025289778714437, "P_AT_K_positive": 0.0, "P_AT_K_negative": 0.0}], "P127": [{"MRR": 0.03203544516924595, "MRR_negative": 0.0, "MRR_positive": 0.0, "P_AT_1": 0.008733624454148471, "P_AT_10": 0.08879184861717612, "P_AT_K": 0.33770014556040756, "P_AT_K_positive": 0.0, "P_AT_K_negative": 0.0}], "P103": [{"MRR": 0.0008270752816920663,