{"Google_RE": {"means": [], "place_of_birth": [{"MRR": 0.032321562288834454, "MRR_negative": 0.0, "MRR_positive": 0.032321562288834454, "P_AT_1": 0.012938372488934287, "P_AT_10": 0.0888661899897855, "P_AT_K": 0.28975144705481787, "P_AT_K_positive": 0.28975144705481787, "P_AT_K_negative": 0.0}], "date_of_birth": [{"MRR": 0.020927804470846967, "MRR_negative": 0.0, "MRR_positive": 0.020927804470846967, "P_AT_1": 0.0027397260273972603, "P_AT_10": 0.033424657534246574, "P_AT_K": 0.44273972602739725, "P_AT_K_positive": 0.44273972602739725, "P_AT_K_negative": 0.0}], "place_of_death": [{"MRR": 0.0062014050795768175, "MRR_negative": 0.0, "MRR_positive": 0.0062014050795768175, "P_AT_1": 0.0039164490861618795, "P_AT_10": 0.009138381201044387, "P_AT_K": 0.09138381201044386, "P_AT_K_positive": 0.09138381201044386, "P_AT_K_negative": 0.0}]}, "TREx": {"means": [], "P19": [{"MRR": 0.04991133454250522, "MRR_negative": 0.0, "MRR_positive": 0.0, "P_AT_1": 0.013771186440677966, "P_AT_10": 0.11440677966101695, "P_AT_K": 0.3125, "P_AT_K_positive": 0.0, "P_AT_K_negative": 0.0}], "P20": [{"MRR": 0.014458656738228505, "MRR_negative": 0.0, "MRR_positive": 0.0, "P_AT_1": 0.004197271773347324, "P_AT_10": 0.02728226652675761, "P_AT_K": 0.17418677859391396, "P_AT_K_positive": 0.0, "P_AT_K_negative": 0.0}], "P279": [{"MRR": 0.025389229524207406, "MRR_negative": 0.0, "MRR_positive": 0.0, "P_AT_1": 0.006224066390041493, "P_AT_10": 0.061203319502074686, "P_AT_K": 0.258298755186722, "P_AT_K_positive": 0.0, "P_AT_K_negative": 0.0}], "P37": [{"MRR": 0.01044338399426486, "MRR_negative": 0.0, "MRR_positive": 0.0, "P_AT_1": 0.0, "P_AT_10": 0.024844720496894408, "P_AT_K": 0.14182194616977226, "P_AT_K_positive": 0.0, "P_AT_K_negative": 0.0}], "P413": [{"MRR": 0.004566484725703115, "MRR_negative": 0.0, "MRR_positive": 0.0, "P_AT_1": 0.0, "P_AT_10": 0.0010504201680672268, "P_AT_K": 0.10819327731092437, "P_AT_K_positive": 0.0, "P_AT_K_negative": 0.0}], "P449": [{"MRR": 0.11351621659319651, "MRR_negative": 0.0, "MRR_positive": 0.0, "P_AT_1": 0.2761363636363636, "P_AT_10": 0.5852272727272727, "P_AT_K": 0.7795454545454545, "P_AT_K_positive": 0.0, "P_AT_K_negative": 0.0}], "P47": [{"MRR": 0.04068568032529483, "MRR_negative": 0.0, "MRR_positive": 0.0, "P_AT_1": 0.015217391304347827, "P_AT_10": 0.09891304347826087, "P_AT_K": 0.3858695652173913, "P_AT_K_positive": 0.0, "P_AT_K_negative": 0.0}], "P138": [{"MRR": 0.008763897243938886, "MRR_negative": 0.0, "MRR_positive": 0.0, "P_AT_1": 0.001557632398753894, "P_AT_10": 0.021806853582554516, "P_AT_K": 0.12305295950155763, "P_AT_K_positive": 0.0, "P_AT_K_negative": 0.0}], "P364": [{"MRR": 0.005313953800217902, "MRR_negative": 0.0, "MRR_positive": 0.0, "P_AT_1": 0.0, "P_AT_10": 0.008177570093457943, "P_AT_K": 0.11565420560747663, "P_AT_K_positive": 0.0, "P_AT_K_negative": 0.0}], "P463": [{"MRR": 0.19451227882134406, "MRR_negative": 0.0, "MRR_positive": 0.0, "P_AT_1": 0.06666666666666667, "P_AT_10": 0.5022222222222222, "P_AT_K": 0.6444444444444445, "P_AT_K_positive": 0.0, "P_AT_K_negative": 0.0}], "P101": [{"MRR": 0.05126118642352038, "MRR_negative": 0.0, "MRR_positive": 0.0, "P_AT_1": 0.0028735632183908046, "P_AT_10": 0.15229885057471265, "P_AT_K": 0.4698275862068966, "P_AT_K_positive": 0.0, "P_AT_K_negative": 0.0}], "P106": [{"MRR": 0.035418170521103146, "MRR_negative": 0.0, "MRR_positive": 0.0, "P_AT_1": 0.011482254697286013, "P_AT_10": 0.08037578288100208, "P_AT_K": 0.3862212943632568, "P_AT_K_positive": 0.0, "P_AT_K_negative": 0.0}], "P527": [{"MRR": 0.028592683523329842, "MRR_negative": 0.0, "MRR_positive": 0.0, "P_AT_1": 0.007172131147540984, "P_AT_10": 0.06659836065573771, "P_AT_K": 0.33811475409836067, "P_AT_K_positive": 0.0, "P_AT_K_negative": 0.0}], "P530": [{"MRR": 0.06521442378241607, "MRR_negative": 0.0, "MRR_positive": 0.0, "P_AT_1": 0.013052208835341365, "P_AT_10": 0.1646586345381526, "P_AT_K": 0.6897590361445783, "P_AT_K_positive": 0.0, "P_AT_K_negative": 0.0}], "P176": [{"MRR": 0.07665982585331742, "MRR_negative": 0.0, "MRR_positive": 0.0, "P_AT_1": 0.05960945529290853, "P_AT_10": 0.2209660842754368, "P_AT_K": 0.4676258992805755, "P_AT_K_positive": 0.0, "P_AT_K_negative": 0.0}], "P27": [{"MRR": 4.5725567263675533e-05, "MRR_negative": 0.0, "MRR_positive": 0.0, "P_AT_1": 0.0, "P_AT_10": 0.0, "P_AT_K": 0.0, "P_AT_K_positive": 0.0, "P_AT_K_negative": 0.0}], "P407": [{"MRR": 0.020308240807679075, "MRR_negative": 0.0, "MRR_positive": 0.0, "P_AT_1": 0.0034207525655644243, "P_AT_10": 0.05017103762827822, "P_AT_K": 0.25997719498289623, "P_AT_K_positive": 0.0, "P_AT_K_negative": 0.0}], "P30": [{"MRR": 0.04737417601392097, "MRR_negative": 0.0, "MRR_positive": 0.0, "P_AT_1": 0.0041025641025641026, "P_AT_10": 0.10974358974358975, "P_AT_K": 0.5517948717948717, "P_AT_K_positive": 0.0, "P_AT_K_negative": 0.0}], "P178": [{"MRR": 0.1632615099301848, "MRR_negative": 0.0, "MRR_positive": 0.0, "P_AT_1": 0.04060913705583756, "P_AT_10": 0.3604060913705584, "P_AT_K": 0.5617597292724196, "P_AT_K_positive": 0.0, "P_AT_K_negative": 0.0}], "P1376": [{"MRR": 0.04976648854389757, "MRR_negative": 0.0, "MRR_positive": 0.0, "P_AT_1": 0.017167381974248927, "P_AT_10": 0.12017167381974249, "P_AT_K": 0.4291845493562232, "P_AT_K_positive": 0.0, "P_AT_K_negative": 0.0}], "P131": [{"MRR": 0.06542579207602901, "MRR_negative": 0.0, "MRR_positive": 0.0, "P_AT_1": 0.029511918274687854, "P_AT_10": 0.16685584562996594, "P_AT_K": 0.5312145289443814, "P_AT_K_positive": 0.0, "P_AT_K_negative": 0.0}], "P1412": [{"MRR": 0.06936331261537669, "MRR_negative": 0.0, "MRR_positive": 0.0, "P_AT_1": 0.02063983488132095, "P_AT_10": 0.19814241486068113, "P_AT_K": 0.5820433436532507, "P_AT_K_positive": 0.0, "P_AT_K_negative": 0.0}], "P108": [{"MRR": 0.004219686571620933, "MRR_negative": 0.0, "MRR_positive": 0.0, "P_AT_1": 0.0026109660574412533, "P_AT_10": 0.007832898172323759, "P_AT_K": 0.08093994778067885, "P_AT_K_positive": 0.0, "P_AT_K_negative": 0.0}], "P136": [{"MRR": 0.04343383955817474, "MRR_negative": 0.0, "MRR_positive": 0.0, "P_AT_1": 0.0, "P_AT_10": 0.11815252416756176, "P_AT_K": 0.5767991407089151, "P_AT_K_positive": 0.0, "P_AT_K_negative": 0.0}], "P17": [{"MRR": 0.1117885110290864, "MRR_negative": 0.0, "MRR_positive": 0.0, "P_AT_1": 0.04516129032258064, "P_AT_10": 0.2806451612903226, "P_AT_K": 0.6688172043010753, "P_AT_K_positive": 0.0, "P_AT_K_negative": 0.0}], "P39": [{"MRR": 0.05275543880810878, "MRR_negative": 0.0, "MRR_positive": 0.0, "P_AT_1": 0.002242152466367713, "P_AT_10": 0.1311659192825112, "P_AT_K": 0.6065022421524664, "P_AT_K_positive": 0.0, "P_AT_K_negative": 0.0}], "P264": [{"MRR": 0.027818826314728044, "MRR_negative": 0.0, "MRR_positive": 0.0, "P_AT_1": 0.006993006993006993, "P_AT_10": 0.08624708624708624, "P_AT_K": 0.19114219114219114, "P_AT_K_positive": 0.0, "P_AT_K_negative": 0.0}], "P276": [{"MRR": 0.04559425376768838, "MRR_negative": 0.0, "MRR_positive": 0.0, "P_AT_1": 0.013569937369519834, "P_AT_10": 0.10020876826722339, "P_AT_K": 0.36430062630480164, "P_AT_K_positive": 0.0, "P_AT_K_negative": 0.0}], "P937": [{"MRR": 0.0824159768791235, "MRR_negative": 0.0, "MRR_positive": 0.0, "P_AT_1": 0.05450733752620545, "P_AT_10": 0.2190775681341719, "P_AT_K": 0.42872117400419285, "P_AT_K_positive": 0.0, "P_AT_K_negative": 0.0}], "P140": [{"MRR": 0.011353731106840225, "MRR_negative": 0.0, "MRR_positive": 0.0, "P_AT_1": 0.004228329809725159, "P_AT_10": 0.006342494714587738, "P_AT_K": 0.3403805496828753, "P_AT_K_positive": 0.0, "P_AT_K_negative": 0.0}], "P1303": [{"MRR": 0.027321230451461107, "MRR_negative": 0.0, "MRR_positive": 0.0, "P_AT_1": 0.02423603793466807, "P_AT_10": 0.08008429926238145, "P_AT_K": 0.2602739726027397, "P_AT_K_positive": 0.0, "P_AT_K_negative": 0.0}], "P127": [{"MRR": 0.04306376636749778, "MRR_negative": 0.0, "MRR_positive": 0.0, "P_AT_1": 0.011644832605531296, "P_AT_10": 0.10334788937409024, "P_AT_K": 0.3406113537117904, "P_AT_K_positive": 0.0, "P_AT_K_negative": 0.0}], "P103": [{"MRR": 0.002833973374330997, "MRR_negative": 0.0, "MRR_positive": 0.0,