{"Google_RE": {"means": [], "place_of_birth": [{"MRR": 0.044768257376884425, "MRR_negative": 0.0, "MRR_positive": 0.044768257376884425, "P_AT_1": 0.005107252298263534, "P_AT_10": 0.11167858358869595, "P_AT_K": 0.29553966632618317, "P_AT_K_positive": 0.29553966632618317, "P_AT_K_negative": 0.0}], "date_of_birth": [{"MRR": 0.029145919301346718, "MRR_negative": 0.0, "MRR_positive": 0.029145919301346718, "P_AT_1": 0.001095890410958904, "P_AT_10": 0.05698630136986301, "P_AT_K": 0.47178082191780824, "P_AT_K_positive": 0.47178082191780824, "P_AT_K_negative": 0.0}], "place_of_death": [{"MRR": 0.010685519488482535, "MRR_negative": 0.0, "MRR_positive": 0.010685519488482535, "P_AT_1": 0.0, "P_AT_10": 0.02610966057441253, "P_AT_K": 0.1227154046997389, "P_AT_K_positive": 0.1227154046997389, "P_AT_K_negative": 0.0}]}, "TREx": {"means": [], "P19": [{"MRR": 0.051336871052948096, "MRR_negative": 0.0, "MRR_positive": 0.0, "P_AT_1": 0.007415254237288136, "P_AT_10": 0.11652542372881355, "P_AT_K": 0.3125, "P_AT_K_positive": 0.0, "P_AT_K_negative": 0.0}], "P20": [{"MRR": 0.02301805302977398, "MRR_negative": 0.0, "MRR_positive": 0.0, "P_AT_1": 0.0031479538300104933, "P_AT_10": 0.06295907660020986, "P_AT_K": 0.21091290661070305, "P_AT_K_positive": 0.0, "P_AT_K_negative": 0.0}], "P279": [{"MRR": 0.04783579931591815, "MRR_negative": 0.0, "MRR_positive": 0.0, "P_AT_1": 0.00933609958506224, "P_AT_10": 0.12344398340248963, "P_AT_K": 0.262448132780083, "P_AT_K_positive": 0.0, "P_AT_K_negative": 0.0}], "P37": [{"MRR": 0.022563501820285558, "MRR_negative": 0.0, "MRR_positive": 0.0, "P_AT_1": 0.0010351966873706005, "P_AT_10": 0.06625258799171843, "P_AT_K": 0.19047619047619047, "P_AT_K_positive": 0.0, "P_AT_K_negative": 0.0}], "P413": [{"MRR": 0.0027521346022918265, "MRR_negative": 0.0, "MRR_positive": 0.0, "P_AT_1": 0.0, "P_AT_10": 0.0, "P_AT_K": 0.032563025210084036, "P_AT_K_positive": 0.0, "P_AT_K_negative": 0.0}], "P449": [{"MRR": 0.0861410760156302, "MRR_negative": 0.0, "MRR_positive": 0.0, "P_AT_1": 0.325, "P_AT_10": 0.6, "P_AT_K": 0.7909090909090909, "P_AT_K_positive": 0.0, "P_AT_K_negative": 0.0}], "P47": [{"MRR": 0.03395424284535392, "MRR_negative": 0.0, "MRR_positive": 0.0, "P_AT_1": 0.005434782608695652, "P_AT_10": 0.07065217391304347, "P_AT_K": 0.29782608695652174, "P_AT_K_positive": 0.0, "P_AT_K_negative": 0.0}], "P138": [{"MRR": 0.012136611865072764, "MRR_negative": 0.0, "MRR_positive": 0.0, "P_AT_1": 0.0, "P_AT_10": 0.018691588785046728, "P_AT_K": 0.1292834890965732, "P_AT_K_positive": 0.0, "P_AT_K_negative": 0.0}], "P364": [{"MRR": 0.01855205120103093, "MRR_negative": 0.0, "MRR_positive": 0.0, "P_AT_1": 0.0011682242990654205, "P_AT_10": 0.0397196261682243, "P_AT_K": 0.2675233644859813, "P_AT_K_positive": 0.0, "P_AT_K_negative": 0.0}], "P463": [{"MRR": 0.12653308984672235, "MRR_negative": 0.0, "MRR_positive": 0.0, "P_AT_1": 0.0044444444444444444, "P_AT_10": 0.4488888888888889, "P_AT_K": 0.6222222222222222, "P_AT_K_positive": 0.0, "P_AT_K_negative": 0.0}], "P101": [{"MRR": 0.05644763024578712, "MRR_negative": 0.0, "MRR_positive": 0.0, "P_AT_1": 0.0028735632183908046, "P_AT_10": 0.1307471264367816, "P_AT_K": 0.3936781609195402, "P_AT_K_positive": 0.0, "P_AT_K_negative": 0.0}], "P106": [{"MRR": 0.022854771879059602, "MRR_negative": 0.0, "MRR_positive": 0.0, "P_AT_1": 0.0, "P_AT_10": 0.04592901878914405, "P_AT_K": 0.40292275574112735, "P_AT_K_positive": 0.0, "P_AT_K_negative": 0.0}], "P527": [{"MRR": 0.02609602509609713, "MRR_negative": 0.0, "MRR_positive": 0.0, "P_AT_1": 0.010245901639344262, "P_AT_10": 0.06659836065573771, "P_AT_K": 0.33811475409836067, "P_AT_K_positive": 0.0, "P_AT_K_negative": 0.0}], "P530": [{"MRR": 0.08604126904629308, "MRR_negative": 0.0, "MRR_positive": 0.0, "P_AT_1": 0.01104417670682731, "P_AT_10": 0.22289156626506024, "P_AT_K": 0.6867469879518072, "P_AT_K_positive": 0.0, "P_AT_K_negative": 0.0}], "P176": [{"MRR": 0.021884120397852383, "MRR_negative": 0.0, "MRR_positive": 0.0, "P_AT_1": 0.0041109969167523125, "P_AT_10": 0.051387461459403906, "P_AT_K": 0.23741007194244604, "P_AT_K_positive": 0.0, "P_AT_K_negative": 0.0}], "P27": [{"MRR": 0.00023348405840299365, "MRR_negative": 0.0, "MRR_positive": 0.0, "P_AT_1": 0.0, "P_AT_10": 0.0, "P_AT_K": 0.006211180124223602, "P_AT_K_positive": 0.0, "P_AT_K_negative": 0.0}], "P407": [{"MRR": 0.013578726476800959, "MRR_negative": 0.0, "MRR_positive": 0.0, "P_AT_1": 0.0, "P_AT_10": 0.01596351197263398, "P_AT_K": 0.18814139110604333, "P_AT_K_positive": 0.0, "P_AT_K_negative": 0.0}], "P30": [{"MRR": 0.05208596481869693, "MRR_negative": 0.0, "MRR_positive": 0.0, "P_AT_1": 0.003076923076923077, "P_AT_10": 0.11384615384615385, "P_AT_K": 0.718974358974359, "P_AT_K_positive": 0.0, "P_AT_K_negative": 0.0}], "P178": [{"MRR": 0.07907164775396307, "MRR_negative": 0.0, "MRR_positive": 0.0, "P_AT_1": 0.17597292724196278, "P_AT_10": 0.31810490693739424, "P_AT_K": 0.5702199661590525, "P_AT_K_positive": 0.0, "P_AT_K_negative": 0.0}], "P1376": [{"MRR": 0.04836074940495198, "MRR_negative": 0.0, "MRR_positive": 0.0, "P_AT_1": 0.012875536480686695, "P_AT_10": 0.11158798283261803, "P_AT_K": 0.351931330472103, "P_AT_K_positive": 0.0, "P_AT_K_negative": 0.0}], "P131": [{"MRR": 0.06325460701181217, "MRR_negative": 0.0, "MRR_positive": 0.0, "P_AT_1": 0.03745743473325766, "P_AT_10": 0.16685584562996594, "P_AT_K": 0.5402951191827469, "P_AT_K_positive": 0.0, "P_AT_K_negative": 0.0}], "P1412": [{"MRR": 0.034962432193171196, "MRR_negative": 0.0, "MRR_positive": 0.0, "P_AT_1": 0.006191950464396285, "P_AT_10": 0.07946336429308566, "P_AT_K": 0.478844169246646, "P_AT_K_positive": 0.0, "P_AT_K_negative": 0.0}], "P108": [{"MRR": 0.0034577354183343524, "MRR_negative": 0.0, "MRR_positive": 0.0, "P_AT_1": 0.0, "P_AT_10": 0.0026109660574412533, "P_AT_K": 0.04177545691906005, "P_AT_K_positive": 0.0, "P_AT_K_negative": 0.0}], "P136": [{"MRR": 0.01619721193120137, "MRR_negative": 0.0, "MRR_positive": 0.0, "P_AT_1": 0.0, "P_AT_10": 0.01611170784103115, "P_AT_K": 0.4532760472610097, "P_AT_K_positive": 0.0, "P_AT_K_negative": 0.0}], "P17": [{"MRR": 0.10115093115866779, "MRR_negative": 0.0, "MRR_positive": 0.0, "P_AT_1": 0.07096774193548387, "P_AT_10": 0.28817204301075267, "P_AT_K": 0.7193548387096774, "P_AT_K_positive": 0.0, "P_AT_K_negative": 0.0}], "P39": [{"MRR": 0.023686078760687686, "MRR_negative": 0.0, "MRR_positive": 0.0, "P_AT_1": 0.0011210762331838565, "P_AT_10": 0.04035874439461883, "P_AT_K": 0.4024663677130045, "P_AT_K_positive": 0.0, "P_AT_K_negative": 0.0}], "P264": [{"MRR": 0.004514997136557734, "MRR_negative": 0.0, "MRR_positive": 0.0, "P_AT_1": 0.0, "P_AT_10": 0.0, "P_AT_K": 0.1282051282051282, "P_AT_K_positive": 0.0, "P_AT_K_negative": 0.0}], "P276": [{"MRR": 0.030492778365305628, "MRR_negative": 0.0, "MRR_positive": 0.0, "P_AT_1": 0.006263048016701462, "P_AT_10": 0.06680584551148225, "P_AT_K": 0.33298538622129437, "P_AT_K_positive": 0.0, "P_AT_K_negative": 0.0}], "P937": [{"MRR": 0.0487703104845799, "MRR_negative": 0.0, "MRR_positive": 0.0, "P_AT_1": 0.015723270440251572, "P_AT_10": 0.11949685534591195, "P_AT_K": 0.33962264150943394, "P_AT_K_positive": 0.0, "P_AT_K_negative": 0.0}], "P140": [{"MRR": 0.00301068419481856, "MRR_negative": 0.0, "MRR_positive": 0.0, "P_AT_1": 0.006342494714587738, "P_AT_10": 0.006342494714587738, "P_AT_K": 0.02959830866807611, "P_AT_K_positive": 0.0, "P_AT_K_negative": 0.0}], "P1303": [{"MRR": 0.029408978532471108, "MRR_negative": 0.0, "MRR_positive": 0.0, "P_AT_1": 0.011591148577449948, "P_AT_10": 0.07586933614330875, "P_AT_K": 0.26765015806111697, "P_AT_K_positive": 0.0, "P_AT_K_negative": 0.0}], "P127": [{"MRR": 0.03753987076879336, "MRR_negative": 0.0, "MRR_positive": 0.0, "P_AT_1": 0.001455604075691412, "P_AT_10": 0.09606986899563319, "P_AT_K": 0.37117903930131, "P_AT_K_positive": 0.0, "P_AT_K_negative": 0.0}], "P103": [{"MRR": 0.012748367805820907, "MRR_negative": 0.0, "MRR_positive": 0.0, "P_AT_1": 0.0, "P_AT_10": 0.028659160696008188, "P_AT_K": 0.19651995905834185, "P_AT_K_positive": 0.0,