{"Google_RE": {"means": ["Mean P@1,10,k: 0.004052033339396737, 0.04398891848172918, 0.2726154190896183"], "place_of_birth": [{"MRR": 0.025408122053757577, "MRR_negative": 0.0, "MRR_positive": 0.025408122053757577, "P_AT_1": 0.006128702757916241, "P_AT_10": 0.06571331290432414, "P_AT_K": 0.2713653387810691, "P_AT_K_positive": 0.2713653387810691, "P_AT_K_negative": 0.0}], "date_of_birth": [{"MRR": 0.029736486509322986, "MRR_negative": 0.0, "MRR_positive": 0.029736486509322986, "P_AT_1": 0.006027397260273973, "P_AT_10": 0.059726027397260274, "P_AT_K": 0.5112328767123288, "P_AT_K_positive": 0.5112328767123288, "P_AT_K_negative": 0.0}], "place_of_death": [{"MRR": 0.002686434225475919, "MRR_negative": 0.0, "MRR_positive": 0.002686434225475919, "P_AT_1": 0.0, "P_AT_10": 0.006527415143603133, "P_AT_K": 0.03524804177545692, "P_AT_K_positive": 0.03524804177545692, "P_AT_K_negative": 0.0}]}, "TREx": {"means": ["Mean P@1,10,k: 0.028734278619240557, 0.13993976500877556, 0.4051950016424515"], "P19": [{"MRR": 0.022093123456629442, "MRR_negative": 0.0, "MRR_positive": 0.0, "P_AT_1": 0.00423728813559322, "P_AT_10": 0.03919491525423729, "P_AT_K": 0.2616525423728814, "P_AT_K_positive": 0.0, "P_AT_K_negative": 0.0}], "P20": [{"MRR": 0.007354136538726718, "MRR_negative": 0.0, "MRR_positive": 0.0, "P_AT_1": 0.004197271773347324, "P_AT_10": 0.014690451206715634, "P_AT_K": 0.07660020986358866, "P_AT_K_positive": 0.0, "P_AT_K_negative": 0.0}], "P279": [{"MRR": 0.05646281477344353, "MRR_negative": 0.0, "MRR_positive": 0.0, "P_AT_1": 0.016597510373443983, "P_AT_10": 0.14730290456431536, "P_AT_K": 0.3288381742738589, "P_AT_K_positive": 0.0, "P_AT_K_negative": 0.0}], "P37": [{"MRR": 0.041628076682881425, "MRR_negative": 0.0, "MRR_positive": 0.0, "P_AT_1": 0.013457556935817806, "P_AT_10": 0.10559006211180125, "P_AT_K": 0.4606625258799172, "P_AT_K_positive": 0.0, "P_AT_K_negative": 0.0}], "P413": [{"MRR": 0.013843523849705762, "MRR_negative": 0.0, "MRR_positive": 0.0, "P_AT_1": 0.0, "P_AT_10": 0.015756302521008403, "P_AT_K": 0.33508403361344535, "P_AT_K_positive": 0.0, "P_AT_K_negative": 0.0}], "P449": [{"MRR": 0.1118116379214341, "MRR_negative": 0.0, "MRR_positive": 0.0, "P_AT_1": 0.2897727272727273, "P_AT_10": 0.6227272727272727, "P_AT_K": 0.8147727272727273, "P_AT_K_positive": 0.0, "P_AT_K_negative": 0.0}], "P47": [{"MRR": 0.056402853405571156, "MRR_negative": 0.0, "MRR_positive": 0.0, "P_AT_1": 0.01956521739130435, "P_AT_10": 0.14782608695652175, "P_AT_K": 0.47282608695652173, "P_AT_K_positive": 0.0, "P_AT_K_negative": 0.0}], "P138": [{"MRR": 0.012998243991063916, "MRR_negative": 0.0, "MRR_positive": 0.0, "P_AT_1": 0.004672897196261682, "P_AT_10": 0.024922118380062305, "P_AT_K": 0.16510903426791276, "P_AT_K_positive": 0.0, "P_AT_K_negative": 0.0}], "P364": [{"MRR": 0.04305258582871657, "MRR_negative": 0.0, "MRR_positive": 0.0, "P_AT_1": 0.005841121495327103, "P_AT_10": 0.11214953271028037, "P_AT_K": 0.4661214953271028, "P_AT_K_positive": 0.0, "P_AT_K_negative": 0.0}], "P463": [{"MRR": 0.14537604256903333, "MRR_negative": 0.0, "MRR_positive": 0.0, "P_AT_1": 0.08, "P_AT_10": 0.39555555555555555, "P_AT_K": 0.6488888888888888, "P_AT_K_positive": 0.0, "P_AT_K_negative": 0.0}], "P101": [{"MRR": 0.05389691060996165, "MRR_negative": 0.0, "MRR_positive": 0.0, "P_AT_1": 0.0, "P_AT_10": 0.17097701149425287, "P_AT_K": 0.5129310344827587, "P_AT_K_positive": 0.0, "P_AT_K_negative": 0.0}], "P106": [{"MRR": 0.016642222252544314, "MRR_negative": 0.0, "MRR_positive": 0.0, "P_AT_1": 0.0, "P_AT_10": 0.024008350730688934, "P_AT_K": 0.4112734864300626, "P_AT_K_positive": 0.0, "P_AT_K_negative": 0.0}], "P527": [{"MRR": 0.046193713306620164, "MRR_negative": 0.0, "MRR_positive": 0.0, "P_AT_1": 0.0194672131147541, "P_AT_10": 0.1168032786885246, "P_AT_K": 0.30020491803278687, "P_AT_K_positive": 0.0, "P_AT_K_negative": 0.0}], "P530": [{"MRR": 0.045472752959733735, "MRR_negative": 0.0, "MRR_positive": 0.0, "P_AT_1": 0.007028112449799197, "P_AT_10": 0.11847389558232932, "P_AT_K": 0.7168674698795181, "P_AT_K_positive": 0.0, "P_AT_K_negative": 0.0}], "P176": [{"MRR": 0.061605755901717754, "MRR_negative": 0.0, "MRR_positive": 0.0, "P_AT_1": 0.02672147995889003, "P_AT_10": 0.16032887975334018, "P_AT_K": 0.41007194244604317, "P_AT_K_positive": 0.0, "P_AT_K_negative": 0.0}], "P27": [{"MRR": 0.0006637328643767309, "MRR_negative": 0.0, "MRR_positive": 0.0, "P_AT_1": 0.0, "P_AT_10": 0.0, "P_AT_K": 0.007246376811594203, "P_AT_K_positive": 0.0, "P_AT_K_negative": 0.0}], "P407": [{"MRR": 0.03125477996689199, "MRR_negative": 0.0, "MRR_positive": 0.0, "P_AT_1": 0.014823261117445839, "P_AT_10": 0.07411630558722919, "P_AT_K": 0.4629418472063854, "P_AT_K_positive": 0.0, "P_AT_K_negative": 0.0}], "P30": [{"MRR": 0.017920307808759882, "MRR_negative": 0.0, "MRR_positive": 0.0, "P_AT_1": 0.0010256410256410256, "P_AT_10": 0.02358974358974359, "P_AT_K": 0.3035897435897436, "P_AT_K_positive": 0.0, "P_AT_K_negative": 0.0}], "P178": [{"MRR": 0.09506601985931734, "MRR_negative": 0.0, "MRR_positive": 0.0, "P_AT_1": 0.2673434856175973, "P_AT_10": 0.4602368866328257, "P_AT_K": 0.6125211505922166, "P_AT_K_positive": 0.0, "P_AT_K_negative": 0.0}], "P1376": [{"MRR": 0.08517440974750377, "MRR_negative": 0.0, "MRR_positive": 0.0, "P_AT_1": 0.02145922746781116, "P_AT_10": 0.20600858369098712, "P_AT_K": 0.5879828326180258, "P_AT_K_positive": 0.0, "P_AT_K_negative": 0.0}], "P131": [{"MRR": 0.07088775672360598, "MRR_negative": 0.0, "MRR_positive": 0.0, "P_AT_1": 0.029511918274687854, "P_AT_10": 0.19750283768444948, "P_AT_K": 0.5800227014755959, "P_AT_K_positive": 0.0, "P_AT_K_negative": 0.0}], "P1412": [{"MRR": 0.02258669126166772, "MRR_negative": 0.0, "MRR_positive": 0.0, "P_AT_1": 0.0010319917440660474, "P_AT_10": 0.05159958720330237, "P_AT_K": 0.43034055727554177, "P_AT_K_positive": 0.0, "P_AT_K_negative": 0.0}], "P108": [{"MRR": 0.010523561368249638, "MRR_negative": 0.0, "MRR_positive": 0.0, "P_AT_1": 0.0026109660574412533, "P_AT_10": 0.028720626631853787, "P_AT_K": 0.1566579634464752, "P_AT_K_positive": 0.0, "P_AT_K_negative": 0.0}], "P136": [{"MRR": 0.019963216332763156, "MRR_negative": 0.0, "MRR_positive": 0.0, "P_AT_1": 0.0, "P_AT_10": 0.031149301825993556, "P_AT_K": 0.4758324382384533, "P_AT_K_positive": 0.0, "P_AT_K_negative": 0.0}], "P17": [{"MRR": 0.07695247948734182, "MRR_negative": 0.0, "MRR_positive": 0.0, "P_AT_1": 0.017204301075268817, "P_AT_10": 0.1956989247311828, "P_AT_K": 0.6279569892473118, "P_AT_K_positive": 0.0, "P_AT_K_negative": 0.0}], "P39": [{"MRR": 0.0964836972935762, "MRR_negative": 0.0, "MRR_positive": 0.0, "P_AT_1": 0.0257847533632287, "P_AT_10": 0.24663677130044842, "P_AT_K": 0.6423766816143498, "P_AT_K_positive": 0.0, "P_AT_K_negative": 0.0}], "P264": [{"MRR": 0.020473288371431538, "MRR_negative": 0.0, "MRR_positive": 0.0, "P_AT_1": 0.0, "P_AT_10": 0.053613053613053616, "P_AT_K": 0.24708624708624707, "P_AT_K_positive": 0.0, "P_AT_K_negative": 0.0}], "P276": [{"MRR": 0.049278202928804755, "MRR_negative": 0.0, "MRR_positive": 0.0, "P_AT_1": 0.017745302713987474, "P_AT_10": 0.13883089770354906, "P_AT_K": 0.4812108559498956, "P_AT_K_positive": 0.0, "P_AT_K_negative": 0.0}], "P937": [{"MRR": 0.04035782790263447, "MRR_negative": 0.0, "MRR_positive": 0.0, "P_AT_1": 0.016771488469601678, "P_AT_10": 0.0870020964360587, "P_AT_K": 0.2966457023060797, "P_AT_K_positive": 0.0, "P_AT_K_negative": 0.0}], "P140": [{"MRR": 0.007330789675926062, "MRR_negative": 0.0, "MRR_positive": 0.0, "P_AT_1": 0.0, "P_AT_10": 0.010570824524312896, "P_AT_K": 0.08668076109936575, "P_AT_K_positive": 0.0, "P_AT_K_negative": 0.0}], "P1303": [{"MRR": 0.09110580137063737, "MRR_negative": 0.0, "MRR_positive": 0.0, "P_AT_1": 0.026343519494204427, "P_AT_10": 0.2465753424657534, "P_AT_K": 0.48893572181243417, "P_AT_K_positive": 0.0, "P_AT_K_negative": 0.0}], "P127": [{"MRR": 0.05235391142881306, "MRR_negative": 0.0, "MRR_positive": 0.0, "P_AT_1": 0.036390101892285295, "P_AT_10": 0.18777292576419213, "P_AT_K": 0.49053857350800584,