{"Google_RE": {"means": ["Mean P@1,10,k: 0.01602446070843013, 0.07801431047096952, 0.31636884138462895"], "place_of_birth": [{"MRR": 0.04965889327379406, "MRR_negative": 0.0, "MRR_positive": 0.04965889327379406, "P_AT_1": 0.029281579843377595, "P_AT_10": 0.12393598910452842, "P_AT_K": 0.2989445011916922, "P_AT_K_positive": 0.2989445011916922, "P_AT_K_negative": 0.0}], "date_of_birth": [{"MRR": 0.03823212939249109, "MRR_negative": 0.0, "MRR_positive": 0.03823212939249109, "P_AT_1": 0.010958904109589041, "P_AT_10": 0.07616438356164383, "P_AT_K": 0.5117808219178083, "P_AT_K_positive": 0.5117808219178083, "P_AT_K_negative": 0.0}], "place_of_death": [{"MRR": 0.012026724922253394, "MRR_negative": 0.0, "MRR_positive": 0.012026724922253394, "P_AT_1": 0.007832898172323759, "P_AT_10": 0.033942558746736295, "P_AT_K": 0.13838120104438642, "P_AT_K_positive": 0.13838120104438642, "P_AT_K_negative": 0.0}]}, "TREx": {"means": ["Mean P@1,10,k: 0.02319198453614186, 0.12698442783613995, 0.3620294588118782"], "P19": [{"MRR": 0.056686693033614566, "MRR_negative": 0.0, "MRR_positive": 0.0, "P_AT_1": 0.038135593220338986, "P_AT_10": 0.15148305084745764, "P_AT_K": 0.3336864406779661, "P_AT_K_positive": 0.0, "P_AT_K_negative": 0.0}], "P20": [{"MRR": 0.029850660174661158, "MRR_negative": 0.0, "MRR_positive": 0.0, "P_AT_1": 0.00944386149003148, "P_AT_10": 0.06925498426023086, "P_AT_K": 0.24868835257082897, "P_AT_K_positive": 0.0, "P_AT_K_negative": 0.0}], "P279": [{"MRR": 0.012368551634802135, "MRR_negative": 0.0, "MRR_positive": 0.0, "P_AT_1": 0.0031120331950207467, "P_AT_10": 0.035269709543568464, "P_AT_K": 0.2053941908713693, "P_AT_K_positive": 0.0, "P_AT_K_negative": 0.0}], "P37": [{"MRR": 0.045908647143847826, "MRR_negative": 0.0, "MRR_positive": 0.0, "P_AT_1": 0.005175983436853002, "P_AT_10": 0.10973084886128365, "P_AT_K": 0.386128364389234, "P_AT_K_positive": 0.0, "P_AT_K_negative": 0.0}], "P413": [{"MRR": 0.004522167845635083, "MRR_negative": 0.0, "MRR_positive": 0.0, "P_AT_1": 0.0, "P_AT_10": 0.0, "P_AT_K": 0.11554621848739496, "P_AT_K_positive": 0.0, "P_AT_K_negative": 0.0}], "P449": [{"MRR": 0.16282330848788684, "MRR_negative": 0.0, "MRR_positive": 0.0, "P_AT_1": 0.32386363636363635, "P_AT_10": 0.6818181818181818, "P_AT_K": 0.8125, "P_AT_K_positive": 0.0, "P_AT_K_negative": 0.0}], "P47": [{"MRR": 0.02834919091381833, "MRR_negative": 0.0, "MRR_positive": 0.0, "P_AT_1": 0.010869565217391304, "P_AT_10": 0.06630434782608696, "P_AT_K": 0.31956521739130433, "P_AT_K_positive": 0.0, "P_AT_K_negative": 0.0}], "P138": [{"MRR": 0.007213029568357935, "MRR_negative": 0.0, "MRR_positive": 0.0, "P_AT_1": 0.004672897196261682, "P_AT_10": 0.021806853582554516, "P_AT_K": 0.09034267912772585, "P_AT_K_positive": 0.0, "P_AT_K_negative": 0.0}], "P364": [{"MRR": 0.028860991058585195, "MRR_negative": 0.0, "MRR_positive": 0.0, "P_AT_1": 0.002336448598130841, "P_AT_10": 0.0794392523364486, "P_AT_K": 0.433411214953271, "P_AT_K_positive": 0.0, "P_AT_K_negative": 0.0}], "P463": [{"MRR": 0.11259949190241854, "MRR_negative": 0.0, "MRR_positive": 0.0, "P_AT_1": 0.0, "P_AT_10": 0.36444444444444446, "P_AT_K": 0.6222222222222222, "P_AT_K_positive": 0.0, "P_AT_K_negative": 0.0}], "P101": [{"MRR": 0.04057859664079769, "MRR_negative": 0.0, "MRR_positive": 0.0, "P_AT_1": 0.005747126436781609, "P_AT_10": 0.11637931034482758, "P_AT_K": 0.39080459770114945, "P_AT_K_positive": 0.0, "P_AT_K_negative": 0.0}], "P106": [{"MRR": 0.01736387718752949, "MRR_negative": 0.0, "MRR_positive": 0.0, "P_AT_1": 0.0, "P_AT_10": 0.025052192066805846, "P_AT_K": 0.46450939457202506, "P_AT_K_positive": 0.0, "P_AT_K_negative": 0.0}], "P527": [{"MRR": 0.030783326380981843, "MRR_negative": 0.0, "MRR_positive": 0.0, "P_AT_1": 0.009221311475409836, "P_AT_10": 0.07274590163934426, "P_AT_K": 0.36168032786885246, "P_AT_K_positive": 0.0, "P_AT_K_negative": 0.0}], "P530": [{"MRR": 0.04604884104262409, "MRR_negative": 0.0, "MRR_positive": 0.0, "P_AT_1": 0.0050200803212851405, "P_AT_10": 0.1285140562248996, "P_AT_K": 0.5903614457831325, "P_AT_K_positive": 0.0, "P_AT_K_negative": 0.0}], "P176": [{"MRR": 0.01864522540660783, "MRR_negative": 0.0, "MRR_positive": 0.0, "P_AT_1": 0.0020554984583761563, "P_AT_10": 0.03699897225077081, "P_AT_K": 0.15724563206577596, "P_AT_K_positive": 0.0, "P_AT_K_negative": 0.0}], "P27": [{"MRR": 0.0001888731603263769, "MRR_negative": 0.0, "MRR_positive": 0.0, "P_AT_1": 0.0, "P_AT_10": 0.0, "P_AT_K": 0.002070393374741201, "P_AT_K_positive": 0.0, "P_AT_K_negative": 0.0}], "P407": [{"MRR": 0.0976305503517238, "MRR_negative": 0.0, "MRR_positive": 0.0, "P_AT_1": 0.036488027366020526, "P_AT_10": 0.2588369441277081, "P_AT_K": 0.6431014823261118, "P_AT_K_positive": 0.0, "P_AT_K_negative": 0.0}], "P30": [{"MRR": 0.008810296079828448, "MRR_negative": 0.0, "MRR_positive": 0.0, "P_AT_1": 0.0010256410256410256, "P_AT_10": 0.015384615384615385, "P_AT_K": 0.1476923076923077, "P_AT_K_positive": 0.0, "P_AT_K_negative": 0.0}], "P178": [{"MRR": 0.13945542267544345, "MRR_negative": 0.0, "MRR_positive": 0.0, "P_AT_1": 0.04230118443316413, "P_AT_10": 0.3688663282571912, "P_AT_K": 0.5414551607445008, "P_AT_K_positive": 0.0, "P_AT_K_negative": 0.0}], "P1376": [{"MRR": 0.03130181952794964, "MRR_negative": 0.0, "MRR_positive": 0.0, "P_AT_1": 0.004291845493562232, "P_AT_10": 0.06866952789699571, "P_AT_K": 0.27896995708154504, "P_AT_K_positive": 0.0, "P_AT_K_negative": 0.0}], "P131": [{"MRR": 0.05800916623772626, "MRR_negative": 0.0, "MRR_positive": 0.0, "P_AT_1": 0.0022701475595913734, "P_AT_10": 0.12599318955732122, "P_AT_K": 0.45970488081725314, "P_AT_K_positive": 0.0, "P_AT_K_negative": 0.0}], "P1412": [{"MRR": 0.1912227173463155, "MRR_negative": 0.0, "MRR_positive": 0.0, "P_AT_1": 0.17956656346749225, "P_AT_10": 0.5201238390092879, "P_AT_K": 0.7162022703818369, "P_AT_K_positive": 0.0, "P_AT_K_negative": 0.0}], "P108": [{"MRR": 0.004447226461857814, "MRR_negative": 0.0, "MRR_positive": 0.0, "P_AT_1": 0.0, "P_AT_10": 0.0026109660574412533, "P_AT_K": 0.044386422976501305, "P_AT_K_positive": 0.0, "P_AT_K_negative": 0.0}], "P136": [{"MRR": 0.02297326830295411, "MRR_negative": 0.0, "MRR_positive": 0.0, "P_AT_1": 0.0, "P_AT_10": 0.03329752953813104, "P_AT_K": 0.514500537056928, "P_AT_K_positive": 0.0, "P_AT_K_negative": 0.0}], "P17": [{"MRR": 0.05334782071877485, "MRR_negative": 0.0, "MRR_positive": 0.0, "P_AT_1": 0.007526881720430108, "P_AT_10": 0.13548387096774195, "P_AT_K": 0.5387096774193548, "P_AT_K_positive": 0.0, "P_AT_K_negative": 0.0}], "P39": [{"MRR": 0.08778492201121998, "MRR_negative": 0.0, "MRR_positive": 0.0, "P_AT_1": 0.020179372197309416, "P_AT_10": 0.25, "P_AT_K": 0.7544843049327354, "P_AT_K_positive": 0.0, "P_AT_K_negative": 0.0}], "P264": [{"MRR": 0.012573503362910979, "MRR_negative": 0.0, "MRR_positive": 0.0, "P_AT_1": 0.0, "P_AT_10": 0.04195804195804196, "P_AT_K": 0.17715617715617715, "P_AT_K_positive": 0.0, "P_AT_K_negative": 0.0}], "P276": [{"MRR": 0.03234267231039997, "MRR_negative": 0.0, "MRR_positive": 0.0, "P_AT_1": 0.010438413361169102, "P_AT_10": 0.07724425887265135, "P_AT_K": 0.35177453027139877, "P_AT_K_positive": 0.0, "P_AT_K_negative": 0.0}], "P937": [{"MRR": 0.10882121647552083, "MRR_negative": 0.0, "MRR_positive": 0.0, "P_AT_1": 0.031446540880503145, "P_AT_10": 0.2882599580712788, "P_AT_K": 0.4979035639412998, "P_AT_K_positive": 0.0, "P_AT_K_negative": 0.0}], "P140": [{"MRR": 0.005387696894078273, "MRR_negative": 0.0, "MRR_positive": 0.0, "P_AT_1": 0.006342494714587738, "P_AT_10": 0.008456659619450317, "P_AT_K": 0.13107822410147993, "P_AT_K_positive": 0.0, "P_AT_K_negative": 0.0}], "P1303": [{"MRR": 0.051166396145489255, "MRR_negative": 0.0, "MRR_positive": 0.0, "P_AT_1": 0.032665964172813484, "P_AT_10": 0.15279241306638566, "P_AT_K": 0.3424657534246575, "P_AT_K_positive": 0.0, "P_AT_K_negative": 0.0}], "P127": [{"MRR": 0.024478432068080203, "MRR_negative": 0.0, "MRR_positive": 0.0, "P_AT_1": 0.001455604075691412, "P_AT_10": 0.05967976710334789, "P_AT_K": 0.31004366812227074, "P_AT_K_positive": 0.0,