{"Google_RE": {"means": ["Mean P@1,10,k: 0.012755092457095912, 0.07310907277286618, 0.3099127462810561"], "place_of_birth": [{"MRR": 0.050694254323541146, "MRR_negative": 0.0, "MRR_positive": 0.050694254323541146, "P_AT_1": 0.017024174327545116, "P_AT_10": 0.12121212121212122, "P_AT_K": 0.2972420837589377, "P_AT_K_positive": 0.2972420837589377, "P_AT_K_negative": 0.0}], "date_of_birth": [{"MRR": 0.03623639686744259, "MRR_negative": 0.0, "MRR_positive": 0.03623639686744259, "P_AT_1": 0.01863013698630137, "P_AT_10": 0.08767123287671233, "P_AT_K": 0.5358904109589041, "P_AT_K_positive": 0.5358904109589041, "P_AT_K_negative": 0.0}], "place_of_death": [{"MRR": 0.005314810304439308, "MRR_negative": 0.0, "MRR_positive": 0.005314810304439308, "P_AT_1": 0.0026109660574412533, "P_AT_10": 0.010443864229765013, "P_AT_K": 0.09660574412532637, "P_AT_K_positive": 0.09660574412532637, "P_AT_K_negative": 0.0}]}, "TREx": {"means": ["Mean P@1,10,k: 0.017022374149628934, 0.10380430707892042, 0.34719418303026345"], "P19": [{"MRR": 0.06061099588661422, "MRR_negative": 0.0, "MRR_positive": 0.0, "P_AT_1": 0.005296610169491525, "P_AT_10": 0.13771186440677965, "P_AT_K": 0.3061440677966102, "P_AT_K_positive": 0.0, "P_AT_K_negative": 0.0}], "P20": [{"MRR": 0.01223828704479797, "MRR_negative": 0.0, "MRR_positive": 0.0, "P_AT_1": 0.001049317943336831, "P_AT_10": 0.02833158447009444, "P_AT_K": 0.18992654774396642, "P_AT_K_positive": 0.0, "P_AT_K_negative": 0.0}], "P279": [{"MRR": 0.008492075422203732, "MRR_negative": 0.0, "MRR_positive": 0.0, "P_AT_1": 0.0, "P_AT_10": 0.016597510373443983, "P_AT_K": 0.17323651452282157, "P_AT_K_positive": 0.0, "P_AT_K_negative": 0.0}], "P37": [{"MRR": 0.032193750371667926, "MRR_negative": 0.0, "MRR_positive": 0.0, "P_AT_1": 0.003105590062111801, "P_AT_10": 0.08799171842650104, "P_AT_K": 0.2722567287784679, "P_AT_K_positive": 0.0, "P_AT_K_negative": 0.0}], "P413": [{"MRR": 0.002200974155904363, "MRR_negative": 0.0, "MRR_positive": 0.0, "P_AT_1": 0.0, "P_AT_10": 0.0, "P_AT_K": 0.025210084033613446, "P_AT_K_positive": 0.0, "P_AT_K_negative": 0.0}], "P449": [{"MRR": 0.1108548510000412, "MRR_negative": 0.0, "MRR_positive": 0.0, "P_AT_1": 0.32386363636363635, "P_AT_10": 0.6022727272727273, "P_AT_K": 0.7863636363636364, "P_AT_K_positive": 0.0, "P_AT_K_negative": 0.0}], "P47": [{"MRR": 0.030410075854952937, "MRR_negative": 0.0, "MRR_positive": 0.0, "P_AT_1": 0.005434782608695652, "P_AT_10": 0.06521739130434782, "P_AT_K": 0.2619565217391304, "P_AT_K_positive": 0.0, "P_AT_K_negative": 0.0}], "P138": [{"MRR": 0.006436919302256657, "MRR_negative": 0.0, "MRR_positive": 0.0, "P_AT_1": 0.004672897196261682, "P_AT_10": 0.017133956386292833, "P_AT_K": 0.07165109034267912, "P_AT_K_positive": 0.0, "P_AT_K_negative": 0.0}], "P364": [{"MRR": 0.031920850208126975, "MRR_negative": 0.0, "MRR_positive": 0.0, "P_AT_1": 0.004672897196261682, "P_AT_10": 0.0689252336448598, "P_AT_K": 0.39485981308411217, "P_AT_K_positive": 0.0, "P_AT_K_negative": 0.0}], "P463": [{"MRR": 0.01642371750486005, "MRR_negative": 0.0, "MRR_positive": 0.0, "P_AT_1": 0.0, "P_AT_10": 0.0044444444444444444, "P_AT_K": 0.6533333333333333, "P_AT_K_positive": 0.0, "P_AT_K_negative": 0.0}], "P101": [{"MRR": 0.03369407834950366, "MRR_negative": 0.0, "MRR_positive": 0.0, "P_AT_1": 0.005747126436781609, "P_AT_10": 0.07902298850574713, "P_AT_K": 0.4324712643678161, "P_AT_K_positive": 0.0, "P_AT_K_negative": 0.0}], "P106": [{"MRR": 0.02982473195767238, "MRR_negative": 0.0, "MRR_positive": 0.0, "P_AT_1": 0.0010438413361169101, "P_AT_10": 0.04592901878914405, "P_AT_K": 0.6586638830897703, "P_AT_K_positive": 0.0, "P_AT_K_negative": 0.0}], "P527": [{"MRR": 0.05321893644146894, "MRR_negative": 0.0, "MRR_positive": 0.0, "P_AT_1": 0.011270491803278689, "P_AT_10": 0.13422131147540983, "P_AT_K": 0.4057377049180328, "P_AT_K_positive": 0.0, "P_AT_K_negative": 0.0}], "P530": [{"MRR": 0.10170182458749141, "MRR_negative": 0.0, "MRR_positive": 0.0, "P_AT_1": 0.029116465863453816, "P_AT_10": 0.2560240963855422, "P_AT_K": 0.6455823293172691, "P_AT_K_positive": 0.0, "P_AT_K_negative": 0.0}], "P176": [{"MRR": 0.019592805276329252, "MRR_negative": 0.0, "MRR_positive": 0.0, "P_AT_1": 0.0, "P_AT_10": 0.045220966084275435, "P_AT_K": 0.07913669064748201, "P_AT_K_positive": 0.0, "P_AT_K_negative": 0.0}], "P27": [{"MRR": 0.0005270463860935229, "MRR_negative": 0.0, "MRR_positive": 0.0, "P_AT_1": 0.0, "P_AT_10": 0.0, "P_AT_K": 0.007246376811594203, "P_AT_K_positive": 0.0, "P_AT_K_negative": 0.0}], "P407": [{"MRR": 0.06504469178527483, "MRR_negative": 0.0, "MRR_positive": 0.0, "P_AT_1": 0.02394526795895097, "P_AT_10": 0.18015963511972635, "P_AT_K": 0.5165336374002281, "P_AT_K_positive": 0.0, "P_AT_K_negative": 0.0}], "P30": [{"MRR": 0.038688880387184946, "MRR_negative": 0.0, "MRR_positive": 0.0, "P_AT_1": 0.0010256410256410256, "P_AT_10": 0.10256410256410256, "P_AT_K": 0.28102564102564104, "P_AT_K_positive": 0.0, "P_AT_K_negative": 0.0}], "P178": [{"MRR": 0.08343778062839567, "MRR_negative": 0.0, "MRR_positive": 0.0, "P_AT_1": 0.008460236886632826, "P_AT_10": 0.25888324873096447, "P_AT_K": 0.4890016920473773, "P_AT_K_positive": 0.0, "P_AT_K_negative": 0.0}], "P1376": [{"MRR": 0.032212126652195826, "MRR_negative": 0.0, "MRR_positive": 0.0, "P_AT_1": 0.004291845493562232, "P_AT_10": 0.060085836909871244, "P_AT_K": 0.26180257510729615, "P_AT_K_positive": 0.0, "P_AT_K_negative": 0.0}], "P131": [{"MRR": 0.046636899497919104, "MRR_negative": 0.0, "MRR_positive": 0.0, "P_AT_1": 0.014755959137343927, "P_AT_10": 0.13166855845629966, "P_AT_K": 0.489216799091941, "P_AT_K_positive": 0.0, "P_AT_K_negative": 0.0}], "P1412": [{"MRR": 0.0846949366595269, "MRR_negative": 0.0, "MRR_positive": 0.0, "P_AT_1": 0.0041279669762641896, "P_AT_10": 0.24148606811145512, "P_AT_K": 0.5490196078431373, "P_AT_K_positive": 0.0, "P_AT_K_negative": 0.0}], "P108": [{"MRR": 0.0035979317878930364, "MRR_negative": 0.0, "MRR_positive": 0.0, "P_AT_1": 0.0, "P_AT_10": 0.013054830287206266, "P_AT_K": 0.044386422976501305, "P_AT_K_positive": 0.0, "P_AT_K_negative": 0.0}], "P136": [{"MRR": 0.020937811984000698, "MRR_negative": 0.0, "MRR_positive": 0.0, "P_AT_1": 0.0, "P_AT_10": 0.03329752953813104, "P_AT_K": 0.5026852846401718, "P_AT_K_positive": 0.0, "P_AT_K_negative": 0.0}], "P17": [{"MRR": 0.04756439651038166, "MRR_negative": 0.0, "MRR_positive": 0.0, "P_AT_1": 0.005376344086021506, "P_AT_10": 0.13440860215053763, "P_AT_K": 0.5634408602150538, "P_AT_K_positive": 0.0, "P_AT_K_negative": 0.0}], "P39": [{"MRR": 0.04840230736663232, "MRR_negative": 0.0, "MRR_positive": 0.0, "P_AT_1": 0.008968609865470852, "P_AT_10": 0.14237668161434977, "P_AT_K": 0.4304932735426009, "P_AT_K_positive": 0.0, "P_AT_K_negative": 0.0}], "P264": [{"MRR": 0.025284037072214445, "MRR_negative": 0.0, "MRR_positive": 0.0, "P_AT_1": 0.002331002331002331, "P_AT_10": 0.06526806526806526, "P_AT_K": 0.2261072261072261, "P_AT_K_positive": 0.0, "P_AT_K_negative": 0.0}], "P276": [{"MRR": 0.028740177421976525, "MRR_negative": 0.0, "MRR_positive": 0.0, "P_AT_1": 0.010438413361169102, "P_AT_10": 0.0720250521920668, "P_AT_K": 0.3235908141962422, "P_AT_K_positive": 0.0, "P_AT_K_negative": 0.0}], "P937": [{"MRR": 0.1016376486961199, "MRR_negative": 0.0, "MRR_positive": 0.0, "P_AT_1": 0.05241090146750524, "P_AT_10": 0.27568134171907754, "P_AT_K": 0.48846960167714887, "P_AT_K_positive": 0.0, "P_AT_K_negative": 0.0}], "P140": [{"MRR": 0.01126800753853495, "MRR_negative": 0.0, "MRR_positive": 0.0, "P_AT_1": 0.0021141649048625794, "P_AT_10": 0.008456659619450317, "P_AT_K": 0.3488372093023256, "P_AT_K_positive": 0.0, "P_AT_K_negative": 0.0}], "P1303": [{"MRR": 0.042136152897870746, "MRR_negative": 0.0, "MRR_positive": 0.0, "P_AT_1": 0.008429926238145416, "P_AT_10": 0.10748155953635406, "P_AT_K": 0.3066385669125395, "P_AT_K_positive": 0.0, "P_AT_K_negative": 0.0}], "P127": [{"MRR": 0.03872985850816636, "MRR_negative": 0.0, "MRR_positive": 0.0, "P_AT_1": 0.004366812227074236, "P_AT_10": 0.1222707423580786, "P_AT_K": 0.37117903930131,