{
    "Google_RE": {
        "means": [
            "Mean P@1,10,k: 0.05148745088574317, 0.22064893699896157, 0.6283472068064514"
        ],
        "place_of_birth": [
            {
                "MRR": 0.11081638363281371,
                "MRR_negative": 0.0,
                "MRR_positive": 0.11081638363281371,
                "P_AT_1": 0.10248552945182159,
                "P_AT_10": 0.3299284984678243,
                "P_AT_K": 0.6462376574736125,
                "P_AT_K_positive": 0.6462376574736125,
                "P_AT_K_negative": 0.0
            }
        ],
        "date_of_birth": [
            {
                "MRR": 0.06499267752064956,
                "MRR_negative": 0.0,
                "MRR_positive": 0.06499267752064956,
                "P_AT_1": 0.011506849315068493,
                "P_AT_10": 0.14794520547945206,
                "P_AT_K": 0.7923287671232877,
                "P_AT_K_positive": 0.7923287671232877,
                "P_AT_K_negative": 0.0
            }
        ],
        "place_of_death": [
            {
                "MRR": 0.058663071007911946,
                "MRR_negative": 0.0,
                "MRR_positive": 0.058663071007911946,
                "P_AT_1": 0.04046997389033943,
                "P_AT_10": 0.18407310704960836,
                "P_AT_K": 0.4464751958224543,
                "P_AT_K_positive": 0.4464751958224543,
                "P_AT_K_negative": 0.0
            }
        ]
    },
    "TREx": {
        "means": [
            "Mean P@1,10,k: 0.195990665181346, 0.4700210465974313, 0.7410122756364649"
        ],
        "P19": [
            {
                "MRR": 0.13765659102056477,
                "MRR_negative": 0.0,
                "MRR_positive": 0.0,
                "P_AT_1": 0.1292372881355932,
                "P_AT_10": 0.4046610169491525,
                "P_AT_K": 0.6927966101694916,
                "P_AT_K_positive": 0.0,
                "P_AT_K_negative": 0.0
            }
        ],
        "P20": [
            {
                "MRR": 0.12381804730464255,
                "MRR_negative": 0.0,
                "MRR_positive": 0.0,
                "P_AT_1": 0.10388247639034627,
                "P_AT_10": 0.4092339979013641,
                "P_AT_K": 0.689401888772298,
                "P_AT_K_positive": 0.0,
                "P_AT_K_negative": 0.0
            }
        ],
        "P279": [
            {
                "MRR": 0.20371321153787397,
                "MRR_negative": 0.0,
                "MRR_positive": 0.0,
                "P_AT_1": 0.25933609958506226,
                "P_AT_10": 0.6192946058091287,
                "P_AT_K": 0.729253112033195,
                "P_AT_K_positive": 0.0,
                "P_AT_K_negative": 0.0
            }
        ],
        "P37": [
            {
                "MRR": 0.2326757436159876,
                "MRR_negative": 0.0,
                "MRR_positive": 0.0,
                "P_AT_1": 0.3385093167701863,
                "P_AT_10": 0.7732919254658385,
                "P_AT_K": 0.9803312629399586,
                "P_AT_K_positive": 0.0,
                "P_AT_K_negative": 0.0
            }
        ],
        "P413": [
            {
                "MRR": 0.08563176318533933,
                "MRR_negative": 0.0,
                "MRR_positive": 0.0,
                "P_AT_1": 0.012605042016806723,
                "P_AT_10": 0.22058823529411764,
                "P_AT_K": 0.7972689075630253,
                "P_AT_K_positive": 0.0,
                "P_AT_K_negative": 0.0
            }
        ],
        "P449": [
            {
                "MRR": 0.28047011850138276,
                "MRR_negative": 0.0,
                "MRR_positive": 0.0,
                "P_AT_1": 0.2534090909090909,
                "P_AT_10": 0.7840909090909091,
                "P_AT_K": 0.8795454545454545,
                "P_AT_K_positive": 0.0,
                "P_AT_K_negative": 0.0
            }
        ],
        "P47": [
            {
                "MRR": 0.14670263361252278,
                "MRR_negative": 0.0,
                "MRR_positive": 0.0,
                "P_AT_1": 0.059782608695652176,
                "P_AT_10": 0.38369565217391305,
                "P_AT_K": 0.7141304347826087,
                "P_AT_K_positive": 0.0,
                "P_AT_K_negative": 0.0
            }
        ],
        "P138": [
            {
                "MRR": 0.07536544175265876,
                "MRR_negative": 0.0,
                "MRR_positive": 0.0,
                "P_AT_1": 0.004672897196261682,
                "P_AT_10": 0.24143302180685358,
                "P_AT_K": 0.48598130841121495,
                "P_AT_K_positive": 0.0,
                "P_AT_K_negative": 0.0
            }
        ],
        "P364": [
            {
                "MRR": 0.17441510042861927,
                "MRR_negative": 0.0,
                "MRR_positive": 0.0,
                "P_AT_1": 0.30257009345794394,
                "P_AT_10": 0.6764018691588785,
                "P_AT_K": 0.9427570093457944,
                "P_AT_K_positive": 0.0,
                "P_AT_K_negative": 0.0
            }
        ],
        "P463": [
            {
                "MRR": 0.12445205906387467,
                "MRR_negative": 0.0,
                "MRR_positive": 0.0,
                "P_AT_1": 0.6044444444444445,
                "P_AT_10": 0.7555555555555555,
                "P_AT_K": 0.7644444444444445,
                "P_AT_K_positive": 0.0,
                "P_AT_K_negative": 0.0
            }
        ],
        "P101": [
            {
                "MRR": 0.07433575310147471,
                "MRR_negative": 0.0,
                "MRR_positive": 0.0,
                "P_AT_1": 0.041666666666666664,
                "P_AT_10": 0.21839080459770116,
                "P_AT_K": 0.6824712643678161,
                "P_AT_K_positive": 0.0,
                "P_AT_K_negative": 0.0
            }
        ],
        "P106": [
            {
                "MRR": 0.06005019506686308,
                "MRR_negative": 0.0,
                "MRR_positive": 0.0,
                "P_AT_1": 0.03444676409185804,
                "P_AT_10": 0.1617954070981211,
                "P_AT_K": 0.615866388308977,
                "P_AT_K_positive": 0.0,
                "P_AT_K_negative": 0.0
            }
        ],
        "P527": [
            {
                "MRR": 0.06347147083153894,
                "MRR_negative": 0.0,
                "MRR_positive": 0.0,
                "P_AT_1": 0.035860655737704916,
                "P_AT_10": 0.16086065573770492,
                "P_AT_K": 0.49077868852459017,
                "P_AT_K_positive": 0.0,
                "P_AT_K_negative": 0.0
            }
        ],
        "P530": [
            {
                "MRR": 0.0989794990246045,
                "MRR_negative": 0.0,
                "MRR_positive": 0.0,
                "P_AT_1": 0.01606425702811245,
                "P_AT_10": 0.2469879518072289,
                "P_AT_K": 0.8504016064257028,
                "P_AT_K_positive": 0.0,
                "P_AT_K_negative": 0.0
            }
        ],
        "P176": [
            {
                "MRR": 0.10578737306780886,
                "MRR_negative": 0.0,
                "MRR_positive": 0.0,
                "P_AT_1": 0.6145940390544707,
                "P_AT_10": 0.7800616649537513,
                "P_AT_K": 0.8663926002055499,
                "P_AT_K_positive": 0.0,
                "P_AT_K_negative": 0.0
            }
        ],
        "P27": [
            {
                "MRR": 0.005346303930377159,
                "MRR_negative": 0.0,
                "MRR_positive": 0.0,
                "P_AT_1": 0.0,
                "P_AT_10": 0.0010351966873706005,
                "P_AT_K": 0.14596273291925466,
                "P_AT_K_positive": 0.0,
                "P_AT_K_negative": 0.0
            }
        ],
        "P407": [
            {
                "MRR": 0.3558102257284964,
                "MRR_negative": 0.0,