{
    "Google_RE": {
        "means": [
            "Mean P@1,10,k: 0.017335347421207493, 0.13190514432159203, 0.511826454750576"
        ],
        "place_of_birth": [
            {
                "MRR": 0.07362160560907505,
                "MRR_negative": 0.0,
                "MRR_positive": 0.07362160560907505,
                "P_AT_1": 0.03472931562819203,
                "P_AT_10": 0.18726591760299627,
                "P_AT_K": 0.5100442628532517,
                "P_AT_K_positive": 0.5100442628532517,
                "P_AT_K_negative": 0.0
            }
        ],
        "date_of_birth": [
            {
                "MRR": 0.0555350751007264,
                "MRR_negative": 0.0,
                "MRR_positive": 0.0555350751007264,
                "P_AT_1": 0.012054794520547946,
                "P_AT_10": 0.13534246575342465,
                "P_AT_K": 0.7134246575342466,
                "P_AT_K_positive": 0.7134246575342466,
                "P_AT_K_negative": 0.0
            }
        ],
        "place_of_death": [
            {
                "MRR": 0.03429086209373335,
                "MRR_negative": 0.0,
                "MRR_positive": 0.03429086209373335,
                "P_AT_1": 0.005221932114882507,
                "P_AT_10": 0.0731070496083551,
                "P_AT_K": 0.31201044386422977,
                "P_AT_K_positive": 0.31201044386422977,
                "P_AT_K_negative": 0.0
            }
        ]
    },
    "TREx": {
        "means": [
            "Mean P@1,10,k: 0.08617144721192811, 0.27993521880077404, 0.5982683194315498"
        ],
        "P19": [
            {
                "MRR": 0.09101134349370898,
                "MRR_negative": 0.0,
                "MRR_positive": 0.0,
                "P_AT_1": 0.0413135593220339,
                "P_AT_10": 0.24046610169491525,
                "P_AT_K": 0.5625,
                "P_AT_K_positive": 0.0,
                "P_AT_K_negative": 0.0
            }
        ],
        "P20": [
            {
                "MRR": 0.05711292318204641,
                "MRR_negative": 0.0,
                "MRR_positive": 0.0,
                "P_AT_1": 0.013641133263378805,
                "P_AT_10": 0.1458551941238195,
                "P_AT_K": 0.47429171038824763,
                "P_AT_K_positive": 0.0,
                "P_AT_K_negative": 0.0
            }
        ],
        "P279": [
            {
                "MRR": 0.11509982060396348,
                "MRR_negative": 0.0,
                "MRR_positive": 0.0,
                "P_AT_1": 0.17634854771784234,
                "P_AT_10": 0.3817427385892116,
                "P_AT_K": 0.5280082987551867,
                "P_AT_K_positive": 0.0,
                "P_AT_K_negative": 0.0
            }
        ],
        "P37": [
            {
                "MRR": 0.17354411771601733,
                "MRR_negative": 0.0,
                "MRR_positive": 0.0,
                "P_AT_1": 0.18633540372670807,
                "P_AT_10": 0.4917184265010352,
                "P_AT_K": 0.9358178053830227,
                "P_AT_K_positive": 0.0,
                "P_AT_K_negative": 0.0
            }
        ],
        "P413": [
            {
                "MRR": 0.061443231650656877,
                "MRR_negative": 0.0,
                "MRR_positive": 0.0,
                "P_AT_1": 0.018907563025210083,
                "P_AT_10": 0.15546218487394958,
                "P_AT_K": 0.7563025210084033,
                "P_AT_K_positive": 0.0,
                "P_AT_K_negative": 0.0
            }
        ],
        "P449": [
            {
                "MRR": 0.30963976519298897,
                "MRR_negative": 0.0,
                "MRR_positive": 0.0,
                "P_AT_1": 0.22727272727272727,
                "P_AT_10": 0.7363636363636363,
                "P_AT_K": 0.8738636363636364,
                "P_AT_K_positive": 0.0,
                "P_AT_K_negative": 0.0
            }
        ],
        "P47": [
            {
                "MRR": 0.061096064597656374,
                "MRR_negative": 0.0,
                "MRR_positive": 0.0,
                "P_AT_1": 0.021739130434782608,
                "P_AT_10": 0.17608695652173914,
                "P_AT_K": 0.4989130434782609,
                "P_AT_K_positive": 0.0,
                "P_AT_K_negative": 0.0
            }
        ],
        "P138": [
            {
                "MRR": 0.013954295804208263,
                "MRR_negative": 0.0,
                "MRR_positive": 0.0,
                "P_AT_1": 0.001557632398753894,
                "P_AT_10": 0.037383177570093455,
                "P_AT_K": 0.14797507788161993,
                "P_AT_K_positive": 0.0,
                "P_AT_K_negative": 0.0
            }
        ],
        "P364": [
            {
                "MRR": 0.16948580227802207,
                "MRR_negative": 0.0,
                "MRR_positive": 0.0,
                "P_AT_1": 0.16121495327102803,
                "P_AT_10": 0.47079439252336447,
                "P_AT_K": 0.8364485981308412,
                "P_AT_K_positive": 0.0,
                "P_AT_K_negative": 0.0
            }
        ],
        "P463": [
            {
                "MRR": 0.08077887330396558,
                "MRR_negative": 0.0,
                "MRR_positive": 0.0,
                "P_AT_1": 0.5422222222222223,
                "P_AT_10": 0.7022222222222222,
                "P_AT_K": 0.7333333333333333,
                "P_AT_K_positive": 0.0,
                "P_AT_K_negative": 0.0
            }
        ],
        "P101": [
            {
                "MRR": 0.0662596432456898,
                "MRR_negative": 0.0,
                "MRR_positive": 0.0,
                "P_AT_1": 0.020114942528735632,
                "P_AT_10": 0.17097701149425287,
                "P_AT_K": 0.639367816091954,
                "P_AT_K_positive": 0.0,
                "P_AT_K_negative": 0.0
            }
        ],
        "P106": [
            {
                "MRR": 0.046510805122588636,
                "MRR_negative": 0.0,
                "MRR_positive": 0.0,
                "P_AT_1": 0.021920668058455117,
                "P_AT_10": 0.12317327766179541,
                "P_AT_K": 0.5887265135699373,
                "P_AT_K_positive": 0.0,
                "P_AT_K_negative": 0.0
            }
        ],
        "P527": [
            {
                "MRR": 0.04214042483936075,
                "MRR_negative": 0.0,
                "MRR_positive": 0.0,
                "P_AT_1": 0.00819672131147541,
                "P_AT_10": 0.1096311475409836,
                "P_AT_K": 0.367827868852459,
                "P_AT_K_positive": 0.0,
                "P_AT_K_negative": 0.0
            }
        ],
        "P530": [
            {
                "MRR": 0.05414496767283286,
                "MRR_negative": 0.0,
                "MRR_positive": 0.0,
                "P_AT_1": 0.008032128514056224,
                "P_AT_10": 0.12650602409638553,
                "P_AT_K": 0.7710843373493976,
                "P_AT_K_positive": 0.0,
                "P_AT_K_negative": 0.0
            }
        ],
        "P176": [
            {
                "MRR": 0.08861579936222383,
                "MRR_negative": 0.0,
                "MRR_positive": 0.0,
                "P_AT_1": 0.1130524152106886,
                "P_AT_10": 0.2908530318602261,
                "P_AT_K": 0.5118191161356629,
                "P_AT_K_positive": 0.0,
                "P_AT_K_negative": 0.0
            }
        ],
        "P27": [
            {
                "MRR": 0.006136381859104294,
                "MRR_negative": 0.0,
                "MRR_positive": 0.0,
                "P_AT_1": 0.0,
                "P_AT_10": 0.003105590062111801,
                "P_AT_K": 0.17391304347826086,
                "P_AT_K_positive": 0.0,
                "P_AT_K_negative": 0.0
            }
        ],
        "P407": [
            {
                "MRR": 0.17420720037507478,
                "MRR_negative": 0.0,