{"Google_RE": {"means": ["Mean P@1,10,k: 0.05540378233284499, 0.22687034745483894, 0.62209968007331"], "place_of_birth": [{"MRR": 0.11674491567800192, "MRR_negative": 0.0, "MRR_positive": 0.11674491567800192, "P_AT_1": 0.09431392577459993, "P_AT_10": 0.33537623425263874, "P_AT_K": 0.6493020088525706, "P_AT_K_positive": 0.6493020088525706, "P_AT_K_negative": 0.0}], "date_of_birth": [{"MRR": 0.0607589347256833, "MRR_negative": 0.0, "MRR_positive": 0.0607589347256833, "P_AT_1": 0.01315068493150685, "P_AT_10": 0.14027397260273972, "P_AT_K": 0.8005479452054794, "P_AT_K_positive": 0.8005479452054794, "P_AT_K_negative": 0.0}], "place_of_death": [{"MRR": 0.07935029312997591, "MRR_negative": 0.0, "MRR_positive": 0.07935029312997591, "P_AT_1": 0.0587467362924282, "P_AT_10": 0.20496083550913838, "P_AT_K": 0.4164490861618799, "P_AT_K_positive": 0.4164490861618799, "P_AT_K_negative": 0.0}]}, "TREx": {"means": ["Mean P@1,10,k: 0.1730493231676501, 0.4454441212775881, 0.7595895546916178"], "P19": [{"MRR": 0.13835762706659196, "MRR_negative": 0.0, "MRR_positive": 0.0, "P_AT_1": 0.1059322033898305, "P_AT_10": 0.375, "P_AT_K": 0.7192796610169492, "P_AT_K_positive": 0.0, "P_AT_K_negative": 0.0}], "P20": [{"MRR": 0.14104903366019228, "MRR_negative": 0.0, "MRR_positive": 0.0, "P_AT_1": 0.13431269674711438, "P_AT_10": 0.4302203567681007, "P_AT_K": 0.695697796432319, "P_AT_K_positive": 0.0, "P_AT_K_negative": 0.0}], "P279": [{"MRR": 0.20134217796097778, "MRR_negative": 0.0, "MRR_positive": 0.0, "P_AT_1": 0.16493775933609958, "P_AT_10": 0.5487551867219918, "P_AT_K": 0.729253112033195, "P_AT_K_positive": 0.0, "P_AT_K_negative": 0.0}], "P37": [{"MRR": 0.24211072330076558, "MRR_negative": 0.0, "MRR_positive": 0.0, "P_AT_1": 0.36231884057971014, "P_AT_10": 0.7960662525879917, "P_AT_K": 0.984472049689441, "P_AT_K_positive": 0.0, "P_AT_K_negative": 0.0}], "P413": [{"MRR": 0.12308025538449442, "MRR_negative": 0.0, "MRR_positive": 0.0, "P_AT_1": 0.012605042016806723, "P_AT_10": 0.31092436974789917, "P_AT_K": 0.7069327731092437, "P_AT_K_positive": 0.0, "P_AT_K_negative": 0.0}], "P449": [{"MRR": 0.25479614912249515, "MRR_negative": 0.0, "MRR_positive": 0.0, "P_AT_1": 0.34204545454545454, "P_AT_10": 0.7886363636363637, "P_AT_K": 0.9602272727272727, "P_AT_K_positive": 0.0, "P_AT_K_negative": 0.0}], "P47": [{"MRR": 0.1544657831443133, "MRR_negative": 0.0, "MRR_positive": 0.0, "P_AT_1": 0.0641304347826087, "P_AT_10": 0.44021739130434784, "P_AT_K": 0.7858695652173913, "P_AT_K_positive": 0.0, "P_AT_K_negative": 0.0}], "P138": [{"MRR": 0.06463422081225156, "MRR_negative": 0.0, "MRR_positive": 0.0, "P_AT_1": 0.006230529595015576, "P_AT_10": 0.1838006230529595, "P_AT_K": 0.48753894080996885, "P_AT_K_positive": 0.0, "P_AT_K_negative": 0.0}], "P364": [{"MRR": 0.19456465754825658, "MRR_negative": 0.0, "MRR_positive": 0.0, "P_AT_1": 0.308411214953271, "P_AT_10": 0.7242990654205608, "P_AT_K": 0.9813084112149533, "P_AT_K_positive": 0.0, "P_AT_K_negative": 0.0}], "P463": [{"MRR": 0.11107035517730064, "MRR_negative": 0.0, "MRR_positive": 0.0, "P_AT_1": 0.5822222222222222, "P_AT_10": 0.7511111111111111, "P_AT_K": 0.7777777777777778, "P_AT_K_positive": 0.0, "P_AT_K_negative": 0.0}], "P101": [{"MRR": 0.1027186319112854, "MRR_negative": 0.0, "MRR_positive": 0.0, "P_AT_1": 0.07614942528735633, "P_AT_10": 0.3175287356321839, "P_AT_K": 0.7097701149425287, "P_AT_K_positive": 0.0, "P_AT_K_negative": 0.0}], "P106": [{"MRR": 0.047117935210879015, "MRR_negative": 0.0, "MRR_positive": 0.0, "P_AT_1": 0.019832985386221295, "P_AT_10": 0.10855949895615867, "P_AT_K": 0.6242171189979123, "P_AT_K_positive": 0.0, "P_AT_K_negative": 0.0}], "P527": [{"MRR": 0.1160853831471919, "MRR_negative": 0.0, "MRR_positive": 0.0, "P_AT_1": 0.0706967213114754, "P_AT_10": 0.3422131147540984, "P_AT_K": 0.6670081967213115, "P_AT_K_positive": 0.0, "P_AT_K_negative": 0.0}], "P530": [{"MRR": 0.05824133966358061, "MRR_negative": 0.0, "MRR_positive": 0.0, "P_AT_1": 0.01706827309236948, "P_AT_10": 0.14056224899598393, "P_AT_K": 0.8755020080321285, "P_AT_K_positive": 0.0, "P_AT_K_negative": 0.0}], "P176": [{"MRR": 0.15013303855606813, "MRR_negative": 0.0, "MRR_positive": 0.0, "P_AT_1": 0.4696813977389517, "P_AT_10": 0.7790339157245632, "P_AT_K": 0.9321685508735869, "P_AT_K_positive": 0.0, "P_AT_K_negative": 0.0}], "P27": [{"MRR": 0.008029827247458396, "MRR_negative": 0.0, "MRR_positive": 0.0, "P_AT_1": 0.0, "P_AT_10": 0.0, "P_AT_K": 0.2774327122153209, "P_AT_K_positive": 0.0, "P_AT_K_negative": 0.0}], "P407": [{"MRR": 0.2898558271219342, "MRR_negative": 0.0, "MRR_positive": 0.0, "P_AT_1": 0.24287343215507412, "P_AT_10": 0.7525655644241733, "P_AT_K": 0.942987457240593, "P_AT_K_positive": 0.0, "P_AT_K_negative": 0.0}], "P30": [{"MRR": 0.1261185547071902, "MRR_negative": 0.0, "MRR_positive": 0.0, "P_AT_1": 0.14564102564102563, "P_AT_10": 0.41743589743589743, "P_AT_K": 0.8133333333333334, "P_AT_K_positive": 0.0, "P_AT_K_negative": 0.0}], "P178": [{"MRR": 0.16320795595600884, "MRR_negative": 0.0, "MRR_positive": 0.0, "P_AT_1": 0.5025380710659898, "P_AT_10": 0.8646362098138748, "P_AT_K": 0.9712351945854484, "P_AT_K_positive": 0.0, "P_AT_K_negative": 0.0}], "P1376": [{"MRR": 0.1928915649842754, "MRR_negative": 0.0, "MRR_positive": 0.0, "P_AT_1": 0.4334763948497854, "P_AT_10": 0.7553648068669528, "P_AT_K": 0.9012875536480687, "P_AT_K_positive": 0.0, "P_AT_K_negative": 0.0}], "P131": [{"MRR": 0.15041719430511624, "MRR_negative": 0.0, "MRR_positive": 0.0, "P_AT_1": 0.14188422247446084, "P_AT_10": 0.43813847900113506, "P_AT_K": 0.7309875141884222, "P_AT_K_positive": 0.0, "P_AT_K_negative": 0.0}], "P1412": [{"MRR": 0.18457767551918022, "MRR_negative": 0.0, "MRR_positive": 0.0, "P_AT_1": 0.11042311661506708, "P_AT_10": 0.5263157894736842, "P_AT_K": 0.9102167182662538, "P_AT_K_positive": 0.0, "P_AT_K_negative": 0.0}], "P108": [{"MRR": 0.11155070165161544, "MRR_negative": 0.0, "MRR_positive": 0.0, "P_AT_1": 0.018276762402088774, "P_AT_10": 0.3028720626631854, "P_AT_K": 0.7728459530026109, "P_AT_K_positive": 0.0, "P_AT_K_negative": 0.0}], "P136": [{"MRR": 0.05230534656813851, "MRR_negative": 0.0, "MRR_positive": 0.0, "P_AT_1": 0.0, "P_AT_10": 0.17830290010741137, "P_AT_K": 0.6691729323308271, "P_AT_K_positive": 0.0, "P_AT_K_negative": 0.0}], "P17": [{"MRR": 0.18759788573473432, "MRR_negative": 0.0, "MRR_positive": 0.0, "P_AT_1": 0.16236559139784945, "P_AT_10": 0.543010752688172, "P_AT_K": 0.832258064516129, "P_AT_K_positive": 0.0, "P_AT_K_negative": 0.0}], "P39": [{"MRR": 0.13113749494331417, "MRR_negative": 0.0, "MRR_positive": 0.0, "P_AT_1": 0.05941704035874439, "P_AT_10": 0.3060538116591928, "P_AT_K": 0.8800448430493274, "P_AT_K_positive": 0.0, "P_AT_K_negative": 0.0}], "P264": [{"MRR": 0.09236449528056734, "MRR_negative": 0.0, "MRR_positive": 0.0, "P_AT_1": 0.10955710955710955, "P_AT_10": 0.2540792540792541, "P_AT_K": 0.5967365967365967, "P_AT_K_positive": 0.0, "P_AT_K_negative": 0.0}], "P276": [{"MRR": 0.1239471462155766, "MRR_negative": 0.0, "MRR_positive": 0.0, "P_AT_1": 0.22338204592901878, "P_AT_10": 0.46659707724425886, "P_AT_K": 0.7338204592901879, "P_AT_K_positive": 0.0, "P_AT_K_negative": 0.0}], "P937": [{"MRR": 0.11462441367009167, "MRR_negative": 0.0, "MRR_positive": 0.0, "P_AT_1": 0.14465408805031446, "P_AT_10": 0.39622641509433965, "P_AT_K": 0.7012578616352201, "P_AT_K_positive": 0.0, "P_AT_K_negative": 0.0}], "P140": [{"MRR": 0.05606556195644331, "MRR_negative": 0.0, "MRR_positive": 0.0, "P_AT_1": 0.0021141649048625794, "P_AT_10": 0.13530655391120508, "P_AT_K": 0.9133192389006343, "P_AT_K_positive": 0.0, "P_AT_K_negative": 0.0}], "P1303": [{"MRR": 0.10008178059727262, "MRR_negative": 0.0, "MRR_positive": 0.0, "P_AT_1": 0.023182297154899896, "P_AT_10": 0.339304531085353, "P_AT_K": 0.7386722866174921, "P_AT_K_positive": 0.0, "P_AT_K_negative": 0.0}], "P127": [{"MRR": 0.1286747692222564, "MRR_negative": 0.0, "MRR_positive": 0.0, "P_AT_1": 0.20232896652110627, "P_AT_10": 0.4556040756914119, "P_AT_K": 0.6899563318777293, "P_AT_K_positive": 0.0,