{
    "Google_RE": {
        "means": [
            "Mean P@1,10,k: 0.0024592449563846284, 0.026256322708768525, 0.18880623807217364"
        ],
        "place_of_birth": [
            {
                "MRR": 0.01158994178720116,
                "MRR_negative": 0.0,
                "MRR_positive": 0.01158994178720116,
                "P_AT_1": 0.004766768811712632,
                "P_AT_10": 0.030983997276132106,
                "P_AT_K": 0.12836227442969017,
                "P_AT_K_positive": 0.12836227442969017,
                "P_AT_K_negative": 0.0
            }
        ],
        "date_of_birth": [
            {
                "MRR": 0.019777951070444208,
                "MRR_negative": 0.0,
                "MRR_positive": 0.019777951070444208,
                "P_AT_1": 0.0,
                "P_AT_10": 0.033424657534246574,
                "P_AT_K": 0.3375342465753425,
                "P_AT_K_positive": 0.3375342465753425,
                "P_AT_K_negative": 0.0
            }
        ],
        "place_of_death": [
            {
                "MRR": 0.007889823276760669,
                "MRR_negative": 0.0,
                "MRR_positive": 0.007889823276760669,
                "P_AT_1": 0.0026109660574412533,
                "P_AT_10": 0.014360313315926894,
                "P_AT_K": 0.10052219321148825,
                "P_AT_K_positive": 0.10052219321148825,
                "P_AT_K_negative": 0.0
            }
        ]
    },
    "TREx": {
        "means": [
            "Mean P@1,10,k: 0.006894974811157669, 0.04206465447253577, 0.1520663628331324"
        ],
        "P19": [
            {
                "MRR": 0.014288997480301019,
                "MRR_negative": 0.0,
                "MRR_positive": 0.0,
                "P_AT_1": 0.00423728813559322,
                "P_AT_10": 0.029661016949152543,
                "P_AT_K": 0.11758474576271187,
                "P_AT_K_positive": 0.0,
                "P_AT_K_negative": 0.0
            }
        ],
        "P20": [
            {
                "MRR": 0.010916775933904839,
                "MRR_negative": 0.0,
                "MRR_positive": 0.0,
                "P_AT_1": 0.001049317943336831,
                "P_AT_10": 0.01993704092339979,
                "P_AT_K": 0.1521511017838405,
                "P_AT_K_positive": 0.0,
                "P_AT_K_negative": 0.0
            }
        ],
        "P279": [
            {
                "MRR": 0.05536221378191414,
                "MRR_negative": 0.0,
                "MRR_positive": 0.0,
                "P_AT_1": 0.022821576763485476,
                "P_AT_10": 0.12863070539419086,
                "P_AT_K": 0.22095435684647302,
                "P_AT_K_positive": 0.0,
                "P_AT_K_negative": 0.0
            }
        ],
        "P37": [
            {
                "MRR": 0.00020672987208852385,
                "MRR_negative": 0.0,
                "MRR_positive": 0.0,
                "P_AT_1": 0.0,
                "P_AT_10": 0.0,
                "P_AT_K": 0.0010351966873706005,
                "P_AT_K_positive": 0.0,
                "P_AT_K_negative": 0.0
            }
        ],
        "P413": [
            {
                "MRR": 2.797047086927806e-05,
                "MRR_negative": 0.0,
                "MRR_positive": 0.0,
                "P_AT_1": 0.0,
                "P_AT_10": 0.0,
                "P_AT_K": 0.0,
                "P_AT_K_positive": 0.0,
                "P_AT_K_negative": 0.0
            }
        ],
        "P449": [
            {
                "MRR": 0.1207582637014964,
                "MRR_negative": 0.0,
                "MRR_positive": 0.0,
                "P_AT_1": 0.06704545454545455,
                "P_AT_10": 0.3159090909090909,
                "P_AT_K": 0.6590909090909091,
                "P_AT_K_positive": 0.0,
                "P_AT_K_negative": 0.0
            }
        ],
        "P47": [
            {
                "MRR": 0.005750355363787535,
                "MRR_negative": 0.0,
                "MRR_positive": 0.0,
                "P_AT_1": 0.0,
                "P_AT_10": 0.009782608695652175,
                "P_AT_K": 0.0891304347826087,
                "P_AT_K_positive": 0.0,
                "P_AT_K_negative": 0.0
            }
        ],
        "P138": [
            {
                "MRR": 0.004603354617489255,
                "MRR_negative": 0.0,
                "MRR_positive": 0.0,
                "P_AT_1": 0.0,
                "P_AT_10": 0.00778816199376947,
                "P_AT_K": 0.056074766355140186,
                "P_AT_K_positive": 0.0,
                "P_AT_K_negative": 0.0
            }
        ],
        "P364": [
            {
                "MRR": 0.00012117831481106156,
                "MRR_negative": 0.0,
                "MRR_positive": 0.0,
                "P_AT_1": 0.0,
                "P_AT_10": 0.0,
                "P_AT_K": 0.0011682242990654205,
                "P_AT_K_positive": 0.0,
                "P_AT_K_negative": 0.0
            }
        ],
        "P463": [
            {
                "MRR": 0.003847999360114661,
                "MRR_negative": 0.0,
                "MRR_positive": 0.0,
                "P_AT_1": 0.0,
                "P_AT_10": 0.0044444444444444444,
                "P_AT_K": 0.057777777777777775,
                "P_AT_K_positive": 0.0,
                "P_AT_K_negative": 0.0
            }
        ],
        "P101": [
            {
                "MRR": 0.004126224156670052,
                "MRR_negative": 0.0,
                "MRR_positive": 0.0,
                "P_AT_1": 0.0014367816091954023,
                "P_AT_10": 0.004310344827586207,
                "P_AT_K": 0.07614942528735633,
                "P_AT_K_positive": 0.0,
                "P_AT_K_negative": 0.0
            }
        ],
        "P106": [
            {
                "MRR": 0.009184044646288659,
                "MRR_negative": 0.0,
                "MRR_positive": 0.0,
                "P_AT_1": 0.0010438413361169101,
                "P_AT_10": 0.022964509394572025,
                "P_AT_K": 0.07724425887265135,
                "P_AT_K_positive": 0.0,
                "P_AT_K_negative": 0.0
            }
        ],
        "P527": [
            {
                "MRR": 0.009076261421360159,
                "MRR_negative": 0.0,
                "MRR_positive": 0.0,
                "P_AT_1": 0.0020491803278688526,
                "P_AT_10": 0.01639344262295082,
                "P_AT_K": 0.17827868852459017,
                "P_AT_K_positive": 0.0,
                "P_AT_K_negative": 0.0
            }
        ],
        "P530": [
            {
                "MRR": 0.014917118152664773,
                "MRR_negative": 0.0,
                "MRR_positive": 0.0,
                "P_AT_1": 0.001004016064257028,
                "P_AT_10": 0.028112449799196786,
                "P_AT_K": 0.2580321285140562,
                "P_AT_K_positive": 0.0,
                "P_AT_K_negative": 0.0
            }
        ],
        "P176": [
            {
                "MRR": 0.0025935580044596303,
                "MRR_negative": 0.0,
                "MRR_positive": 0.0,
                "P_AT_1": 0.0,
                "P_AT_10": 0.0051387461459403904,
                "P_AT_K": 0.03391572456320658,
                "P_AT_K_positive": 0.0,
                "P_AT_K_negative": 0.0
            }
        ],
        "P27": [
            {
                "MRR": 1.1435957028106433e-05,
                "MRR_negative": 0.0,
                "MRR_positive": 0.0,
                "P_AT_1": 0.0,
                "P_AT_10": 0.0,
                "P_AT_K": 0.0,
                "P_AT_K_positive": 0.0,
                "P_AT_K_negative": 0.0
            }
        ],
        "P407": [
            {
                "MRR": 0.007239166286506253,
                "MRR_negative": 0.0,
                "MRR_positive": 0.0,
                "P_AT_1": 0.0011402508551881414,
                "P_AT_10": 0.009122006841505131,