{"Google_RE": {"means": ["Mean P@1,10,k: 0.0013867472633056748, 0.026520631697071834, 0.18491993925196878"], "place_of_birth": [{"MRR": 0.015361744508110012, "MRR_negative": 0.0, "MRR_positive": 0.015361744508110012, "P_AT_1": 0.0030643513789581204, "P_AT_10": 0.03949608443990466, "P_AT_K": 0.16956077630234934, "P_AT_K_positive": 0.16956077630234934, "P_AT_K_negative": 0.0}], "date_of_birth": [{"MRR": 0.013405988036905656, "MRR_negative": 0.0, "MRR_positive": 0.013405988036905656, "P_AT_1": 0.001095890410958904, "P_AT_10": 0.019178082191780823, "P_AT_K": 0.23506849315068493, "P_AT_K_positive": 0.23506849315068493, "P_AT_K_negative": 0.0}], "place_of_death": [{"MRR": 0.010327186263648513, "MRR_negative": 0.0, "MRR_positive": 0.010327186263648513, "P_AT_1": 0.0, "P_AT_10": 0.020887728459530026, "P_AT_K": 0.15013054830287206, "P_AT_K_positive": 0.15013054830287206, "P_AT_K_negative": 0.0}]}, "TREx": {"means": ["Mean P@1,10,k: 0.010932972362333617, 0.04023964398655856, 0.15457573854029039"], "P19": [{"MRR": 0.012890734596172298, "MRR_negative": 0.0, "MRR_positive": 0.0, "P_AT_1": 0.0031779661016949155, "P_AT_10": 0.034957627118644065, "P_AT_K": 0.15254237288135594, "P_AT_K_positive": 0.0, "P_AT_K_negative": 0.0}], "P20": [{"MRR": 0.018560978493424647, "MRR_negative": 0.0, "MRR_positive": 0.0, "P_AT_1": 0.004197271773347324, "P_AT_10": 0.03987408184679958, "P_AT_K": 0.22140608604407136, "P_AT_K_positive": 0.0, "P_AT_K_negative": 0.0}], "P279": [{"MRR": 0.01556937680348619, "MRR_negative": 0.0, "MRR_positive": 0.0, "P_AT_1": 0.005186721991701245, "P_AT_10": 0.052904564315352696, "P_AT_K": 0.17738589211618258, "P_AT_K_positive": 0.0, "P_AT_K_negative": 0.0}], "P37": [{"MRR": 0.0004816227846001973, "MRR_negative": 0.0, "MRR_positive": 0.0, "P_AT_1": 0.0, "P_AT_10": 0.0010351966873706005, "P_AT_K": 0.004140786749482402, "P_AT_K_positive": 0.0, "P_AT_K_negative": 0.0}], "P413": [{"MRR": 0.0, "MRR_negative": 0.0, "MRR_positive": 0.0, "P_AT_1": 0.0, "P_AT_10": 0.0, "P_AT_K": 0.0, "P_AT_K_positive": 0.0, "P_AT_K_negative": 0.0}], "P449": [{"MRR": 0.09097973896792784, "MRR_negative": 0.0, "MRR_positive": 0.0, "P_AT_1": 0.3068181818181818, "P_AT_10": 0.5125, "P_AT_K": 0.6511363636363636, "P_AT_K_positive": 0.0, "P_AT_K_negative": 0.0}], "P47": [{"MRR": 0.00818573866833628, "MRR_negative": 0.0, "MRR_positive": 0.0, "P_AT_1": 0.003260869565217391, "P_AT_10": 0.016304347826086956, "P_AT_K": 0.08043478260869565, "P_AT_K_positive": 0.0, "P_AT_K_negative": 0.0}], "P138": [{"MRR": 0.005049973556187364, "MRR_negative": 0.0, "MRR_positive": 0.0, "P_AT_1": 0.0, "P_AT_10": 0.012461059190031152, "P_AT_K": 0.037383177570093455, "P_AT_K_positive": 0.0, "P_AT_K_negative": 0.0}], "P364": [{"MRR": 0.00037506672109630335, "MRR_negative": 0.0, "MRR_positive": 0.0, "P_AT_1": 0.0, "P_AT_10": 0.0011682242990654205, "P_AT_K": 0.0035046728971962616, "P_AT_K_positive": 0.0, "P_AT_K_negative": 0.0}], "P463": [{"MRR": 0.004916441102396076, "MRR_negative": 0.0, "MRR_positive": 0.0, "P_AT_1": 0.0, "P_AT_10": 0.0, "P_AT_K": 0.12, "P_AT_K_positive": 0.0, "P_AT_K_negative": 0.0}], "P101": [{"MRR": 0.006318421760503727, "MRR_negative": 0.0, "MRR_positive": 0.0, "P_AT_1": 0.0, "P_AT_10": 0.011494252873563218, "P_AT_K": 0.1221264367816092, "P_AT_K_positive": 0.0, "P_AT_K_negative": 0.0}], "P106": [{"MRR": 0.005954066735233201, "MRR_negative": 0.0, "MRR_positive": 0.0, "P_AT_1": 0.0, "P_AT_10": 0.008350730688935281, "P_AT_K": 0.1304801670146138, "P_AT_K_positive": 0.0, "P_AT_K_negative": 0.0}], "P527": [{"MRR": 0.0036913706672973287, "MRR_negative": 0.0, "MRR_positive": 0.0, "P_AT_1": 0.0, "P_AT_10": 0.005122950819672131, "P_AT_K": 0.06147540983606557, "P_AT_K_positive": 0.0, "P_AT_K_negative": 0.0}], "P530": [{"MRR": 0.017540102674156437, "MRR_negative": 0.0, "MRR_positive": 0.0, "P_AT_1": 0.0, "P_AT_10": 0.029116465863453816, "P_AT_K": 0.285140562248996, "P_AT_K_positive": 0.0, "P_AT_K_negative": 0.0}], "P176": [{"MRR": 0.0010576672260215517, "MRR_negative": 0.0, "MRR_positive": 0.0, "P_AT_1": 0.0, "P_AT_10": 0.0, "P_AT_K": 0.02877697841726619, "P_AT_K_positive": 0.0, "P_AT_K_negative": 0.0}], "P27": [{"MRR": 2.032873044275134e-05, "MRR_negative": 0.0, "MRR_positive": 0.0, "P_AT_1": 0.0, "P_AT_10": 0.0, "P_AT_K": 0.0, "P_AT_K_positive": 0.0, "P_AT_K_negative": 0.0}], "P407": [{"MRR": 0.01708497982439305, "MRR_negative": 0.0, "MRR_positive": 0.0, "P_AT_1": 0.0011402508551881414, "P_AT_10": 0.03534777651083238, "P_AT_K": 0.3238312428734322, "P_AT_K_positive": 0.0, "P_AT_K_negative": 0.0}], "P30": [{"MRR": 0.02184631403221508, "MRR_negative": 0.0, "MRR_positive": 0.0, "P_AT_1": 0.009230769230769232, "P_AT_10": 0.06153846153846154, "P_AT_K": 0.21333333333333335, "P_AT_K_positive": 0.0, "P_AT_K_negative": 0.0}], "P178": [{"MRR": 0.015060157094828433, "MRR_negative": 0.0, "MRR_positive": 0.0, "P_AT_1": 0.0, "P_AT_10": 0.03553299492385787, "P_AT_K": 0.2876480541455161, "P_AT_K_positive": 0.0, "P_AT_K_negative": 0.0}], "P1376": [{"MRR": 0.020000765424677675, "MRR_negative": 0.0, "MRR_positive": 0.0, "P_AT_1": 0.012875536480686695, "P_AT_10": 0.034334763948497854, "P_AT_K": 0.15450643776824036, "P_AT_K_positive": 0.0, "P_AT_K_negative": 0.0}], "P131": [{"MRR": 0.01988371661114862, "MRR_negative": 0.0, "MRR_positive": 0.0, "P_AT_1": 0.007945516458569807, "P_AT_10": 0.05561861520998865, "P_AT_K": 0.26220204313280365, "P_AT_K_positive": 0.0, "P_AT_K_negative": 0.0}], "P1412": [{"MRR": 0.005295380475737911, "MRR_negative": 0.0, "MRR_positive": 0.0, "P_AT_1": 0.0, "P_AT_10": 0.0030959752321981426, "P_AT_K": 0.14963880288957687, "P_AT_K_positive": 0.0, "P_AT_K_negative": 0.0}], "P108": [{"MRR": 0.0028999610476334483, "MRR_negative": 0.0, "MRR_positive": 0.0, "P_AT_1": 0.0, "P_AT_10": 0.0026109660574412533, "P_AT_K": 0.03655352480417755, "P_AT_K_positive": 0.0, "P_AT_K_negative": 0.0}], "P136": [{"MRR": 0.004090337391385927, "MRR_negative": 0.0, "MRR_positive": 0.0, "P_AT_1": 0.0, "P_AT_10": 0.0, "P_AT_K": 0.11063372717508056, "P_AT_K_positive": 0.0, "P_AT_K_negative": 0.0}], "P17": [{"MRR": 0.050098812346820204, "MRR_negative": 0.0, "MRR_positive": 0.0, "P_AT_1": 0.012903225806451613, "P_AT_10": 0.13010752688172042, "P_AT_K": 0.4483870967741935, "P_AT_K_positive": 0.0, "P_AT_K_negative": 0.0}], "P39": [{"MRR": 0.0018308333622048198, "MRR_negative": 0.0, "MRR_positive": 0.0, "P_AT_1": 0.0, "P_AT_10": 0.002242152466367713, "P_AT_K": 0.02466367713004484, "P_AT_K_positive": 0.0, "P_AT_K_negative": 0.0}], "P264": [{"MRR": 0.0005393657305983796, "MRR_negative": 0.0, "MRR_positive": 0.0, "P_AT_1": 0.0, "P_AT_10": 0.0, "P_AT_K": 0.006993006993006993, "P_AT_K_positive": 0.0, "P_AT_K_negative": 0.0}], "P276": [{"MRR": 0.016757387109094808, "MRR_negative": 0.0, "MRR_positive": 0.0, "P_AT_1": 0.006263048016701462, "P_AT_10": 0.04801670146137787, "P_AT_K": 0.16597077244258873, "P_AT_K_positive": 0.0, "P_AT_K_negative": 0.0}], "P937": [{"MRR": 0.04601133616895472, "MRR_negative": 0.0, "MRR_positive": 0.0, "P_AT_1": 0.0220125786163522, "P_AT_10": 0.13522012578616352, "P_AT_K": 0.29559748427672955, "P_AT_K_positive": 0.0, "P_AT_K_negative": 0.0}], "P140": [{"MRR": 0.0003620852207367402, "MRR_negative": 0.0, "MRR_positive": 0.0, "P_AT_1": 0.0, "P_AT_10": 0.0, "P_AT_K": 0.006342494714587738, "P_AT_K_positive": 0.0, "P_AT_K_negative": 0.0}], "P1303": [{"MRR": 0.01003422126760794, "MRR_negative": 0.0, "MRR_positive": 0.0, "P_AT_1": 0.001053740779768177, "P_AT_10": 0.02107481559536354, "P_AT_K": 0.20758693361433087, "P_AT_K_positive": 0.0, "P_AT_K_negative": 0.0}], "P127": [{"MRR": 0.017310638505656117, "MRR_negative": 0.0, "MRR_positive": 0.0, "P_AT_1": 0.011644832605531296, "P_AT_10": 0.040756914119359534, "P_AT_K": 0.16885007278020378, "P_AT_K_positive": 0.0, "P_AT_K_negative": 0.0}], "P103": [{"MRR": 0.00021969917965788485, "MRR_negative": 0.0, "MRR_positive": 0.0, "P_AT_1": 0.0, "P_AT_10": 0.0, "P_AT_K": 0.006141248720573183, "P_AT_K_positive": 0.0, "P_AT_K_negative": 0.0}], "P190": [{"MRR": 9.721549875507786e-05,