{"Google_RE": {"means": ["Mean P@1,10,k: 0.0035753729390599746, 0.025407462551900777, 0.14901532043355684"], "place_of_birth": [{"MRR": 0.0215337884306405, "MRR_negative": 0.0, "MRR_positive": 0.0215337884306405, "P_AT_1": 0.0068096697310180455, "P_AT_10": 0.04698672114402452, "P_AT_K": 0.14674838270343887, "P_AT_K_positive": 0.14674838270343887, "P_AT_K_negative": 0.0}], "date_of_birth": [{"MRR": 0.009317712854722585, "MRR_negative": 0.0, "MRR_positive": 0.009317712854722585, "P_AT_1": 0.0, "P_AT_10": 0.010958904109589041, "P_AT_K": 0.1841095890410959, "P_AT_K_positive": 0.1841095890410959, "P_AT_K_negative": 0.0}], "place_of_death": [{"MRR": 0.007073473769684291, "MRR_negative": 0.0, "MRR_positive": 0.007073473769684291, "P_AT_1": 0.0039164490861618795, "P_AT_10": 0.018276762402088774, "P_AT_K": 0.11618798955613577, "P_AT_K_positive": 0.11618798955613577, "P_AT_K_negative": 0.0}]}, "TREx": {"means": ["Mean P@1,10,k: 0.00841477456664864, 0.036165609225111243, 0.13096424696738995"], "P19": [{"MRR": 0.016872377051722186, "MRR_negative": 0.0, "MRR_positive": 0.0, "P_AT_1": 0.007415254237288136, "P_AT_10": 0.038135593220338986, "P_AT_K": 0.1292372881355932, "P_AT_K_positive": 0.0, "P_AT_K_negative": 0.0}], "P20": [{"MRR": 0.012326033175325482, "MRR_negative": 0.0, "MRR_positive": 0.0, "P_AT_1": 0.005246589716684155, "P_AT_10": 0.023084994753410283, "P_AT_K": 0.1888772298006296, "P_AT_K_positive": 0.0, "P_AT_K_negative": 0.0}], "P279": [{"MRR": 0.03956655932804766, "MRR_negative": 0.0, "MRR_positive": 0.0, "P_AT_1": 0.001037344398340249, "P_AT_10": 0.1016597510373444, "P_AT_K": 0.2053941908713693, "P_AT_K_positive": 0.0, "P_AT_K_negative": 0.0}], "P37": [{"MRR": 0.0001307611709783492, "MRR_negative": 0.0, "MRR_positive": 0.0, "P_AT_1": 0.0, "P_AT_10": 0.0, "P_AT_K": 0.0010351966873706005, "P_AT_K_positive": 0.0, "P_AT_K_negative": 0.0}], "P413": [{"MRR": 1.0778698010675505e-05, "MRR_negative": 0.0, "MRR_positive": 0.0, "P_AT_1": 0.0, "P_AT_10": 0.0, "P_AT_K": 0.0, "P_AT_K_positive": 0.0, "P_AT_K_negative": 0.0}], "P449": [{"MRR": 0.06972307719512277, "MRR_negative": 0.0, "MRR_positive": 0.0, "P_AT_1": 0.18636363636363637, "P_AT_10": 0.30227272727272725, "P_AT_K": 0.5579545454545455, "P_AT_K_positive": 0.0, "P_AT_K_negative": 0.0}], "P47": [{"MRR": 0.004266877113473232, "MRR_negative": 0.0, "MRR_positive": 0.0, "P_AT_1": 0.0, "P_AT_10": 0.010869565217391304, "P_AT_K": 0.058695652173913045, "P_AT_K_positive": 0.0, "P_AT_K_negative": 0.0}], "P138": [{"MRR": 0.004016954767205212, "MRR_negative": 0.0, "MRR_positive": 0.0, "P_AT_1": 0.0, "P_AT_10": 0.009345794392523364, "P_AT_K": 0.0529595015576324, "P_AT_K_positive": 0.0, "P_AT_K_negative": 0.0}], "P364": [{"MRR": 8.973578329476383e-05, "MRR_negative": 0.0, "MRR_positive": 0.0, "P_AT_1": 0.0, "P_AT_10": 0.0, "P_AT_K": 0.0, "P_AT_K_positive": 0.0, "P_AT_K_negative": 0.0}], "P463": [{"MRR": 0.0020708158934184383, "MRR_negative": 0.0, "MRR_positive": 0.0, "P_AT_1": 0.0, "P_AT_10": 0.0, "P_AT_K": 0.022222222222222223, "P_AT_K_positive": 0.0, "P_AT_K_negative": 0.0}], "P101": [{"MRR": 0.007558881411321794, "MRR_negative": 0.0, "MRR_positive": 0.0, "P_AT_1": 0.0014367816091954023, "P_AT_10": 0.014367816091954023, "P_AT_K": 0.08045977011494253, "P_AT_K_positive": 0.0, "P_AT_K_negative": 0.0}], "P106": [{"MRR": 0.00310538013786621, "MRR_negative": 0.0, "MRR_positive": 0.0, "P_AT_1": 0.0, "P_AT_10": 0.0020876826722338203, "P_AT_K": 0.05323590814196242, "P_AT_K_positive": 0.0, "P_AT_K_negative": 0.0}], "P527": [{"MRR": 0.002812290307342539, "MRR_negative": 0.0, "MRR_positive": 0.0, "P_AT_1": 0.0, "P_AT_10": 0.004098360655737705, "P_AT_K": 0.03790983606557377, "P_AT_K_positive": 0.0, "P_AT_K_negative": 0.0}], "P530": [{"MRR": 0.0041103368475353735, "MRR_negative": 0.0, "MRR_positive": 0.0, "P_AT_1": 0.0, "P_AT_10": 0.002008032128514056, "P_AT_K": 0.09839357429718876, "P_AT_K_positive": 0.0, "P_AT_K_negative": 0.0}], "P176": [{"MRR": 0.0006675529523643785, "MRR_negative": 0.0, "MRR_positive": 0.0, "P_AT_1": 0.0010277492291880781, "P_AT_10": 0.0020554984583761563, "P_AT_K": 0.018499486125385406, "P_AT_K_positive": 0.0, "P_AT_K_negative": 0.0}], "P27": [{"MRR": 3.355402559307545e-05, "MRR_negative": 0.0, "MRR_positive": 0.0, "P_AT_1": 0.0, "P_AT_10": 0.0, "P_AT_K": 0.0, "P_AT_K_positive": 0.0, "P_AT_K_negative": 0.0}], "P407": [{"MRR": 0.014061244665966666, "MRR_negative": 0.0, "MRR_positive": 0.0, "P_AT_1": 0.0, "P_AT_10": 0.012542759407069556, "P_AT_K": 0.3272519954389966, "P_AT_K_positive": 0.0, "P_AT_K_negative": 0.0}], "P30": [{"MRR": 0.02767535288874548, "MRR_negative": 0.0, "MRR_positive": 0.0, "P_AT_1": 0.005128205128205128, "P_AT_10": 0.08717948717948718, "P_AT_K": 0.24307692307692308, "P_AT_K_positive": 0.0, "P_AT_K_negative": 0.0}], "P178": [{"MRR": 0.005278069885727995, "MRR_negative": 0.0, "MRR_positive": 0.0, "P_AT_1": 0.0, "P_AT_10": 0.00676818950930626, "P_AT_K": 0.14382402707275804, "P_AT_K_positive": 0.0, "P_AT_K_negative": 0.0}], "P1376": [{"MRR": 0.011112795486230448, "MRR_negative": 0.0, "MRR_positive": 0.0, "P_AT_1": 0.008583690987124463, "P_AT_10": 0.030042918454935622, "P_AT_K": 0.11587982832618025, "P_AT_K_positive": 0.0, "P_AT_K_negative": 0.0}], "P131": [{"MRR": 0.01894192292107546, "MRR_negative": 0.0, "MRR_positive": 0.0, "P_AT_1": 0.0022701475595913734, "P_AT_10": 0.046538024971623154, "P_AT_K": 0.23269012485811577, "P_AT_K_positive": 0.0, "P_AT_K_negative": 0.0}], "P1412": [{"MRR": 0.004666873583437066, "MRR_negative": 0.0, "MRR_positive": 0.0, "P_AT_1": 0.0, "P_AT_10": 0.0020639834881320948, "P_AT_K": 0.13003095975232198, "P_AT_K_positive": 0.0, "P_AT_K_negative": 0.0}], "P108": [{"MRR": 0.0004661066004382154, "MRR_negative": 0.0, "MRR_positive": 0.0, "P_AT_1": 0.0, "P_AT_10": 0.0, "P_AT_K": 0.0, "P_AT_K_positive": 0.0, "P_AT_K_negative": 0.0}], "P136": [{"MRR": 0.0027034012788887734, "MRR_negative": 0.0, "MRR_positive": 0.0, "P_AT_1": 0.0, "P_AT_10": 0.0, "P_AT_K": 0.036519871106337275, "P_AT_K_positive": 0.0, "P_AT_K_negative": 0.0}], "P17": [{"MRR": 0.050679024493689946, "MRR_negative": 0.0, "MRR_positive": 0.0, "P_AT_1": 0.02903225806451613, "P_AT_10": 0.14623655913978495, "P_AT_K": 0.46881720430107526, "P_AT_K_positive": 0.0, "P_AT_K_negative": 0.0}], "P39": [{"MRR": 0.0015647170731358981, "MRR_negative": 0.0, "MRR_positive": 0.0, "P_AT_1": 0.0, "P_AT_10": 0.0, "P_AT_K": 0.01569506726457399, "P_AT_K_positive": 0.0, "P_AT_K_negative": 0.0}], "P264": [{"MRR": 0.00036454483895791135, "MRR_negative": 0.0, "MRR_positive": 0.0, "P_AT_1": 0.0, "P_AT_10": 0.0, "P_AT_K": 0.002331002331002331, "P_AT_K_positive": 0.0, "P_AT_K_negative": 0.0}], "P276": [{"MRR": 0.016254833762357666, "MRR_negative": 0.0, "MRR_positive": 0.0, "P_AT_1": 0.009394572025052192, "P_AT_10": 0.0407098121085595, "P_AT_K": 0.1544885177453027, "P_AT_K_positive": 0.0, "P_AT_K_negative": 0.0}], "P937": [{"MRR": 0.07414231305593506, "MRR_negative": 0.0, "MRR_positive": 0.0, "P_AT_1": 0.009433962264150943, "P_AT_10": 0.15513626834381553, "P_AT_K": 0.3113207547169811, "P_AT_K_positive": 0.0, "P_AT_K_negative": 0.0}], "P140": [{"MRR": 0.0030862783886228765, "MRR_negative": 0.0, "MRR_positive": 0.0, "P_AT_1": 0.0, "P_AT_10": 0.006342494714587738, "P_AT_K": 0.006342494714587738, "P_AT_K_positive": 0.0, "P_AT_K_negative": 0.0}], "P1303": [{"MRR": 0.003383882822185215, "MRR_negative": 0.0, "MRR_positive": 0.0, "P_AT_1": 0.0, "P_AT_10": 0.003161222339304531, "P_AT_K": 0.0874604847207587, "P_AT_K_positive": 0.0, "P_AT_K_negative": 0.0}], "P127": [{"MRR": 0.020540834358064412, "MRR_negative": 0.0, "MRR_positive": 0.0, "P_AT_1": 0.001455604075691412, "P_AT_10": 0.05240174672489083, "P_AT_K": 0.1470160116448326, "P_AT_K_positive": 0.0, "P_AT_K_negative": 0.0}], "P103": [{"MRR": 4.0783284086157e-05, "MRR_negative": 0.0, "MRR_positive": 0.0, "P_AT_1": 0.0, "P_AT_10": 0.0, "P_AT_K": 0.0, "P_AT_K_positive": 0.0, "P_AT_K_negative": 0.0}], "P190": [{"MRR": 0.00025394036690183966, "MRR_negative": 0.0, "MRR_positive": 0.0, "P_AT_1": 0.0,