{
    "Google_RE": {
        "means": [
            "Mean P@1,10,k: 0.00575973681714793, 0.07334395372922092, 0.3898351234178455"
        ],
        "place_of_birth": [
            {
                "MRR": 0.04285722375862574,
                "MRR_negative": 0.0,
                "MRR_positive": 0.04285722375862574,
                "P_AT_1": 0.008512087163772558,
                "P_AT_10": 0.1041879468845761,
                "P_AT_K": 0.3704460333673817,
                "P_AT_K_positive": 0.3704460333673817,
                "P_AT_K_negative": 0.0
            }
        ],
        "date_of_birth": [
            {
                "MRR": 0.04160133005129651,
                "MRR_negative": 0.0,
                "MRR_positive": 0.04160133005129651,
                "P_AT_1": 0.008767123287671232,
                "P_AT_10": 0.08712328767123288,
                "P_AT_K": 0.6410958904109589,
                "P_AT_K_positive": 0.6410958904109589,
                "P_AT_K_negative": 0.0
            }
        ],
        "place_of_death": [
            {
                "MRR": 0.010924240156924241,
                "MRR_negative": 0.0,
                "MRR_positive": 0.010924240156924241,
                "P_AT_1": 0.0,
                "P_AT_10": 0.028720626631853787,
                "P_AT_K": 0.15796344647519583,
                "P_AT_K_positive": 0.15796344647519583,
                "P_AT_K_negative": 0.0
            }
        ]
    },
    "TREx": {
        "means": [
            "Mean P@1,10,k: 0.03737180101178214, 0.14055982364892003, 0.41290753209956216"
        ],
        "P19": [
            {
                "MRR": 0.054979838474722924,
                "MRR_negative": 0.0,
                "MRR_positive": 0.0,
                "P_AT_1": 0.007415254237288136,
                "P_AT_10": 0.13029661016949154,
                "P_AT_K": 0.4110169491525424,
                "P_AT_K_positive": 0.0,
                "P_AT_K_negative": 0.0
            }
        ],
        "P20": [
            {
                "MRR": 0.03479029356151322,
                "MRR_negative": 0.0,
                "MRR_positive": 0.0,
                "P_AT_1": 0.0031479538300104933,
                "P_AT_10": 0.08709338929695698,
                "P_AT_K": 0.323189926547744,
                "P_AT_K_positive": 0.0,
                "P_AT_K_negative": 0.0
            }
        ],
        "P279": [
            {
                "MRR": 0.020351967960822212,
                "MRR_negative": 0.0,
                "MRR_positive": 0.0,
                "P_AT_1": 0.006224066390041493,
                "P_AT_10": 0.04564315352697095,
                "P_AT_K": 0.2645228215767635,
                "P_AT_K_positive": 0.0,
                "P_AT_K_negative": 0.0
            }
        ],
        "P37": [
            {
                "MRR": 0.04145921366880388,
                "MRR_negative": 0.0,
                "MRR_positive": 0.0,
                "P_AT_1": 0.0010351966873706005,
                "P_AT_10": 0.10248447204968944,
                "P_AT_K": 0.3995859213250518,
                "P_AT_K_positive": 0.0,
                "P_AT_K_negative": 0.0
            }
        ],
        "P413": [
            {
                "MRR": 0.013385291262321165,
                "MRR_negative": 0.0,
                "MRR_positive": 0.0,
                "P_AT_1": 0.0,
                "P_AT_10": 0.012605042016806723,
                "P_AT_K": 0.28886554621848737,
                "P_AT_K_positive": 0.0,
                "P_AT_K_negative": 0.0
            }
        ],
        "P449": [
            {
                "MRR": 0.16581210716905498,
                "MRR_negative": 0.0,
                "MRR_positive": 0.0,
                "P_AT_1": 0.31363636363636366,
                "P_AT_10": 0.6329545454545454,
                "P_AT_K": 0.7909090909090909,
                "P_AT_K_positive": 0.0,
                "P_AT_K_negative": 0.0
            }
        ],
        "P47": [
            {
                "MRR": 0.03893309811100655,
                "MRR_negative": 0.0,
                "MRR_positive": 0.0,
                "P_AT_1": 0.008695652173913044,
                "P_AT_10": 0.10869565217391304,
                "P_AT_K": 0.39565217391304347,
                "P_AT_K_positive": 0.0,
                "P_AT_K_negative": 0.0
            }
        ],
        "P138": [
            {
                "MRR": 0.006482877586622507,
                "MRR_negative": 0.0,
                "MRR_positive": 0.0,
                "P_AT_1": 0.001557632398753894,
                "P_AT_10": 0.006230529595015576,
                "P_AT_K": 0.07165109034267912,
                "P_AT_K_positive": 0.0,
                "P_AT_K_negative": 0.0
            }
        ],
        "P364": [
            {
                "MRR": 0.017671204529666112,
                "MRR_negative": 0.0,
                "MRR_positive": 0.0,
                "P_AT_1": 0.0,
                "P_AT_10": 0.04088785046728972,
                "P_AT_K": 0.29906542056074764,
                "P_AT_K_positive": 0.0,
                "P_AT_K_negative": 0.0
            }
        ],
        "P463": [
            {
                "MRR": 0.06240638860283915,
                "MRR_negative": 0.0,
                "MRR_positive": 0.0,
                "P_AT_1": 0.49333333333333335,
                "P_AT_10": 0.5733333333333334,
                "P_AT_K": 0.72,
                "P_AT_K_positive": 0.0,
                "P_AT_K_negative": 0.0
            }
        ],
        "P101": [
            {
                "MRR": 0.08480166649712478,
                "MRR_negative": 0.0,
                "MRR_positive": 0.0,
                "P_AT_1": 0.02442528735632184,
                "P_AT_10": 0.21982758620689655,
                "P_AT_K": 0.5775862068965517,
                "P_AT_K_positive": 0.0,
                "P_AT_K_negative": 0.0
            }
        ],
        "P106": [
            {
                "MRR": 0.05496662767751804,
                "MRR_negative": 0.0,
                "MRR_positive": 0.0,
                "P_AT_1": 0.010438413361169102,
                "P_AT_10": 0.1430062630480167,
                "P_AT_K": 0.4582463465553236,
                "P_AT_K_positive": 0.0,
                "P_AT_K_negative": 0.0
            }
        ],
        "P527": [
            {
                "MRR": 0.022862297149471193,
                "MRR_negative": 0.0,
                "MRR_positive": 0.0,
                "P_AT_1": 0.004098360655737705,
                "P_AT_10": 0.05225409836065574,
                "P_AT_K": 0.36475409836065575,
                "P_AT_K_positive": 0.0,
                "P_AT_K_negative": 0.0
            }
        ],
        "P530": [
            {
                "MRR": 0.05824905712486586,
                "MRR_negative": 0.0,
                "MRR_positive": 0.0,
                "P_AT_1": 0.004016064257028112,
                "P_AT_10": 0.15060240963855423,
                "P_AT_K": 0.7279116465863453,
                "P_AT_K_positive": 0.0,
                "P_AT_K_negative": 0.0
            }
        ],
        "P176": [
            {
                "MRR": 0.03968761233233665,
                "MRR_negative": 0.0,
                "MRR_positive": 0.0,
                "P_AT_1": 0.015416238437821172,
                "P_AT_10": 0.10996916752312436,
                "P_AT_K": 0.3802672147995889,
                "P_AT_K_positive": 0.0,
                "P_AT_K_negative": 0.0
            }
        ],
        "P27": [
            {
                "MRR": 0.0003471731920790788,
                "MRR_negative": 0.0,
                "MRR_positive": 0.0,
                "P_AT_1": 0.0,
                "P_AT_10": 0.0,
                "P_AT_K": 0.004140786749482402,
                "P_AT_K_positive": 0.0,
                "P_AT_K_negative": 0.0
            }
        ],
        "P407": [
            {
                "MRR": 0.03900533133926783,
                "MRR_negative": 0.0,
                "MRR_positive": 0.0,