{"Google_RE": {"means": ["Mean P@1,10,k: 0.010474630456763202, 0.09369607438984306, 0.36881670413275885"], "place_of_birth": [{"MRR": 0.05571630004609926, "MRR_negative": 0.0, "MRR_positive": 0.05571630004609926, "P_AT_1": 0.015662240381341504, "P_AT_10": 0.14061967994552263, "P_AT_K": 0.3881511746680286, "P_AT_K_positive": 0.3881511746680286, "P_AT_K_negative": 0.0}], "date_of_birth": [{"MRR": 0.05006323084382422, "MRR_negative": 0.0, "MRR_positive": 0.05006323084382422, "P_AT_1": 0.01315068493150685, "P_AT_10": 0.12219178082191781, "P_AT_K": 0.606027397260274, "P_AT_K_positive": 0.606027397260274, "P_AT_K_negative": 0.0}], "place_of_death": [{"MRR": 0.007541979064417578, "MRR_negative": 0.0, "MRR_positive": 0.007541979064417578, "P_AT_1": 0.0026109660574412533, "P_AT_10": 0.018276762402088774, "P_AT_K": 0.1122715404699739, "P_AT_K_positive": 0.1122715404699739, "P_AT_K_negative": 0.0}]}, "TREx": {"means": ["Mean P@1,10,k: 0.027251022893876528, 0.13598729925594, 0.37354918902902656"], "P19": [{"MRR": 0.06330348988112273, "MRR_negative": 0.0, "MRR_positive": 0.0, "P_AT_1": 0.018008474576271187, "P_AT_10": 0.15254237288135594, "P_AT_K": 0.3951271186440678, "P_AT_K_positive": 0.0, "P_AT_K_negative": 0.0}], "P20": [{"MRR": 0.024592992493292817, "MRR_negative": 0.0, "MRR_positive": 0.0, "P_AT_1": 0.0031479538300104933, "P_AT_10": 0.06190975865687303, "P_AT_K": 0.19517313746065057, "P_AT_K_positive": 0.0, "P_AT_K_negative": 0.0}], "P279": [{"MRR": 0.016802927666907178, "MRR_negative": 0.0, "MRR_positive": 0.0, "P_AT_1": 0.001037344398340249, "P_AT_10": 0.03423236514522822, "P_AT_K": 0.22717842323651452, "P_AT_K_positive": 0.0, "P_AT_K_negative": 0.0}], "P37": [{"MRR": 0.027803187008376865, "MRR_negative": 0.0, "MRR_positive": 0.0, "P_AT_1": 0.002070393374741201, "P_AT_10": 0.07763975155279502, "P_AT_K": 0.2246376811594203, "P_AT_K_positive": 0.0, "P_AT_K_negative": 0.0}], "P413": [{"MRR": 0.004317709912672417, "MRR_negative": 0.0, "MRR_positive": 0.0, "P_AT_1": 0.0, "P_AT_10": 0.0, "P_AT_K": 0.08298319327731092, "P_AT_K_positive": 0.0, "P_AT_K_negative": 0.0}], "P449": [{"MRR": 0.1303347242534234, "MRR_negative": 0.0, "MRR_positive": 0.0, "P_AT_1": 0.26704545454545453, "P_AT_10": 0.6227272727272727, "P_AT_K": 0.8227272727272728, "P_AT_K_positive": 0.0, "P_AT_K_negative": 0.0}], "P47": [{"MRR": 0.026858403027836597, "MRR_negative": 0.0, "MRR_positive": 0.0, "P_AT_1": 0.009782608695652175, "P_AT_10": 0.07065217391304347, "P_AT_K": 0.30978260869565216, "P_AT_K_positive": 0.0, "P_AT_K_negative": 0.0}], "P138": [{"MRR": 0.005678756215224249, "MRR_negative": 0.0, "MRR_positive": 0.0, "P_AT_1": 0.003115264797507788, "P_AT_10": 0.014018691588785047, "P_AT_K": 0.07320872274143302, "P_AT_K_positive": 0.0, "P_AT_K_negative": 0.0}], "P364": [{"MRR": 0.031207965404007255, "MRR_negative": 0.0, "MRR_positive": 0.0, "P_AT_1": 0.007009345794392523, "P_AT_10": 0.06775700934579439, "P_AT_K": 0.29205607476635514, "P_AT_K_positive": 0.0, "P_AT_K_negative": 0.0}], "P463": [{"MRR": 0.23720051479151055, "MRR_negative": 0.0, "MRR_positive": 0.0, "P_AT_1": 0.26222222222222225, "P_AT_10": 0.5733333333333334, "P_AT_K": 0.7066666666666667, "P_AT_K_positive": 0.0, "P_AT_K_negative": 0.0}], "P101": [{"MRR": 0.07264487054335894, "MRR_negative": 0.0, "MRR_positive": 0.0, "P_AT_1": 0.02586206896551724, "P_AT_10": 0.20689655172413793, "P_AT_K": 0.6077586206896551, "P_AT_K_positive": 0.0, "P_AT_K_negative": 0.0}], "P106": [{"MRR": 0.03752224859067855, "MRR_negative": 0.0, "MRR_positive": 0.0, "P_AT_1": 0.026096033402922755, "P_AT_10": 0.10334029227557412, "P_AT_K": 0.4613778705636743, "P_AT_K_positive": 0.0, "P_AT_K_negative": 0.0}], "P527": [{"MRR": 0.015702911247593907, "MRR_negative": 0.0, "MRR_positive": 0.0, "P_AT_1": 0.006147540983606557, "P_AT_10": 0.035860655737704916, "P_AT_K": 0.24385245901639344, "P_AT_K_positive": 0.0, "P_AT_K_negative": 0.0}], "P530": [{"MRR": 0.06870189422805334, "MRR_negative": 0.0, "MRR_positive": 0.0, "P_AT_1": 0.010040160642570281, "P_AT_10": 0.20281124497991967, "P_AT_K": 0.6907630522088354, "P_AT_K_positive": 0.0, "P_AT_K_negative": 0.0}], "P176": [{"MRR": 0.028865473661913013, "MRR_negative": 0.0, "MRR_positive": 0.0, "P_AT_1": 0.009249743062692703, "P_AT_10": 0.08530318602261049, "P_AT_K": 0.1510791366906475, "P_AT_K_positive": 0.0, "P_AT_K_negative": 0.0}], "P27": [{"MRR": 0.0005033122493490792, "MRR_negative": 0.0, "MRR_positive": 0.0, "P_AT_1": 0.0, "P_AT_10": 0.0, "P_AT_K": 0.012422360248447204, "P_AT_K_positive": 0.0, "P_AT_K_negative": 0.0}], "P407": [{"MRR": 0.08823663998050492, "MRR_negative": 0.0, "MRR_positive": 0.0, "P_AT_1": 0.02508551881413911, "P_AT_10": 0.23261117445838084, "P_AT_K": 0.5028506271379704, "P_AT_K_positive": 0.0, "P_AT_K_negative": 0.0}], "P30": [{"MRR": 0.015919524975109466, "MRR_negative": 0.0, "MRR_positive": 0.0, "P_AT_1": 0.0, "P_AT_10": 0.029743589743589743, "P_AT_K": 0.29846153846153844, "P_AT_K_positive": 0.0, "P_AT_K_negative": 0.0}], "P178": [{"MRR": 0.12428967587998067, "MRR_negative": 0.0, "MRR_positive": 0.0, "P_AT_1": 0.015228426395939087, "P_AT_10": 0.38747884940778343, "P_AT_K": 0.5888324873096447, "P_AT_K_positive": 0.0, "P_AT_K_negative": 0.0}], "P1376": [{"MRR": 0.029072774526114942, "MRR_negative": 0.0, "MRR_positive": 0.0, "P_AT_1": 0.004291845493562232, "P_AT_10": 0.060085836909871244, "P_AT_K": 0.351931330472103, "P_AT_K_positive": 0.0, "P_AT_K_negative": 0.0}], "P131": [{"MRR": 0.05426656029435737, "MRR_negative": 0.0, "MRR_positive": 0.0, "P_AT_1": 0.0170261066969353, "P_AT_10": 0.14869466515323496, "P_AT_K": 0.5686719636776391, "P_AT_K_positive": 0.0, "P_AT_K_negative": 0.0}], "P1412": [{"MRR": 0.04622741263498223, "MRR_negative": 0.0, "MRR_positive": 0.0, "P_AT_1": 0.006191950464396285, "P_AT_10": 0.14138286893704852, "P_AT_K": 0.48194014447884415, "P_AT_K_positive": 0.0, "P_AT_K_negative": 0.0}], "P108": [{"MRR": 0.007509881014475757, "MRR_negative": 0.0, "MRR_positive": 0.0, "P_AT_1": 0.0, "P_AT_10": 0.013054830287206266, "P_AT_K": 0.16449086161879894, "P_AT_K_positive": 0.0, "P_AT_K_negative": 0.0}], "P136": [{"MRR": 0.02181101117803485, "MRR_negative": 0.0, "MRR_positive": 0.0, "P_AT_1": 0.0010741138560687433, "P_AT_10": 0.03007518796992481, "P_AT_K": 0.5306122448979592, "P_AT_K_positive": 0.0, "P_AT_K_negative": 0.0}], "P17": [{"MRR": 0.07211642053574727, "MRR_negative": 0.0, "MRR_positive": 0.0, "P_AT_1": 0.007526881720430108, "P_AT_10": 0.14193548387096774, "P_AT_K": 0.5903225806451613, "P_AT_K_positive": 0.0, "P_AT_K_negative": 0.0}], "P39": [{"MRR": 0.18056187994425316, "MRR_negative": 0.0, "MRR_positive": 0.0, "P_AT_1": 0.06053811659192825, "P_AT_10": 0.4192825112107623, "P_AT_K": 0.8598654708520179, "P_AT_K_positive": 0.0, "P_AT_K_negative": 0.0}], "P264": [{"MRR": 0.012800742364241727, "MRR_negative": 0.0, "MRR_positive": 0.0, "P_AT_1": 0.0, "P_AT_10": 0.027972027972027972, "P_AT_K": 0.17249417249417248, "P_AT_K_positive": 0.0, "P_AT_K_negative": 0.0}], "P276": [{"MRR": 0.03291144542441145, "MRR_negative": 0.0, "MRR_positive": 0.0, "P_AT_1": 0.010438413361169102, "P_AT_10": 0.0918580375782881, "P_AT_K": 0.36012526096033404, "P_AT_K_positive": 0.0, "P_AT_K_negative": 0.0}], "P937": [{"MRR": 0.0802215808835995, "MRR_negative": 0.0, "MRR_positive": 0.0, "P_AT_1": 0.0220125786163522, "P_AT_10": 0.21278825995807127, "P_AT_K": 0.3867924528301887, "P_AT_K_positive": 0.0, "P_AT_K_negative": 0.0}], "P140": [{"MRR": 0.022328597220763798, "MRR_negative": 0.0, "MRR_positive": 0.0, "P_AT_1": 0.006342494714587738, "P_AT_10": 0.042283298097251586, "P_AT_K": 0.53276955602537, "P_AT_K_positive": 0.0, "P_AT_K_negative": 0.0}], "P1303": [{"MRR": 0.09718962538210237, "MRR_negative": 0.0, "MRR_positive": 0.0, "P_AT_1": 0.0368809272918862, "P_AT_10": 0.2602739726027397, "P_AT_K": 0.4446786090621707, "P_AT_K_positive": 0.0, "P_AT_K_negative": 0.0}], "P127": [{"MRR": 0.06058601906137551, "MRR_negative": 0.0, "MRR_positive": 0.0, "P_AT_1": 0.02911208151382824, "P_AT_10": 0.16302765647743814,