{"Google_RE": {"means": ["Mean P@1,10,k: 0.009194671044755699, 0.06745955766601165, 0.34539182613690594"], "place_of_birth": [{"MRR": 0.04066337036426506, "MRR_negative": 0.0, "MRR_positive": 0.04066337036426506, "P_AT_1": 0.0149812734082397, "P_AT_10": 0.10861423220973783, "P_AT_K": 0.34661218930881854, "P_AT_K_positive": 0.34661218930881854, "P_AT_K_negative": 0.0}], "date_of_birth": [{"MRR": 0.03673559061511064, "MRR_negative": 0.0, "MRR_positive": 0.03673559061511064, "P_AT_1": 0.012602739726027398, "P_AT_10": 0.07287671232876712, "P_AT_K": 0.589041095890411, "P_AT_K_positive": 0.589041095890411, "P_AT_K_negative": 0.0}], "place_of_death": [{"MRR": 0.012073039667030414, "MRR_negative": 0.0, "MRR_positive": 0.012073039667030414, "P_AT_1": 0.0, "P_AT_10": 0.020887728459530026, "P_AT_K": 0.10052219321148825, "P_AT_K_positive": 0.10052219321148825, "P_AT_K_negative": 0.0}]}, "TREx": {"means": ["Mean P@1,10,k: 0.02842991308523984, 0.14426872042800185, 0.39052447009455354"], "P19": [{"MRR": 0.054981218745263696, "MRR_negative": 0.0, "MRR_positive": 0.0, "P_AT_1": 0.012711864406779662, "P_AT_10": 0.1483050847457627, "P_AT_K": 0.3591101694915254, "P_AT_K_positive": 0.0, "P_AT_K_negative": 0.0}], "P20": [{"MRR": 0.013111474369397231, "MRR_negative": 0.0, "MRR_positive": 0.0, "P_AT_1": 0.001049317943336831, "P_AT_10": 0.02833158447009444, "P_AT_K": 0.1888772298006296, "P_AT_K_positive": 0.0, "P_AT_K_negative": 0.0}], "P279": [{"MRR": 0.024407038368320994, "MRR_negative": 0.0, "MRR_positive": 0.0, "P_AT_1": 0.005186721991701245, "P_AT_10": 0.05912863070539419, "P_AT_K": 0.2520746887966805, "P_AT_K_positive": 0.0, "P_AT_K_negative": 0.0}], "P37": [{"MRR": 0.02097124792945501, "MRR_negative": 0.0, "MRR_positive": 0.0, "P_AT_1": 0.0, "P_AT_10": 0.057971014492753624, "P_AT_K": 0.2556935817805383, "P_AT_K_positive": 0.0, "P_AT_K_negative": 0.0}], "P413": [{"MRR": 0.006094128793906319, "MRR_negative": 0.0, "MRR_positive": 0.0, "P_AT_1": 0.0, "P_AT_10": 0.0, "P_AT_K": 0.17331932773109243, "P_AT_K_positive": 0.0, "P_AT_K_negative": 0.0}], "P449": [{"MRR": 0.09728483247982801, "MRR_negative": 0.0, "MRR_positive": 0.0, "P_AT_1": 0.32272727272727275, "P_AT_10": 0.6204545454545455, "P_AT_K": 0.8090909090909091, "P_AT_K_positive": 0.0, "P_AT_K_negative": 0.0}], "P47": [{"MRR": 0.03332305792726547, "MRR_negative": 0.0, "MRR_positive": 0.0, "P_AT_1": 0.011956521739130435, "P_AT_10": 0.09456521739130434, "P_AT_K": 0.375, "P_AT_K_positive": 0.0, "P_AT_K_negative": 0.0}], "P138": [{"MRR": 0.0065421087329055935, "MRR_negative": 0.0, "MRR_positive": 0.0, "P_AT_1": 0.004672897196261682, "P_AT_10": 0.021806853582554516, "P_AT_K": 0.08722741433021806, "P_AT_K_positive": 0.0, "P_AT_K_negative": 0.0}], "P364": [{"MRR": 0.013549137666129835, "MRR_negative": 0.0, "MRR_positive": 0.0, "P_AT_1": 0.002336448598130841, "P_AT_10": 0.03271028037383177, "P_AT_K": 0.20327102803738317, "P_AT_K_positive": 0.0, "P_AT_K_negative": 0.0}], "P463": [{"MRR": 0.22484295893980097, "MRR_negative": 0.0, "MRR_positive": 0.0, "P_AT_1": 0.17777777777777778, "P_AT_10": 0.5644444444444444, "P_AT_K": 0.7155555555555555, "P_AT_K_positive": 0.0, "P_AT_K_negative": 0.0}], "P101": [{"MRR": 0.05991060084818073, "MRR_negative": 0.0, "MRR_positive": 0.0, "P_AT_1": 0.01867816091954023, "P_AT_10": 0.16235632183908047, "P_AT_K": 0.5057471264367817, "P_AT_K_positive": 0.0, "P_AT_K_negative": 0.0}], "P106": [{"MRR": 0.04862558167329215, "MRR_negative": 0.0, "MRR_positive": 0.0, "P_AT_1": 0.013569937369519834, "P_AT_10": 0.12108559498956159, "P_AT_K": 0.6419624217118998, "P_AT_K_positive": 0.0, "P_AT_K_negative": 0.0}], "P527": [{"MRR": 0.03629198246149441, "MRR_negative": 0.0, "MRR_positive": 0.0, "P_AT_1": 0.012295081967213115, "P_AT_10": 0.10348360655737705, "P_AT_K": 0.4139344262295082, "P_AT_K_positive": 0.0, "P_AT_K_negative": 0.0}], "P530": [{"MRR": 0.07016131245301623, "MRR_negative": 0.0, "MRR_positive": 0.0, "P_AT_1": 0.008032128514056224, "P_AT_10": 0.16666666666666666, "P_AT_K": 0.6807228915662651, "P_AT_K_positive": 0.0, "P_AT_K_negative": 0.0}], "P176": [{"MRR": 0.07275443948512215, "MRR_negative": 0.0, "MRR_positive": 0.0, "P_AT_1": 0.012332990750256937, "P_AT_10": 0.15416238437821173, "P_AT_K": 0.3566289825282631, "P_AT_K_positive": 0.0, "P_AT_K_negative": 0.0}], "P27": [{"MRR": 9.819495529023815e-05, "MRR_negative": 0.0, "MRR_positive": 0.0, "P_AT_1": 0.0, "P_AT_10": 0.0, "P_AT_K": 0.0010351966873706005, "P_AT_K_positive": 0.0, "P_AT_K_negative": 0.0}], "P407": [{"MRR": 0.030792712134705, "MRR_negative": 0.0, "MRR_positive": 0.0, "P_AT_1": 0.005701254275940707, "P_AT_10": 0.07525655644241733, "P_AT_K": 0.3956670467502851, "P_AT_K_positive": 0.0, "P_AT_K_negative": 0.0}], "P30": [{"MRR": 0.015613796228131072, "MRR_negative": 0.0, "MRR_positive": 0.0, "P_AT_1": 0.003076923076923077, "P_AT_10": 0.022564102564102566, "P_AT_K": 0.2553846153846154, "P_AT_K_positive": 0.0, "P_AT_K_negative": 0.0}], "P178": [{"MRR": 0.18565895562640247, "MRR_negative": 0.0, "MRR_positive": 0.0, "P_AT_1": 0.011844331641285956, "P_AT_10": 0.4720812182741117, "P_AT_K": 0.6175972927241963, "P_AT_K_positive": 0.0, "P_AT_K_negative": 0.0}], "P1376": [{"MRR": 0.03740129749272683, "MRR_negative": 0.0, "MRR_positive": 0.0, "P_AT_1": 0.012875536480686695, "P_AT_10": 0.1072961373390558, "P_AT_K": 0.41201716738197425, "P_AT_K_positive": 0.0, "P_AT_K_negative": 0.0}], "P131": [{"MRR": 0.06926876894492831, "MRR_negative": 0.0, "MRR_positive": 0.0, "P_AT_1": 0.009080590238365494, "P_AT_10": 0.14982973893303064, "P_AT_K": 0.5300794551645857, "P_AT_K_positive": 0.0, "P_AT_K_negative": 0.0}], "P1412": [{"MRR": 0.10382904799979616, "MRR_negative": 0.0, "MRR_positive": 0.0, "P_AT_1": 0.0196078431372549, "P_AT_10": 0.28173374613003094, "P_AT_K": 0.672858617131063, "P_AT_K_positive": 0.0, "P_AT_K_negative": 0.0}], "P108": [{"MRR": 0.004275576544304074, "MRR_negative": 0.0, "MRR_positive": 0.0, "P_AT_1": 0.0026109660574412533, "P_AT_10": 0.005221932114882507, "P_AT_K": 0.09921671018276762, "P_AT_K_positive": 0.0, "P_AT_K_negative": 0.0}], "P136": [{"MRR": 0.031368568983034195, "MRR_negative": 0.0, "MRR_positive": 0.0, "P_AT_1": 0.0, "P_AT_10": 0.06981740064446831, "P_AT_K": 0.5381310418904404, "P_AT_K_positive": 0.0, "P_AT_K_negative": 0.0}], "P17": [{"MRR": 0.08228765971227582, "MRR_negative": 0.0, "MRR_positive": 0.0, "P_AT_1": 0.025806451612903226, "P_AT_10": 0.23225806451612904, "P_AT_K": 0.6795698924731183, "P_AT_K_positive": 0.0, "P_AT_K_negative": 0.0}], "P39": [{"MRR": 0.12725863212092775, "MRR_negative": 0.0, "MRR_positive": 0.0, "P_AT_1": 0.05829596412556054, "P_AT_10": 0.3744394618834081, "P_AT_K": 0.7634529147982063, "P_AT_K_positive": 0.0, "P_AT_K_negative": 0.0}], "P264": [{"MRR": 0.04303300597003161, "MRR_negative": 0.0, "MRR_positive": 0.0, "P_AT_1": 0.11188811188811189, "P_AT_10": 0.18181818181818182, "P_AT_K": 0.21212121212121213, "P_AT_K_positive": 0.0, "P_AT_K_negative": 0.0}], "P276": [{"MRR": 0.03775122111532973, "MRR_negative": 0.0, "MRR_positive": 0.0, "P_AT_1": 0.008350730688935281, "P_AT_10": 0.10125260960334029, "P_AT_K": 0.3695198329853862, "P_AT_K_positive": 0.0, "P_AT_K_negative": 0.0}], "P937": [{"MRR": 0.08414368712473233, "MRR_negative": 0.0, "MRR_positive": 0.0, "P_AT_1": 0.027253668763102725, "P_AT_10": 0.20964360587002095, "P_AT_K": 0.5062893081761006, "P_AT_K_positive": 0.0, "P_AT_K_negative": 0.0}], "P140": [{"MRR": 0.023561593956548325, "MRR_negative": 0.0, "MRR_positive": 0.0, "P_AT_1": 0.0, "P_AT_10": 0.03171247357293869, "P_AT_K": 0.5200845665961945, "P_AT_K_positive": 0.0, "P_AT_K_negative": 0.0}], "P1303": [{"MRR": 0.07509802066630657, "MRR_negative": 0.0, "MRR_positive": 0.0, "P_AT_1": 0.07586933614330875, "P_AT_10": 0.2339304531085353, "P_AT_K": 0.40252897787144365, "P_AT_K_positive": 0.0, "P_AT_K_negative": 0.0}], "P127": [{"MRR": 0.054971350909143936, "MRR_negative": 0.0, "MRR_positive": 0.0, "P_AT_1": 0.010189228529839884, "P_AT_10": 0.1324599708879185, "P_AT_K": 0.34788937409024745,