{"Google_RE": {"means": ["Mean P@1,10,k: 0.011274377970378655, 0.06112686228304965, 0.30752738385031414"], "place_of_birth": [{"MRR": 0.03369820175489451, "MRR_negative": 0.0, "MRR_positive": 0.03369820175489451, "P_AT_1": 0.015321756894790603, "P_AT_10": 0.08239700374531835, "P_AT_K": 0.2948586993530814, "P_AT_K_positive": 0.2948586993530814, "P_AT_K_negative": 0.0}], "date_of_birth": [{"MRR": 0.0361352814985927, "MRR_negative": 0.0, "MRR_positive": 0.0361352814985927, "P_AT_1": 0.01589041095890411, "P_AT_10": 0.09315068493150686, "P_AT_K": 0.5676712328767123, "P_AT_K_positive": 0.5676712328767123, "P_AT_K_negative": 0.0}], "place_of_death": [{"MRR": 0.005123832857335851, "MRR_negative": 0.0, "MRR_positive": 0.005123832857335851, "P_AT_1": 0.0026109660574412533, "P_AT_10": 0.007832898172323759, "P_AT_K": 0.06005221932114883, "P_AT_K_positive": 0.06005221932114883, "P_AT_K_negative": 0.0}]}, "TREx": {"means": ["Mean P@1,10,k: 0.023459964595510197, 0.11612167050835459, 0.3616104564282767"], "P19": [{"MRR": 0.0381569472721205, "MRR_negative": 0.0, "MRR_positive": 0.0, "P_AT_1": 0.013771186440677966, "P_AT_10": 0.09745762711864407, "P_AT_K": 0.3230932203389831, "P_AT_K_positive": 0.0, "P_AT_K_negative": 0.0}], "P20": [{"MRR": 0.00579514139459323, "MRR_negative": 0.0, "MRR_positive": 0.0, "P_AT_1": 0.001049317943336831, "P_AT_10": 0.0062959076600209865, "P_AT_K": 0.12381951731374606, "P_AT_K_positive": 0.0, "P_AT_K_negative": 0.0}], "P279": [{"MRR": 0.019604511183304755, "MRR_negative": 0.0, "MRR_positive": 0.0, "P_AT_1": 0.004149377593360996, "P_AT_10": 0.046680497925311204, "P_AT_K": 0.23340248962655602, "P_AT_K_positive": 0.0, "P_AT_K_negative": 0.0}], "P37": [{"MRR": 0.011527692512330535, "MRR_negative": 0.0, "MRR_positive": 0.0, "P_AT_1": 0.0, "P_AT_10": 0.018633540372670808, "P_AT_K": 0.2329192546583851, "P_AT_K_positive": 0.0, "P_AT_K_negative": 0.0}], "P413": [{"MRR": 0.0052939254425402385, "MRR_negative": 0.0, "MRR_positive": 0.0, "P_AT_1": 0.0, "P_AT_10": 0.0010504201680672268, "P_AT_K": 0.13970588235294118, "P_AT_K_positive": 0.0, "P_AT_K_negative": 0.0}], "P449": [{"MRR": 0.08418460665159894, "MRR_negative": 0.0, "MRR_positive": 0.0, "P_AT_1": 0.31931818181818183, "P_AT_10": 0.5863636363636363, "P_AT_K": 0.7875, "P_AT_K_positive": 0.0, "P_AT_K_negative": 0.0}], "P47": [{"MRR": 0.03314636347410766, "MRR_negative": 0.0, "MRR_positive": 0.0, "P_AT_1": 0.004347826086956522, "P_AT_10": 0.06521739130434782, "P_AT_K": 0.3423913043478261, "P_AT_K_positive": 0.0, "P_AT_K_negative": 0.0}], "P138": [{"MRR": 0.0045788155548279735, "MRR_negative": 0.0, "MRR_positive": 0.0, "P_AT_1": 0.006230529595015576, "P_AT_10": 0.01557632398753894, "P_AT_K": 0.07476635514018691, "P_AT_K_positive": 0.0, "P_AT_K_negative": 0.0}], "P364": [{"MRR": 0.010940011995018201, "MRR_negative": 0.0, "MRR_positive": 0.0, "P_AT_1": 0.0, "P_AT_10": 0.017523364485981307, "P_AT_K": 0.17990654205607476, "P_AT_K_positive": 0.0, "P_AT_K_negative": 0.0}], "P463": [{"MRR": 0.11373153813903801, "MRR_negative": 0.0, "MRR_positive": 0.0, "P_AT_1": 0.044444444444444446, "P_AT_10": 0.4, "P_AT_K": 0.7111111111111111, "P_AT_K_positive": 0.0, "P_AT_K_negative": 0.0}], "P101": [{"MRR": 0.03466219888622916, "MRR_negative": 0.0, "MRR_positive": 0.0, "P_AT_1": 0.010057471264367816, "P_AT_10": 0.09051724137931035, "P_AT_K": 0.4454022988505747, "P_AT_K_positive": 0.0, "P_AT_K_negative": 0.0}], "P106": [{"MRR": 0.03940794293222822, "MRR_negative": 0.0, "MRR_positive": 0.0, "P_AT_1": 0.005219206680584551, "P_AT_10": 0.08559498956158663, "P_AT_K": 0.6200417536534447, "P_AT_K_positive": 0.0, "P_AT_K_negative": 0.0}], "P527": [{"MRR": 0.03170112647573434, "MRR_negative": 0.0, "MRR_positive": 0.0, "P_AT_1": 0.014344262295081968, "P_AT_10": 0.07479508196721311, "P_AT_K": 0.35860655737704916, "P_AT_K_positive": 0.0, "P_AT_K_negative": 0.0}], "P530": [{"MRR": 0.05889662143025461, "MRR_negative": 0.0, "MRR_positive": 0.0, "P_AT_1": 0.008032128514056224, "P_AT_10": 0.15562248995983935, "P_AT_K": 0.7188755020080321, "P_AT_K_positive": 0.0, "P_AT_K_negative": 0.0}], "P176": [{"MRR": 0.03825167419886942, "MRR_negative": 0.0, "MRR_positive": 0.0, "P_AT_1": 0.023638232271325797, "P_AT_10": 0.11921891058581706, "P_AT_K": 0.3699897225077081, "P_AT_K_positive": 0.0, "P_AT_K_negative": 0.0}], "P27": [{"MRR": 0.00013438458853745868, "MRR_negative": 0.0, "MRR_positive": 0.0, "P_AT_1": 0.0, "P_AT_10": 0.0, "P_AT_K": 0.002070393374741201, "P_AT_K_positive": 0.0, "P_AT_K_negative": 0.0}], "P407": [{"MRR": 0.01299981602200553, "MRR_negative": 0.0, "MRR_positive": 0.0, "P_AT_1": 0.0, "P_AT_10": 0.02508551881413911, "P_AT_K": 0.21892816419612315, "P_AT_K_positive": 0.0, "P_AT_K_negative": 0.0}], "P30": [{"MRR": 0.011342390703758995, "MRR_negative": 0.0, "MRR_positive": 0.0, "P_AT_1": 0.0, "P_AT_10": 0.015384615384615385, "P_AT_K": 0.22564102564102564, "P_AT_K_positive": 0.0, "P_AT_K_negative": 0.0}], "P178": [{"MRR": 0.19026084856747816, "MRR_negative": 0.0, "MRR_positive": 0.0, "P_AT_1": 0.09475465313028765, "P_AT_10": 0.45854483925549916, "P_AT_K": 0.6395939086294417, "P_AT_K_positive": 0.0, "P_AT_K_negative": 0.0}], "P1376": [{"MRR": 0.04066263938633047, "MRR_negative": 0.0, "MRR_positive": 0.0, "P_AT_1": 0.008583690987124463, "P_AT_10": 0.12017167381974249, "P_AT_K": 0.3562231759656652, "P_AT_K_positive": 0.0, "P_AT_K_negative": 0.0}], "P131": [{"MRR": 0.062453858496143, "MRR_negative": 0.0, "MRR_positive": 0.0, "P_AT_1": 0.026106696935300794, "P_AT_10": 0.1623155505107832, "P_AT_K": 0.5618615209988649, "P_AT_K_positive": 0.0, "P_AT_K_negative": 0.0}], "P1412": [{"MRR": 0.05404421372173702, "MRR_negative": 0.0, "MRR_positive": 0.0, "P_AT_1": 0.006191950464396285, "P_AT_10": 0.14963880288957687, "P_AT_K": 0.5727554179566563, "P_AT_K_positive": 0.0, "P_AT_K_negative": 0.0}], "P108": [{"MRR": 0.00786233582424122, "MRR_negative": 0.0, "MRR_positive": 0.0, "P_AT_1": 0.0, "P_AT_10": 0.013054830287206266, "P_AT_K": 0.09660574412532637, "P_AT_K_positive": 0.0, "P_AT_K_negative": 0.0}], "P136": [{"MRR": 0.014457173673825102, "MRR_negative": 0.0, "MRR_positive": 0.0, "P_AT_1": 0.0, "P_AT_10": 0.008592910848549946, "P_AT_K": 0.4371643394199785, "P_AT_K_positive": 0.0, "P_AT_K_negative": 0.0}], "P17": [{"MRR": 0.10505185030710211, "MRR_negative": 0.0, "MRR_positive": 0.0, "P_AT_1": 0.043010752688172046, "P_AT_10": 0.2956989247311828, "P_AT_K": 0.6913978494623656, "P_AT_K_positive": 0.0, "P_AT_K_negative": 0.0}], "P39": [{"MRR": 0.09776096218034297, "MRR_negative": 0.0, "MRR_positive": 0.0, "P_AT_1": 0.042600896860986545, "P_AT_10": 0.297085201793722, "P_AT_K": 0.7544843049327354, "P_AT_K_positive": 0.0, "P_AT_K_negative": 0.0}], "P264": [{"MRR": 0.027322664076497555, "MRR_negative": 0.0, "MRR_positive": 0.0, "P_AT_1": 0.016317016317016316, "P_AT_10": 0.08391608391608392, "P_AT_K": 0.1958041958041958, "P_AT_K_positive": 0.0, "P_AT_K_negative": 0.0}], "P276": [{"MRR": 0.03669514333583738, "MRR_negative": 0.0, "MRR_positive": 0.0, "P_AT_1": 0.009394572025052192, "P_AT_10": 0.08977035490605428, "P_AT_K": 0.3747390396659708, "P_AT_K_positive": 0.0, "P_AT_K_negative": 0.0}], "P937": [{"MRR": 0.08612065369962793, "MRR_negative": 0.0, "MRR_positive": 0.0, "P_AT_1": 0.033542976939203356, "P_AT_10": 0.21278825995807127, "P_AT_K": 0.46750524109014674, "P_AT_K_positive": 0.0, "P_AT_K_negative": 0.0}], "P140": [{"MRR": 0.015845392621888756, "MRR_negative": 0.0, "MRR_positive": 0.0, "P_AT_1": 0.0021141649048625794, "P_AT_10": 0.019027484143763214, "P_AT_K": 0.45454545454545453, "P_AT_K_positive": 0.0, "P_AT_K_negative": 0.0}], "P1303": [{"MRR": 0.03954310129990858, "MRR_negative": 0.0, "MRR_positive": 0.0, "P_AT_1": 0.005268703898840885, "P_AT_10": 0.0874604847207587, "P_AT_K": 0.28240252897787144, "P_AT_K_positive": 0.0, "P_AT_K_negative": 0.0}], "P127": [{"MRR": 0.04549570525211497, "MRR_negative": 0.0, "MRR_positive": 0.0, "P_AT_1": 0.017467248908296942, "P_AT_10": 0.11499272197962154, "P_AT_K": 0.3784570596797671, "P_AT_K_positive": 0.0,