{"Google_RE": {"means": ["Mean P@1,10,k: 0.00455847915411297, 0.033838167842028234, 0.1868076852112223"], "place_of_birth": [{"MRR": 0.025022754311482966, "MRR_negative": 0.0, "MRR_positive": 0.025022754311482966, "P_AT_1": 0.0068096697310180455, "P_AT_10": 0.06128702757916241, "P_AT_K": 0.18692543411644535, "P_AT_K_positive": 0.18692543411644535, "P_AT_K_negative": 0.0}], "date_of_birth": [{"MRR": 0.011469544104930058, "MRR_negative": 0.0, "MRR_positive": 0.011469544104930058, "P_AT_1": 0.0016438356164383563, "P_AT_10": 0.011506849315068493, "P_AT_K": 0.24164383561643835, "P_AT_K_positive": 0.24164383561643835, "P_AT_K_negative": 0.0}], "place_of_death": [{"MRR": 0.012637533178079583, "MRR_negative": 0.0, "MRR_positive": 0.012637533178079583, "P_AT_1": 0.005221932114882507, "P_AT_10": 0.028720626631853787, "P_AT_K": 0.13185378590078328, "P_AT_K_positive": 0.13185378590078328, "P_AT_K_negative": 0.0}]}, "TREx": {"means": ["Mean P@1,10,k: 0.01034752530310188, 0.05845555279261997, 0.19285742915252346"], "P19": [{"MRR": 0.022961718903967008, "MRR_negative": 0.0, "MRR_positive": 0.0, "P_AT_1": 0.00423728813559322, "P_AT_10": 0.05190677966101695, "P_AT_K": 0.1663135593220339, "P_AT_K_positive": 0.0, "P_AT_K_negative": 0.0}], "P20": [{"MRR": 0.020979686832842806, "MRR_negative": 0.0, "MRR_positive": 0.0, "P_AT_1": 0.013641133263378805, "P_AT_10": 0.055613850996852045, "P_AT_K": 0.21406086044071354, "P_AT_K_positive": 0.0, "P_AT_K_negative": 0.0}], "P279": [{"MRR": 0.03292267921729813, "MRR_negative": 0.0, "MRR_positive": 0.0, "P_AT_1": 0.007261410788381743, "P_AT_10": 0.08609958506224066, "P_AT_K": 0.2157676348547718, "P_AT_K_positive": 0.0, "P_AT_K_negative": 0.0}], "P37": [{"MRR": 0.00026803828500288697, "MRR_negative": 0.0, "MRR_positive": 0.0, "P_AT_1": 0.0, "P_AT_10": 0.0, "P_AT_K": 0.003105590062111801, "P_AT_K_positive": 0.0, "P_AT_K_negative": 0.0}], "P413": [{"MRR": 0.00024244055664731918, "MRR_negative": 0.0, "MRR_positive": 0.0, "P_AT_1": 0.0, "P_AT_10": 0.0, "P_AT_K": 0.0031512605042016808, "P_AT_K_positive": 0.0, "P_AT_K_negative": 0.0}], "P449": [{"MRR": 0.14552677346467702, "MRR_negative": 0.0, "MRR_positive": 0.0, "P_AT_1": 0.17727272727272728, "P_AT_10": 0.475, "P_AT_K": 0.6715909090909091, "P_AT_K_positive": 0.0, "P_AT_K_negative": 0.0}], "P47": [{"MRR": 0.011618365587142515, "MRR_negative": 0.0, "MRR_positive": 0.0, "P_AT_1": 0.002173913043478261, "P_AT_10": 0.01847826086956522, "P_AT_K": 0.10543478260869565, "P_AT_K_positive": 0.0, "P_AT_K_negative": 0.0}], "P138": [{"MRR": 0.0036813571559140873, "MRR_negative": 0.0, "MRR_positive": 0.0, "P_AT_1": 0.0, "P_AT_10": 0.003115264797507788, "P_AT_K": 0.08099688473520249, "P_AT_K_positive": 0.0, "P_AT_K_negative": 0.0}], "P364": [{"MRR": 0.00031212819924522633, "MRR_negative": 0.0, "MRR_positive": 0.0, "P_AT_1": 0.0, "P_AT_10": 0.0, "P_AT_K": 0.004672897196261682, "P_AT_K_positive": 0.0, "P_AT_K_negative": 0.0}], "P463": [{"MRR": 0.009563685906010286, "MRR_negative": 0.0, "MRR_positive": 0.0, "P_AT_1": 0.0, "P_AT_10": 0.0044444444444444444, "P_AT_K": 0.29333333333333333, "P_AT_K_positive": 0.0, "P_AT_K_negative": 0.0}], "P101": [{"MRR": 0.019546461641487496, "MRR_negative": 0.0, "MRR_positive": 0.0, "P_AT_1": 0.005747126436781609, "P_AT_10": 0.04310344827586207, "P_AT_K": 0.27729885057471265, "P_AT_K_positive": 0.0, "P_AT_K_negative": 0.0}], "P106": [{"MRR": 0.007180039983678306, "MRR_negative": 0.0, "MRR_positive": 0.0, "P_AT_1": 0.0, "P_AT_10": 0.019832985386221295, "P_AT_K": 0.09498956158663883, "P_AT_K_positive": 0.0, "P_AT_K_negative": 0.0}], "P527": [{"MRR": 0.013187611084616685, "MRR_negative": 0.0, "MRR_positive": 0.0, "P_AT_1": 0.0010245901639344263, "P_AT_10": 0.022540983606557378, "P_AT_K": 0.22131147540983606, "P_AT_K_positive": 0.0, "P_AT_K_negative": 0.0}], "P530": [{"MRR": 0.03570256369911468, "MRR_negative": 0.0, "MRR_positive": 0.0, "P_AT_1": 0.002008032128514056, "P_AT_10": 0.07630522088353414, "P_AT_K": 0.44477911646586343, "P_AT_K_positive": 0.0, "P_AT_K_negative": 0.0}], "P176": [{"MRR": 0.0033730472014181527, "MRR_negative": 0.0, "MRR_positive": 0.0, "P_AT_1": 0.0, "P_AT_10": 0.007194244604316547, "P_AT_K": 0.03699897225077081, "P_AT_K_positive": 0.0, "P_AT_K_negative": 0.0}], "P27": [{"MRR": 0.00010327390894228809, "MRR_negative": 0.0, "MRR_positive": 0.0, "P_AT_1": 0.0, "P_AT_10": 0.0, "P_AT_K": 0.0, "P_AT_K_positive": 0.0, "P_AT_K_negative": 0.0}], "P407": [{"MRR": 0.04268442799922648, "MRR_negative": 0.0, "MRR_positive": 0.0, "P_AT_1": 0.004561003420752566, "P_AT_10": 0.10148232611174458, "P_AT_K": 0.4104903078677309, "P_AT_K_positive": 0.0, "P_AT_K_negative": 0.0}], "P30": [{"MRR": 0.02324636682888665, "MRR_negative": 0.0, "MRR_positive": 0.0, "P_AT_1": 0.0, "P_AT_10": 0.06461538461538462, "P_AT_K": 0.24717948717948718, "P_AT_K_positive": 0.0, "P_AT_K_negative": 0.0}], "P178": [{"MRR": 0.07620604827406999, "MRR_negative": 0.0, "MRR_positive": 0.0, "P_AT_1": 0.00338409475465313, "P_AT_10": 0.19120135363790186, "P_AT_K": 0.3553299492385787, "P_AT_K_positive": 0.0, "P_AT_K_negative": 0.0}], "P1376": [{"MRR": 0.031734169309715295, "MRR_negative": 0.0, "MRR_positive": 0.0, "P_AT_1": 0.008583690987124463, "P_AT_10": 0.055793991416309016, "P_AT_K": 0.2832618025751073, "P_AT_K_positive": 0.0, "P_AT_K_negative": 0.0}], "P131": [{"MRR": 0.042191087695429196, "MRR_negative": 0.0, "MRR_positive": 0.0, "P_AT_1": 0.01021566401816118, "P_AT_10": 0.10783200908059024, "P_AT_K": 0.36095346197502837, "P_AT_K_positive": 0.0, "P_AT_K_negative": 0.0}], "P1412": [{"MRR": 0.022136116140462535, "MRR_negative": 0.0, "MRR_positive": 0.0, "P_AT_1": 0.0, "P_AT_10": 0.05263157894736842, "P_AT_K": 0.2672858617131063, "P_AT_K_positive": 0.0, "P_AT_K_negative": 0.0}], "P108": [{"MRR": 0.0011027100920931016, "MRR_negative": 0.0, "MRR_positive": 0.0, "P_AT_1": 0.0, "P_AT_10": 0.0, "P_AT_K": 0.010443864229765013, "P_AT_K_positive": 0.0, "P_AT_K_negative": 0.0}], "P136": [{"MRR": 0.004516515653736483, "MRR_negative": 0.0, "MRR_positive": 0.0, "P_AT_1": 0.0, "P_AT_10": 0.0, "P_AT_K": 0.12137486573576799, "P_AT_K_positive": 0.0, "P_AT_K_negative": 0.0}], "P17": [{"MRR": 0.0811994625809219, "MRR_negative": 0.0, "MRR_positive": 0.0, "P_AT_1": 0.03870967741935484, "P_AT_10": 0.2172043010752688, "P_AT_K": 0.6075268817204301, "P_AT_K_positive": 0.0, "P_AT_K_negative": 0.0}], "P39": [{"MRR": 0.00041138352802601655, "MRR_negative": 0.0, "MRR_positive": 0.0, "P_AT_1": 0.0011210762331838565, "P_AT_10": 0.002242152466367713, "P_AT_K": 0.004484304932735426, "P_AT_K_positive": 0.0, "P_AT_K_negative": 0.0}], "P264": [{"MRR": 0.000769307141736716, "MRR_negative": 0.0, "MRR_positive": 0.0, "P_AT_1": 0.0, "P_AT_10": 0.0, "P_AT_K": 0.004662004662004662, "P_AT_K_positive": 0.0, "P_AT_K_negative": 0.0}], "P276": [{"MRR": 0.02363114719291062, "MRR_negative": 0.0, "MRR_positive": 0.0, "P_AT_1": 0.007306889352818371, "P_AT_10": 0.05219206680584551, "P_AT_K": 0.21920668058455114, "P_AT_K_positive": 0.0, "P_AT_K_negative": 0.0}], "P937": [{"MRR": 0.08467243657274322, "MRR_negative": 0.0, "MRR_positive": 0.0, "P_AT_1": 0.029350104821802937, "P_AT_10": 0.19811320754716982, "P_AT_K": 0.2851153039832285, "P_AT_K_positive": 0.0, "P_AT_K_negative": 0.0}], "P140": [{"MRR": 0.0014500987874458272, "MRR_negative": 0.0, "MRR_positive": 0.0, "P_AT_1": 0.0, "P_AT_10": 0.0, "P_AT_K": 0.008456659619450317, "P_AT_K_positive": 0.0, "P_AT_K_negative": 0.0}], "P1303": [{"MRR": 0.007468966341302602, "MRR_negative": 0.0, "MRR_positive": 0.0, "P_AT_1": 0.0, "P_AT_10": 0.011591148577449948, "P_AT_K": 0.13487881981032665, "P_AT_K_positive": 0.0, "P_AT_K_negative": 0.0}], "P127": [{"MRR": 0.023224759258244153, "MRR_negative": 0.0, "MRR_positive": 0.0, "P_AT_1": 0.001455604075691412, "P_AT_10": 0.06404657933042213, "P_AT_K": 0.19068413391557495, "P_AT_K_positive": 0.0, "P_AT_K_negative": 0.0}], "P103": [{"MRR": 0.00033387950402885336, "MRR_negative": 0.0, "MRR_positive": 0.0, "P_AT_1": 0.0, "P_AT_10": 0.0, "P_AT_K": 0.007164790174002047,