{"Google_RE": {"means": ["Mean P@1,10,k: 0.004324783518860238, 0.04090113915000356, 0.20064493710854694"], "place_of_birth": [{"MRR": 0.02116248446522986, "MRR_negative": 0.0, "MRR_positive": 0.02116248446522986, "P_AT_1": 0.008171603677221655, "P_AT_10": 0.06060606060606061, "P_AT_K": 0.18113721484508002, "P_AT_K_positive": 0.18113721484508002, "P_AT_K_negative": 0.0}], "date_of_birth": [{"MRR": 0.016427083196582416, "MRR_negative": 0.0, "MRR_positive": 0.016427083196582416, "P_AT_1": 0.002191780821917808, "P_AT_10": 0.02684931506849315, "P_AT_K": 0.2980821917808219, "P_AT_K_positive": 0.2980821917808219, "P_AT_K_negative": 0.0}], "place_of_death": [{"MRR": 0.012861010848010444, "MRR_negative": 0.0, "MRR_positive": 0.012861010848010444, "P_AT_1": 0.0026109660574412533, "P_AT_10": 0.03524804177545692, "P_AT_K": 0.1227154046997389, "P_AT_K_positive": 0.1227154046997389, "P_AT_K_negative": 0.0}]}, "TREx": {"means": ["Mean P@1,10,k: 0.013108073975660746, 0.05040180739819365, 0.18203817727671046"], "P19": [{"MRR": 0.02446415288921784, "MRR_negative": 0.0, "MRR_positive": 0.0, "P_AT_1": 0.014830508474576272, "P_AT_10": 0.0625, "P_AT_K": 0.17266949152542374, "P_AT_K_positive": 0.0, "P_AT_K_negative": 0.0}], "P20": [{"MRR": 0.017704762486272178, "MRR_negative": 0.0, "MRR_positive": 0.0, "P_AT_1": 0.007345225603357817, "P_AT_10": 0.03882476390346275, "P_AT_K": 0.18153200419727178, "P_AT_K_positive": 0.0, "P_AT_K_negative": 0.0}], "P279": [{"MRR": 0.03850856537986581, "MRR_negative": 0.0, "MRR_positive": 0.0, "P_AT_1": 0.012448132780082987, "P_AT_10": 0.10269709543568464, "P_AT_K": 0.23236514522821577, "P_AT_K_positive": 0.0, "P_AT_K_negative": 0.0}], "P37": [{"MRR": 0.0002409433447358255, "MRR_negative": 0.0, "MRR_positive": 0.0, "P_AT_1": 0.0, "P_AT_10": 0.0, "P_AT_K": 0.0, "P_AT_K_positive": 0.0, "P_AT_K_negative": 0.0}], "P413": [{"MRR": 0.00012005960124019469, "MRR_negative": 0.0, "MRR_positive": 0.0, "P_AT_1": 0.0, "P_AT_10": 0.0, "P_AT_K": 0.0010504201680672268, "P_AT_K_positive": 0.0, "P_AT_K_negative": 0.0}], "P449": [{"MRR": 0.0899377221238456, "MRR_negative": 0.0, "MRR_positive": 0.0, "P_AT_1": 0.20681818181818182, "P_AT_10": 0.34204545454545454, "P_AT_K": 0.5909090909090909, "P_AT_K_positive": 0.0, "P_AT_K_negative": 0.0}], "P47": [{"MRR": 0.00951101199270899, "MRR_negative": 0.0, "MRR_positive": 0.0, "P_AT_1": 0.002173913043478261, "P_AT_10": 0.01956521739130435, "P_AT_K": 0.09891304347826087, "P_AT_K_positive": 0.0, "P_AT_K_negative": 0.0}], "P138": [{"MRR": 0.005050844185229526, "MRR_negative": 0.0, "MRR_positive": 0.0, "P_AT_1": 0.0, "P_AT_10": 0.009345794392523364, "P_AT_K": 0.06853582554517133, "P_AT_K_positive": 0.0, "P_AT_K_negative": 0.0}], "P364": [{"MRR": 0.0003205383768556181, "MRR_negative": 0.0, "MRR_positive": 0.0, "P_AT_1": 0.0, "P_AT_10": 0.0, "P_AT_K": 0.0035046728971962616, "P_AT_K_positive": 0.0, "P_AT_K_negative": 0.0}], "P463": [{"MRR": 0.00496462994953153, "MRR_negative": 0.0, "MRR_positive": 0.0, "P_AT_1": 0.0, "P_AT_10": 0.0, "P_AT_K": 0.14222222222222222, "P_AT_K_positive": 0.0, "P_AT_K_negative": 0.0}], "P101": [{"MRR": 0.015591405516893168, "MRR_negative": 0.0, "MRR_positive": 0.0, "P_AT_1": 0.0, "P_AT_10": 0.021551724137931036, "P_AT_K": 0.2744252873563218, "P_AT_K_positive": 0.0, "P_AT_K_negative": 0.0}], "P106": [{"MRR": 0.009650335618722961, "MRR_negative": 0.0, "MRR_positive": 0.0, "P_AT_1": 0.0010438413361169101, "P_AT_10": 0.015657620041753653, "P_AT_K": 0.13883089770354906, "P_AT_K_positive": 0.0, "P_AT_K_negative": 0.0}], "P527": [{"MRR": 0.014573142158185143, "MRR_negative": 0.0, "MRR_positive": 0.0, "P_AT_1": 0.0020491803278688526, "P_AT_10": 0.03483606557377049, "P_AT_K": 0.2151639344262295, "P_AT_K_positive": 0.0, "P_AT_K_negative": 0.0}], "P530": [{"MRR": 0.025987815233245264, "MRR_negative": 0.0, "MRR_positive": 0.0, "P_AT_1": 0.007028112449799197, "P_AT_10": 0.05923694779116466, "P_AT_K": 0.4006024096385542, "P_AT_K_positive": 0.0, "P_AT_K_negative": 0.0}], "P176": [{"MRR": 0.0023780969876057616, "MRR_negative": 0.0, "MRR_positive": 0.0, "P_AT_1": 0.0010277492291880781, "P_AT_10": 0.003083247687564234, "P_AT_K": 0.040082219938335044, "P_AT_K_positive": 0.0, "P_AT_K_negative": 0.0}], "P27": [{"MRR": 0.00012070269276234837, "MRR_negative": 0.0, "MRR_positive": 0.0, "P_AT_1": 0.0, "P_AT_10": 0.0, "P_AT_K": 0.0, "P_AT_K_positive": 0.0, "P_AT_K_negative": 0.0}], "P407": [{"MRR": 0.010472140588002532, "MRR_negative": 0.0, "MRR_positive": 0.0, "P_AT_1": 0.0, "P_AT_10": 0.013683010262257697, "P_AT_K": 0.26567844925883694, "P_AT_K_positive": 0.0, "P_AT_K_negative": 0.0}], "P30": [{"MRR": 0.04971779398677614, "MRR_negative": 0.0, "MRR_positive": 0.0, "P_AT_1": 0.0041025641025641026, "P_AT_10": 0.15897435897435896, "P_AT_K": 0.2553846153846154, "P_AT_K_positive": 0.0, "P_AT_K_negative": 0.0}], "P178": [{"MRR": 0.015658808029158127, "MRR_negative": 0.0, "MRR_positive": 0.0, "P_AT_1": 0.0, "P_AT_10": 0.032148900169204735, "P_AT_K": 0.30287648054145516, "P_AT_K_positive": 0.0, "P_AT_K_negative": 0.0}], "P1376": [{"MRR": 0.03098182887736578, "MRR_negative": 0.0, "MRR_positive": 0.0, "P_AT_1": 0.008583690987124463, "P_AT_10": 0.06866952789699571, "P_AT_K": 0.2703862660944206, "P_AT_K_positive": 0.0, "P_AT_K_negative": 0.0}], "P131": [{"MRR": 0.047695494417585346, "MRR_negative": 0.0, "MRR_positive": 0.0, "P_AT_1": 0.026106696935300794, "P_AT_10": 0.10669693530079455, "P_AT_K": 0.35527809307604996, "P_AT_K_positive": 0.0, "P_AT_K_negative": 0.0}], "P1412": [{"MRR": 0.005330086243509755, "MRR_negative": 0.0, "MRR_positive": 0.0, "P_AT_1": 0.0, "P_AT_10": 0.0010319917440660474, "P_AT_K": 0.1568627450980392, "P_AT_K_positive": 0.0, "P_AT_K_negative": 0.0}], "P108": [{"MRR": 0.0003670967412626413, "MRR_negative": 0.0, "MRR_positive": 0.0, "P_AT_1": 0.0, "P_AT_10": 0.0, "P_AT_K": 0.005221932114882507, "P_AT_K_positive": 0.0, "P_AT_K_negative": 0.0}], "P136": [{"MRR": 0.0019470976136445803, "MRR_negative": 0.0, "MRR_positive": 0.0, "P_AT_1": 0.0, "P_AT_10": 0.0, "P_AT_K": 0.021482277121374866, "P_AT_K_positive": 0.0, "P_AT_K_negative": 0.0}], "P17": [{"MRR": 0.07717323483045163, "MRR_negative": 0.0, "MRR_positive": 0.0, "P_AT_1": 0.08602150537634409, "P_AT_10": 0.23763440860215054, "P_AT_K": 0.6870967741935484, "P_AT_K_positive": 0.0, "P_AT_K_negative": 0.0}], "P39": [{"MRR": 0.0005594067821915809, "MRR_negative": 0.0, "MRR_positive": 0.0, "P_AT_1": 0.0011210762331838565, "P_AT_10": 0.0011210762331838565, "P_AT_K": 0.005605381165919282, "P_AT_K_positive": 0.0, "P_AT_K_negative": 0.0}], "P264": [{"MRR": 0.00035014746597724825, "MRR_negative": 0.0, "MRR_positive": 0.0, "P_AT_1": 0.0, "P_AT_10": 0.0, "P_AT_K": 0.002331002331002331, "P_AT_K_positive": 0.0, "P_AT_K_negative": 0.0}], "P276": [{"MRR": 0.019640502275571445, "MRR_negative": 0.0, "MRR_positive": 0.0, "P_AT_1": 0.008350730688935281, "P_AT_10": 0.0511482254697286, "P_AT_K": 0.2150313152400835, "P_AT_K_positive": 0.0, "P_AT_K_negative": 0.0}], "P937": [{"MRR": 0.08066260678556218, "MRR_negative": 0.0, "MRR_positive": 0.0, "P_AT_1": 0.01781970649895178, "P_AT_10": 0.15513626834381553, "P_AT_K": 0.3238993710691824, "P_AT_K_positive": 0.0, "P_AT_K_negative": 0.0}], "P140": [{"MRR": 0.0005468256859411931, "MRR_negative": 0.0, "MRR_positive": 0.0, "P_AT_1": 0.0, "P_AT_10": 0.0021141649048625794, "P_AT_K": 0.008456659619450317, "P_AT_K_positive": 0.0, "P_AT_K_negative": 0.0}], "P1303": [{"MRR": 0.00202658066371791, "MRR_negative": 0.0, "MRR_positive": 0.0, "P_AT_1": 0.0, "P_AT_10": 0.001053740779768177, "P_AT_K": 0.0368809272918862, "P_AT_K_positive": 0.0, "P_AT_K_negative": 0.0}], "P127": [{"MRR": 0.020705383905515844, "MRR_negative": 0.0, "MRR_positive": 0.0, "P_AT_1": 0.001455604075691412, "P_AT_10": 0.050946142649199416, "P_AT_K": 0.22416302765647744, "P_AT_K_positive": 0.0, "P_AT_K_negative": 0.0}], "P103": [{"MRR": 0.0001507658815814539, "MRR_negative": 0.0, "MRR_positive": 0.0, "P_AT_1": 0.0, "P_AT_10": 0.0, "P_AT_K": 0.0030706243602865915, "P_AT_K_positive": 0.0,