{"Google_RE": {"means": ["Mean P@1,10,k: 0.006639920626677318, 0.06020557170007549, 0.3256373867552033"], "place_of_birth": [{"MRR": 0.027214240303459054, "MRR_negative": 0.0, "MRR_positive": 0.027214240303459054, "P_AT_1": 0.002723867892407218, "P_AT_10": 0.06230847803881512, "P_AT_K": 0.33299284984678246, "P_AT_K_positive": 0.33299284984678246, "P_AT_K_negative": 0.0}], "date_of_birth": [{"MRR": 0.04547662598880635, "MRR_negative": 0.0, "MRR_positive": 0.04547662598880635, "P_AT_1": 0.01589041095890411, "P_AT_10": 0.11178082191780822, "P_AT_K": 0.5956164383561644, "P_AT_K_positive": 0.5956164383561644, "P_AT_K_negative": 0.0}], "place_of_death": [{"MRR": 0.00474473874254498, "MRR_negative": 0.0, "MRR_positive": 0.00474473874254498, "P_AT_1": 0.0013054830287206266, "P_AT_10": 0.006527415143603133, "P_AT_K": 0.048302872062663184, "P_AT_K_positive": 0.048302872062663184, "P_AT_K_negative": 0.0}]}, "TREx": {"means": ["Mean P@1,10,k: 0.019600879499725325, 0.10974008098366843, 0.35210319251169353"], "P19": [{"MRR": 0.02770277455327035, "MRR_negative": 0.0, "MRR_positive": 0.0, "P_AT_1": 0.005296610169491525, "P_AT_10": 0.0614406779661017, "P_AT_K": 0.3230932203389831, "P_AT_K_positive": 0.0, "P_AT_K_negative": 0.0}], "P20": [{"MRR": 0.005285077796375593, "MRR_negative": 0.0, "MRR_positive": 0.0, "P_AT_1": 0.0, "P_AT_10": 0.005246589716684155, "P_AT_K": 0.07974816369359916, "P_AT_K_positive": 0.0, "P_AT_K_negative": 0.0}], "P279": [{"MRR": 0.04101869855637346, "MRR_negative": 0.0, "MRR_positive": 0.0, "P_AT_1": 0.0031120331950207467, "P_AT_10": 0.11825726141078838, "P_AT_K": 0.26348547717842324, "P_AT_K_positive": 0.0, "P_AT_K_negative": 0.0}], "P37": [{"MRR": 0.011036367260329725, "MRR_negative": 0.0, "MRR_positive": 0.0, "P_AT_1": 0.0, "P_AT_10": 0.025879917184265012, "P_AT_K": 0.19772256728778467, "P_AT_K_positive": 0.0, "P_AT_K_negative": 0.0}], "P413": [{"MRR": 0.0025064955820529155, "MRR_negative": 0.0, "MRR_positive": 0.0, "P_AT_1": 0.0, "P_AT_10": 0.0, "P_AT_K": 0.01995798319327731, "P_AT_K_positive": 0.0, "P_AT_K_negative": 0.0}], "P449": [{"MRR": 0.07074812199216694, "MRR_negative": 0.0, "MRR_positive": 0.0, "P_AT_1": 0.30227272727272725, "P_AT_10": 0.5511363636363636, "P_AT_K": 0.8306818181818182, "P_AT_K_positive": 0.0, "P_AT_K_negative": 0.0}], "P47": [{"MRR": 0.030652255908359433, "MRR_negative": 0.0, "MRR_positive": 0.0, "P_AT_1": 0.007608695652173913, "P_AT_10": 0.07391304347826087, "P_AT_K": 0.2967391304347826, "P_AT_K_positive": 0.0, "P_AT_K_negative": 0.0}], "P138": [{"MRR": 0.006061963014172122, "MRR_negative": 0.0, "MRR_positive": 0.0, "P_AT_1": 0.001557632398753894, "P_AT_10": 0.010903426791277258, "P_AT_K": 0.07165109034267912, "P_AT_K_positive": 0.0, "P_AT_K_negative": 0.0}], "P364": [{"MRR": 0.015920325942189652, "MRR_negative": 0.0, "MRR_positive": 0.0, "P_AT_1": 0.0, "P_AT_10": 0.035046728971962614, "P_AT_K": 0.27686915887850466, "P_AT_K_positive": 0.0, "P_AT_K_negative": 0.0}], "P463": [{"MRR": 0.09788183285775362, "MRR_negative": 0.0, "MRR_positive": 0.0, "P_AT_1": 0.022222222222222223, "P_AT_10": 0.3688888888888889, "P_AT_K": 0.7111111111111111, "P_AT_K_positive": 0.0, "P_AT_K_negative": 0.0}], "P101": [{"MRR": 0.05574484414791026, "MRR_negative": 0.0, "MRR_positive": 0.0, "P_AT_1": 0.0014367816091954023, "P_AT_10": 0.14942528735632185, "P_AT_K": 0.4827586206896552, "P_AT_K_positive": 0.0, "P_AT_K_negative": 0.0}], "P106": [{"MRR": 0.03302361790769657, "MRR_negative": 0.0, "MRR_positive": 0.0, "P_AT_1": 0.006263048016701462, "P_AT_10": 0.06993736951983298, "P_AT_K": 0.4979123173277662, "P_AT_K_positive": 0.0, "P_AT_K_negative": 0.0}], "P527": [{"MRR": 0.04612416642213044, "MRR_negative": 0.0, "MRR_positive": 0.0, "P_AT_1": 0.00819672131147541, "P_AT_10": 0.11475409836065574, "P_AT_K": 0.3975409836065574, "P_AT_K_positive": 0.0, "P_AT_K_negative": 0.0}], "P530": [{"MRR": 0.055059702683348546, "MRR_negative": 0.0, "MRR_positive": 0.0, "P_AT_1": 0.008032128514056224, "P_AT_10": 0.1676706827309237, "P_AT_K": 0.6556224899598394, "P_AT_K_positive": 0.0, "P_AT_K_negative": 0.0}], "P176": [{"MRR": 0.023687290714183566, "MRR_negative": 0.0, "MRR_positive": 0.0, "P_AT_1": 0.010277492291880781, "P_AT_10": 0.051387461459403906, "P_AT_K": 0.14182939362795477, "P_AT_K_positive": 0.0, "P_AT_K_negative": 0.0}], "P27": [{"MRR": 0.0002827222316818533, "MRR_negative": 0.0, "MRR_positive": 0.0, "P_AT_1": 0.0, "P_AT_10": 0.0, "P_AT_K": 0.005175983436853002, "P_AT_K_positive": 0.0, "P_AT_K_negative": 0.0}], "P407": [{"MRR": 0.021825007836888233, "MRR_negative": 0.0, "MRR_positive": 0.0, "P_AT_1": 0.0, "P_AT_10": 0.03876852907639681, "P_AT_K": 0.29076396807297605, "P_AT_K_positive": 0.0, "P_AT_K_negative": 0.0}], "P30": [{"MRR": 0.02273963163806693, "MRR_negative": 0.0, "MRR_positive": 0.0, "P_AT_1": 0.0010256410256410256, "P_AT_10": 0.06256410256410257, "P_AT_K": 0.28102564102564104, "P_AT_K_positive": 0.0, "P_AT_K_negative": 0.0}], "P178": [{"MRR": 0.162579728806002, "MRR_negative": 0.0, "MRR_positive": 0.0, "P_AT_1": 0.07106598984771574, "P_AT_10": 0.3993231810490694, "P_AT_K": 0.5702199661590525, "P_AT_K_positive": 0.0, "P_AT_K_negative": 0.0}], "P1376": [{"MRR": 0.030489846952832564, "MRR_negative": 0.0, "MRR_positive": 0.0, "P_AT_1": 0.004291845493562232, "P_AT_10": 0.07296137339055794, "P_AT_K": 0.33905579399141633, "P_AT_K_positive": 0.0, "P_AT_K_negative": 0.0}], "P131": [{"MRR": 0.05184349318450386, "MRR_negative": 0.0, "MRR_positive": 0.0, "P_AT_1": 0.018161180476730987, "P_AT_10": 0.14301929625425652, "P_AT_K": 0.5448354143019296, "P_AT_K_positive": 0.0, "P_AT_K_negative": 0.0}], "P1412": [{"MRR": 0.04164104120824896, "MRR_negative": 0.0, "MRR_positive": 0.0, "P_AT_1": 0.0, "P_AT_10": 0.08771929824561403, "P_AT_K": 0.544891640866873, "P_AT_K_positive": 0.0, "P_AT_K_negative": 0.0}], "P108": [{"MRR": 0.004356252444765813, "MRR_negative": 0.0, "MRR_positive": 0.0, "P_AT_1": 0.0, "P_AT_10": 0.005221932114882507, "P_AT_K": 0.09660574412532637, "P_AT_K_positive": 0.0, "P_AT_K_negative": 0.0}], "P136": [{"MRR": 0.02038727830370458, "MRR_negative": 0.0, "MRR_positive": 0.0, "P_AT_1": 0.0, "P_AT_10": 0.02577873254564984, "P_AT_K": 0.5048335123523093, "P_AT_K_positive": 0.0, "P_AT_K_negative": 0.0}], "P17": [{"MRR": 0.06905325045774174, "MRR_negative": 0.0, "MRR_positive": 0.0, "P_AT_1": 0.013978494623655914, "P_AT_10": 0.18924731182795698, "P_AT_K": 0.6526881720430108, "P_AT_K_positive": 0.0, "P_AT_K_negative": 0.0}], "P39": [{"MRR": 0.09401426049685152, "MRR_negative": 0.0, "MRR_positive": 0.0, "P_AT_1": 0.03139013452914798, "P_AT_10": 0.2713004484304933, "P_AT_K": 0.7174887892376681, "P_AT_K_positive": 0.0, "P_AT_K_negative": 0.0}], "P264": [{"MRR": 0.015874128022058752, "MRR_negative": 0.0, "MRR_positive": 0.0, "P_AT_1": 0.002331002331002331, "P_AT_10": 0.04428904428904429, "P_AT_K": 0.18181818181818182, "P_AT_K_positive": 0.0, "P_AT_K_negative": 0.0}], "P276": [{"MRR": 0.0226760487544949, "MRR_negative": 0.0, "MRR_positive": 0.0, "P_AT_1": 0.0041753653444676405, "P_AT_10": 0.055323590814196244, "P_AT_K": 0.33716075156576203, "P_AT_K_positive": 0.0, "P_AT_K_negative": 0.0}], "P937": [{"MRR": 0.039111832433312683, "MRR_negative": 0.0, "MRR_positive": 0.0, "P_AT_1": 0.008385744234800839, "P_AT_10": 0.12159329140461216, "P_AT_K": 0.3857442348008386, "P_AT_K_positive": 0.0, "P_AT_K_negative": 0.0}], "P140": [{"MRR": 0.014289149477307472, "MRR_negative": 0.0, "MRR_positive": 0.0, "P_AT_1": 0.004228329809725159, "P_AT_10": 0.008456659619450317, "P_AT_K": 0.45665961945031713, "P_AT_K_positive": 0.0, "P_AT_K_negative": 0.0}], "P1303": [{"MRR": 0.08173533120421454, "MRR_negative": 0.0, "MRR_positive": 0.0, "P_AT_1": 0.044257112750263436, "P_AT_10": 0.2054794520547945, "P_AT_K": 0.3972602739726027, "P_AT_K_positive": 0.0, "P_AT_K_negative": 0.0}], "P127": [{"MRR": 0.048400489109576596, "MRR_negative": 0.0, "MRR_positive": 0.0, "P_AT_1": 0.005822416302765648, "P_AT_10": 0.12954876273653565, "P_AT_K": 0.39737991266375544, "P_AT_K_positive": 0.0,