{"Google_RE": {"means": ["Mean P@1,10,k: 0.013910274983982028, 0.08565496896409215, 0.40361213242558364"], "place_of_birth": [{"MRR": 0.05259183868934241, "MRR_negative": 0.0, "MRR_positive": 0.05259183868934241, "P_AT_1": 0.02247191011235955, "P_AT_10": 0.14368403132448077, "P_AT_K": 0.47191011235955055, "P_AT_K_positive": 0.47191011235955055, "P_AT_K_negative": 0.0}], "date_of_birth": [{"MRR": 0.04307741960635969, "MRR_negative": 0.0, "MRR_positive": 0.04307741960635969, "P_AT_1": 0.015342465753424657, "P_AT_10": 0.0936986301369863, "P_AT_K": 0.6449315068493151, "P_AT_K_positive": 0.6449315068493151, "P_AT_K_negative": 0.0}], "place_of_death": [{"MRR": 0.00772226395792191, "MRR_negative": 0.0, "MRR_positive": 0.00772226395792191, "P_AT_1": 0.0039164490861618795, "P_AT_10": 0.0195822454308094, "P_AT_K": 0.09399477806788512, "P_AT_K_positive": 0.09399477806788512, "P_AT_K_negative": 0.0}]}, "TREx": {"means": ["Mean P@1,10,k: 0.03207809232404309, 0.13652297102879002, 0.43176635418056086"], "P19": [{"MRR": 0.05650647799623433, "MRR_negative": 0.0, "MRR_positive": 0.0, "P_AT_1": 0.028601694915254237, "P_AT_10": 0.15148305084745764, "P_AT_K": 0.4608050847457627, "P_AT_K_positive": 0.0, "P_AT_K_negative": 0.0}], "P20": [{"MRR": 0.02062962002402855, "MRR_negative": 0.0, "MRR_positive": 0.0, "P_AT_1": 0.008394543546694649, "P_AT_10": 0.04302203567681007, "P_AT_K": 0.22875131164742918, "P_AT_K_positive": 0.0, "P_AT_K_negative": 0.0}], "P279": [{"MRR": 0.08470319711642633, "MRR_negative": 0.0, "MRR_positive": 0.0, "P_AT_1": 0.014522821576763486, "P_AT_10": 0.1908713692946058, "P_AT_K": 0.3703319502074689, "P_AT_K_positive": 0.0, "P_AT_K_negative": 0.0}], "P37": [{"MRR": 0.020329383003990332, "MRR_negative": 0.0, "MRR_positive": 0.0, "P_AT_1": 0.003105590062111801, "P_AT_10": 0.034161490683229816, "P_AT_K": 0.2805383022774327, "P_AT_K_positive": 0.0, "P_AT_K_negative": 0.0}], "P413": [{"MRR": 0.022118437081271213, "MRR_negative": 0.0, "MRR_positive": 0.0, "P_AT_1": 0.0010504201680672268, "P_AT_10": 0.03571428571428571, "P_AT_K": 0.5724789915966386, "P_AT_K_positive": 0.0, "P_AT_K_negative": 0.0}], "P449": [{"MRR": 0.15221220086116755, "MRR_negative": 0.0, "MRR_positive": 0.0, "P_AT_1": 0.32272727272727275, "P_AT_10": 0.6215909090909091, "P_AT_K": 0.8227272727272728, "P_AT_K_positive": 0.0, "P_AT_K_negative": 0.0}], "P47": [{"MRR": 0.05400856869583732, "MRR_negative": 0.0, "MRR_positive": 0.0, "P_AT_1": 0.02282608695652174, "P_AT_10": 0.14021739130434782, "P_AT_K": 0.4782608695652174, "P_AT_K_positive": 0.0, "P_AT_K_negative": 0.0}], "P138": [{"MRR": 0.004779719530687736, "MRR_negative": 0.0, "MRR_positive": 0.0, "P_AT_1": 0.0, "P_AT_10": 0.009345794392523364, "P_AT_K": 0.08722741433021806, "P_AT_K_positive": 0.0, "P_AT_K_negative": 0.0}], "P364": [{"MRR": 0.01393630291933629, "MRR_negative": 0.0, "MRR_positive": 0.0, "P_AT_1": 0.0, "P_AT_10": 0.02102803738317757, "P_AT_K": 0.2955607476635514, "P_AT_K_positive": 0.0, "P_AT_K_negative": 0.0}], "P463": [{"MRR": 0.17586384233956484, "MRR_negative": 0.0, "MRR_positive": 0.0, "P_AT_1": 0.02666666666666667, "P_AT_10": 0.5066666666666667, "P_AT_K": 0.7288888888888889, "P_AT_K_positive": 0.0, "P_AT_K_negative": 0.0}], "P101": [{"MRR": 0.08905435612348836, "MRR_negative": 0.0, "MRR_positive": 0.0, "P_AT_1": 0.004310344827586207, "P_AT_10": 0.2557471264367816, "P_AT_K": 0.6063218390804598, "P_AT_K_positive": 0.0, "P_AT_K_negative": 0.0}], "P106": [{"MRR": 0.024663489050612275, "MRR_negative": 0.0, "MRR_positive": 0.0, "P_AT_1": 0.0, "P_AT_10": 0.0511482254697286, "P_AT_K": 0.5949895615866388, "P_AT_K_positive": 0.0, "P_AT_K_negative": 0.0}], "P527": [{"MRR": 0.03795482430209901, "MRR_negative": 0.0, "MRR_positive": 0.0, "P_AT_1": 0.009221311475409836, "P_AT_10": 0.08504098360655737, "P_AT_K": 0.3780737704918033, "P_AT_K_positive": 0.0, "P_AT_K_negative": 0.0}], "P530": [{"MRR": 0.046893312817957736, "MRR_negative": 0.0, "MRR_positive": 0.0, "P_AT_1": 0.006024096385542169, "P_AT_10": 0.11546184738955824, "P_AT_K": 0.7600401606425703, "P_AT_K_positive": 0.0, "P_AT_K_negative": 0.0}], "P176": [{"MRR": 0.042119085643906255, "MRR_negative": 0.0, "MRR_positive": 0.0, "P_AT_1": 0.019527235354573486, "P_AT_10": 0.10996916752312436, "P_AT_K": 0.40698869475847893, "P_AT_K_positive": 0.0, "P_AT_K_negative": 0.0}], "P27": [{"MRR": 0.0027547208500836888, "MRR_negative": 0.0, "MRR_positive": 0.0, "P_AT_1": 0.0, "P_AT_10": 0.0010351966873706005, "P_AT_K": 0.027950310559006212, "P_AT_K_positive": 0.0, "P_AT_K_negative": 0.0}], "P407": [{"MRR": 0.07490592172155043, "MRR_negative": 0.0, "MRR_positive": 0.0, "P_AT_1": 0.04446978335233751, "P_AT_10": 0.20980615735461802, "P_AT_K": 0.5746864310148233, "P_AT_K_positive": 0.0, "P_AT_K_negative": 0.0}], "P30": [{"MRR": 0.012439605008763264, "MRR_negative": 0.0, "MRR_positive": 0.0, "P_AT_1": 0.0, "P_AT_10": 0.01641025641025641, "P_AT_K": 0.2523076923076923, "P_AT_K_positive": 0.0, "P_AT_K_negative": 0.0}], "P178": [{"MRR": 0.09288059575886586, "MRR_negative": 0.0, "MRR_positive": 0.0, "P_AT_1": 0.25380710659898476, "P_AT_10": 0.45346869712351945, "P_AT_K": 0.7377326565143824, "P_AT_K_positive": 0.0, "P_AT_K_negative": 0.0}], "P1376": [{"MRR": 0.057502972559610704, "MRR_negative": 0.0, "MRR_positive": 0.0, "P_AT_1": 0.017167381974248927, "P_AT_10": 0.15450643776824036, "P_AT_K": 0.5236051502145923, "P_AT_K_positive": 0.0, "P_AT_K_negative": 0.0}], "P131": [{"MRR": 0.06303009248961972, "MRR_negative": 0.0, "MRR_positive": 0.0, "P_AT_1": 0.019296254256526674, "P_AT_10": 0.1713961407491487, "P_AT_K": 0.5698070374574348, "P_AT_K_positive": 0.0, "P_AT_K_negative": 0.0}], "P1412": [{"MRR": 0.00747977367741088, "MRR_negative": 0.0, "MRR_positive": 0.0, "P_AT_1": 0.0, "P_AT_10": 0.0041279669762641896, "P_AT_K": 0.21671826625386997, "P_AT_K_positive": 0.0, "P_AT_K_negative": 0.0}], "P108": [{"MRR": 0.011795096554211229, "MRR_negative": 0.0, "MRR_positive": 0.0, "P_AT_1": 0.005221932114882507, "P_AT_10": 0.033942558746736295, "P_AT_K": 0.12532637075718014, "P_AT_K_positive": 0.0, "P_AT_K_negative": 0.0}], "P136": [{"MRR": 0.028089136570415882, "MRR_negative": 0.0, "MRR_positive": 0.0, "P_AT_1": 0.0, "P_AT_10": 0.07089151450053706, "P_AT_K": 0.5241675617615468, "P_AT_K_positive": 0.0, "P_AT_K_negative": 0.0}], "P17": [{"MRR": 0.041171573311742655, "MRR_negative": 0.0, "MRR_positive": 0.0, "P_AT_1": 0.010752688172043012, "P_AT_10": 0.12473118279569892, "P_AT_K": 0.5225806451612903, "P_AT_K_positive": 0.0, "P_AT_K_negative": 0.0}], "P39": [{"MRR": 0.062423465368801036, "MRR_negative": 0.0, "MRR_positive": 0.0, "P_AT_1": 0.007847533632286996, "P_AT_10": 0.15358744394618834, "P_AT_K": 0.773542600896861, "P_AT_K_positive": 0.0, "P_AT_K_negative": 0.0}], "P264": [{"MRR": 0.03299659543556865, "MRR_negative": 0.0, "MRR_positive": 0.0, "P_AT_1": 0.14685314685314685, "P_AT_10": 0.19813519813519814, "P_AT_K": 0.2400932400932401, "P_AT_K_positive": 0.0, "P_AT_K_negative": 0.0}], "P276": [{"MRR": 0.04885795889086788, "MRR_negative": 0.0, "MRR_positive": 0.0, "P_AT_1": 0.015657620041753653, "P_AT_10": 0.12317327766179541, "P_AT_K": 0.44780793319415446, "P_AT_K_positive": 0.0, "P_AT_K_negative": 0.0}], "P937": [{"MRR": 0.023414419882161405, "MRR_negative": 0.0, "MRR_positive": 0.0, "P_AT_1": 0.0020964360587002098, "P_AT_10": 0.05450733752620545, "P_AT_K": 0.3039832285115304, "P_AT_K_positive": 0.0, "P_AT_K_negative": 0.0}], "P140": [{"MRR": 0.012279997710243408, "MRR_negative": 0.0, "MRR_positive": 0.0, "P_AT_1": 0.004228329809725159, "P_AT_10": 0.008456659619450317, "P_AT_K": 0.4249471458773784, "P_AT_K_positive": 0.0, "P_AT_K_negative": 0.0}], "P1303": [{"MRR": 0.1514318938580905, "MRR_negative": 0.0, "MRR_positive": 0.0, "P_AT_1": 0.0958904109589041, "P_AT_10": 0.410958904109589, "P_AT_K": 0.708113804004215, "P_AT_K_positive": 0.0, "P_AT_K_negative": 0.0}], "P127": [{"MRR": 0.043861270554803364, "MRR_negative": 0.0, "MRR_positive": 0.0, "P_AT_1": 0.03202328966521106, "P_AT_10": 0.14119359534206696,