{
    "Google_RE": {
        "means": [
            "Mean P@1,10,k: 0.0073425457707176804, 0.043301837524959585, 0.24821213646298212"
        ],
        "place_of_birth": [
            {
                "MRR": 0.02537676092810176,
                "MRR_negative": 0.0,
                "MRR_positive": 0.02537676092810176,
                "P_AT_1": 0.00749063670411985,
                "P_AT_10": 0.057882192713653385,
                "P_AT_K": 0.21824991487912837,
                "P_AT_K_positive": 0.21824991487912837,
                "P_AT_K_negative": 0.0
            }
        ],
        "date_of_birth": [
            {
                "MRR": 0.026420844383353088,
                "MRR_negative": 0.0,
                "MRR_positive": 0.026420844383353088,
                "P_AT_1": 0.009315068493150684,
                "P_AT_10": 0.06027397260273973,
                "P_AT_K": 0.4558904109589041,
                "P_AT_K_positive": 0.4558904109589041,
                "P_AT_K_negative": 0.0
            }
        ],
        "place_of_death": [
            {
                "MRR": 0.00465554149201835,
                "MRR_negative": 0.0,
                "MRR_positive": 0.00465554149201835,
                "P_AT_1": 0.005221932114882507,
                "P_AT_10": 0.01174934725848564,
                "P_AT_K": 0.07049608355091384,
                "P_AT_K_positive": 0.07049608355091384,
                "P_AT_K_negative": 0.0
            }
        ]
    },
    "TREx": {
        "means": [
            "Mean P@1,10,k: 0.017140877976271684, 0.07785399100044915, 0.2347939819802311"
        ],
        "P19": [
            {
                "MRR": 0.019662159079882953,
                "MRR_negative": 0.0,
                "MRR_positive": 0.0,
                "P_AT_1": 0.005296610169491525,
                "P_AT_10": 0.04449152542372881,
                "P_AT_K": 0.2086864406779661,
                "P_AT_K_positive": 0.0,
                "P_AT_K_negative": 0.0
            }
        ],
        "P20": [
            {
                "MRR": 0.015531001792890017,
                "MRR_negative": 0.0,
                "MRR_positive": 0.0,
                "P_AT_1": 0.0062959076600209865,
                "P_AT_10": 0.03147953830010493,
                "P_AT_K": 0.1416579223504722,
                "P_AT_K_positive": 0.0,
                "P_AT_K_negative": 0.0
            }
        ],
        "P279": [
            {
                "MRR": 0.04801814513514999,
                "MRR_negative": 0.0,
                "MRR_positive": 0.0,
                "P_AT_1": 0.002074688796680498,
                "P_AT_10": 0.11618257261410789,
                "P_AT_K": 0.2437759336099585,
                "P_AT_K_positive": 0.0,
                "P_AT_K_negative": 0.0
            }
        ],
        "P37": [
            {
                "MRR": 0.00043877501806016613,
                "MRR_negative": 0.0,
                "MRR_positive": 0.0,
                "P_AT_1": 0.0,
                "P_AT_10": 0.0,
                "P_AT_K": 0.002070393374741201,
                "P_AT_K_positive": 0.0,
                "P_AT_K_negative": 0.0
            }
        ],
        "P413": [
            {
                "MRR": 0.0005625875885249957,
                "MRR_negative": 0.0,
                "MRR_positive": 0.0,
                "P_AT_1": 0.0,
                "P_AT_10": 0.0,
                "P_AT_K": 0.0021008403361344537,
                "P_AT_K_positive": 0.0,
                "P_AT_K_negative": 0.0
            }
        ],
        "P449": [
            {
                "MRR": 0.09154222717932882,
                "MRR_negative": 0.0,
                "MRR_positive": 0.0,
                "P_AT_1": 0.3181818181818182,
                "P_AT_10": 0.6102272727272727,
                "P_AT_K": 0.7920454545454545,
                "P_AT_K_positive": 0.0,
                "P_AT_K_negative": 0.0
            }
        ],
        "P47": [
            {
                "MRR": 0.015673807861934393,
                "MRR_negative": 0.0,
                "MRR_positive": 0.0,
                "P_AT_1": 0.004347826086956522,
                "P_AT_10": 0.042391304347826085,
                "P_AT_K": 0.17717391304347826,
                "P_AT_K_positive": 0.0,
                "P_AT_K_negative": 0.0
            }
        ],
        "P138": [
            {
                "MRR": 0.005206350570026995,
                "MRR_negative": 0.0,
                "MRR_positive": 0.0,
                "P_AT_1": 0.0,
                "P_AT_10": 0.010903426791277258,
                "P_AT_K": 0.06074766355140187,
                "P_AT_K_positive": 0.0,
                "P_AT_K_negative": 0.0
            }
        ],
        "P364": [
            {
                "MRR": 0.002325969184337488,
                "MRR_negative": 0.0,
                "MRR_positive": 0.0,
                "P_AT_1": 0.0,
                "P_AT_10": 0.002336448598130841,
                "P_AT_K": 0.02570093457943925,
                "P_AT_K_positive": 0.0,
                "P_AT_K_negative": 0.0
            }
        ],
        "P463": [
            {
                "MRR": 0.06042087525823056,
                "MRR_negative": 0.0,
                "MRR_positive": 0.0,
                "P_AT_1": 0.0,
                "P_AT_10": 0.19555555555555557,
                "P_AT_K": 0.5288888888888889,
                "P_AT_K_positive": 0.0,
                "P_AT_K_negative": 0.0
            }
        ],
        "P101": [
            {
                "MRR": 0.046978502619246014,
                "MRR_negative": 0.0,
                "MRR_positive": 0.0,
                "P_AT_1": 0.004310344827586207,
                "P_AT_10": 0.10919540229885058,
                "P_AT_K": 0.3261494252873563,
                "P_AT_K_positive": 0.0,
                "P_AT_K_negative": 0.0
            }
        ],
        "P106": [
            {
                "MRR": 0.008193422569680463,
                "MRR_negative": 0.0,
                "MRR_positive": 0.0,
                "P_AT_1": 0.0,
                "P_AT_10": 0.014613778705636743,
                "P_AT_K": 0.1304801670146138,
                "P_AT_K_positive": 0.0,
                "P_AT_K_negative": 0.0
            }
        ],
        "P527": [
            {
                "MRR": 0.017205039274737856,
                "MRR_negative": 0.0,
                "MRR_positive": 0.0,
                "P_AT_1": 0.007172131147540984,
                "P_AT_10": 0.040983606557377046,
                "P_AT_K": 0.2182377049180328,
                "P_AT_K_positive": 0.0,
                "P_AT_K_negative": 0.0
            }
        ],
        "P530": [
            {
                "MRR": 0.024111793688629007,
                "MRR_negative": 0.0,
                "MRR_positive": 0.0,
                "P_AT_1": 0.007028112449799197,
                "P_AT_10": 0.06626506024096386,
                "P_AT_K": 0.44377510040160645,
                "P_AT_K_positive": 0.0,
                "P_AT_K_negative": 0.0
            }
        ],
        "P176": [
            {
                "MRR": 0.0202832019701756,
                "MRR_negative": 0.0,
                "MRR_positive": 0.0,
                "P_AT_1": 0.0051387461459403904,
                "P_AT_10": 0.040082219938335044,
                "P_AT_K": 0.10585817060637205,
                "P_AT_K_positive": 0.0,
                "P_AT_K_negative": 0.0
            }
        ],
        "P27": [
            {
                "MRR": 2.4915183567376365e-05,
                "MRR_negative": 0.0,
                "MRR_positive": 0.0,
                "P_AT_1": 0.0,
                "P_AT_10": 0.0,
                "P_AT_K": 0.0,
                "P_AT_K_positive": 0.0,
                "P_AT_K_negative": 0.0
            }
        ],
        "P407": [
            {
                "MRR": 0.012718423781740896,
                "MRR_negative": 0.0,
                "MRR_positive": 0.0,
                "P_AT_1": 0.0,