{"Google_RE": {"means": ["Mean P@1,10,k: 0.007060644100482932, 0.048544242489678646, 0.28903078708783775"], "place_of_birth": [{"MRR": 0.02919561041508655, "MRR_negative": 0.0, "MRR_positive": 0.02919561041508655, "P_AT_1": 0.011576438542730678, "P_AT_10": 0.07626830098740212, "P_AT_K": 0.2618318011576439, "P_AT_K_positive": 0.2618318011576439, "P_AT_K_negative": 0.0}], "date_of_birth": [{"MRR": 0.03017693549656238, "MRR_negative": 0.0, "MRR_positive": 0.03017693549656238, "P_AT_1": 0.004383561643835616, "P_AT_10": 0.0536986301369863, "P_AT_K": 0.5008219178082192, "P_AT_K_positive": 0.5008219178082192, "P_AT_K_negative": 0.0}], "place_of_death": [{"MRR": 0.008210634574051526, "MRR_negative": 0.0, "MRR_positive": 0.008210634574051526, "P_AT_1": 0.005221932114882507, "P_AT_10": 0.015665796344647518, "P_AT_K": 0.10443864229765012, "P_AT_K_positive": 0.10443864229765012, "P_AT_K_negative": 0.0}]}, "TREx": {"means": ["Mean P@1,10,k: 0.02442711627785767, 0.103469324495677, 0.3356816438261024"], "P19": [{"MRR": 0.03036906694919895, "MRR_negative": 0.0, "MRR_positive": 0.0, "P_AT_1": 0.0031779661016949155, "P_AT_10": 0.06567796610169492, "P_AT_K": 0.2298728813559322, "P_AT_K_positive": 0.0, "P_AT_K_negative": 0.0}], "P20": [{"MRR": 0.011331008328511388, "MRR_negative": 0.0, "MRR_positive": 0.0, "P_AT_1": 0.002098635886673662, "P_AT_10": 0.016789087093389297, "P_AT_K": 0.15005246589716684, "P_AT_K_positive": 0.0, "P_AT_K_negative": 0.0}], "P279": [{"MRR": 0.026403575098281392, "MRR_negative": 0.0, "MRR_positive": 0.0, "P_AT_1": 0.006224066390041493, "P_AT_10": 0.06846473029045644, "P_AT_K": 0.21887966804979253, "P_AT_K_positive": 0.0, "P_AT_K_negative": 0.0}], "P37": [{"MRR": 0.023297503696292653, "MRR_negative": 0.0, "MRR_positive": 0.0, "P_AT_1": 0.010351966873706004, "P_AT_10": 0.07039337474120083, "P_AT_K": 0.2743271221532091, "P_AT_K_positive": 0.0, "P_AT_K_negative": 0.0}], "P413": [{"MRR": 0.0016399302761990373, "MRR_negative": 0.0, "MRR_positive": 0.0, "P_AT_1": 0.0, "P_AT_10": 0.0, "P_AT_K": 0.011554621848739496, "P_AT_K_positive": 0.0, "P_AT_K_negative": 0.0}], "P449": [{"MRR": 0.05785941586016433, "MRR_negative": 0.0, "MRR_positive": 0.0, "P_AT_1": 0.2727272727272727, "P_AT_10": 0.35568181818181815, "P_AT_K": 0.7306818181818182, "P_AT_K_positive": 0.0, "P_AT_K_negative": 0.0}], "P47": [{"MRR": 0.030645705495490953, "MRR_negative": 0.0, "MRR_positive": 0.0, "P_AT_1": 0.003260869565217391, "P_AT_10": 0.06847826086956521, "P_AT_K": 0.3076086956521739, "P_AT_K_positive": 0.0, "P_AT_K_negative": 0.0}], "P138": [{"MRR": 0.007186013288082239, "MRR_negative": 0.0, "MRR_positive": 0.0, "P_AT_1": 0.003115264797507788, "P_AT_10": 0.017133956386292833, "P_AT_K": 0.09345794392523364, "P_AT_K_positive": 0.0, "P_AT_K_negative": 0.0}], "P364": [{"MRR": 0.0339261119734638, "MRR_negative": 0.0, "MRR_positive": 0.0, "P_AT_1": 0.010514018691588784, "P_AT_10": 0.08878504672897196, "P_AT_K": 0.4100467289719626, "P_AT_K_positive": 0.0, "P_AT_K_negative": 0.0}], "P463": [{"MRR": 0.1047638525433783, "MRR_negative": 0.0, "MRR_positive": 0.0, "P_AT_1": 0.013333333333333334, "P_AT_10": 0.30666666666666664, "P_AT_K": 0.56, "P_AT_K_positive": 0.0, "P_AT_K_negative": 0.0}], "P101": [{"MRR": 0.020669690055082655, "MRR_negative": 0.0, "MRR_positive": 0.0, "P_AT_1": 0.0, "P_AT_10": 0.04885057471264368, "P_AT_K": 0.27155172413793105, "P_AT_K_positive": 0.0, "P_AT_K_negative": 0.0}], "P106": [{"MRR": 0.09097956899086818, "MRR_negative": 0.0, "MRR_positive": 0.0, "P_AT_1": 0.038622129436325675, "P_AT_10": 0.2609603340292276, "P_AT_K": 0.5866388308977035, "P_AT_K_positive": 0.0, "P_AT_K_negative": 0.0}], "P527": [{"MRR": 0.02467085696409216, "MRR_negative": 0.0, "MRR_positive": 0.0, "P_AT_1": 0.018442622950819672, "P_AT_10": 0.06864754098360656, "P_AT_K": 0.22131147540983606, "P_AT_K_positive": 0.0, "P_AT_K_negative": 0.0}], "P530": [{"MRR": 0.05350146020651979, "MRR_negative": 0.0, "MRR_positive": 0.0, "P_AT_1": 0.014056224899598393, "P_AT_10": 0.14859437751004015, "P_AT_K": 0.6857429718875502, "P_AT_K_positive": 0.0, "P_AT_K_negative": 0.0}], "P176": [{"MRR": 0.02554166933463737, "MRR_negative": 0.0, "MRR_positive": 0.0, "P_AT_1": 0.01644398766700925, "P_AT_10": 0.065775950668037, "P_AT_K": 0.26104830421377184, "P_AT_K_positive": 0.0, "P_AT_K_negative": 0.0}], "P27": [{"MRR": 0.0008728458746510214, "MRR_negative": 0.0, "MRR_positive": 0.0, "P_AT_1": 0.0, "P_AT_10": 0.0, "P_AT_K": 0.009316770186335404, "P_AT_K_positive": 0.0, "P_AT_K_negative": 0.0}], "P407": [{"MRR": 0.029223759167560363, "MRR_negative": 0.0, "MRR_positive": 0.0, "P_AT_1": 0.0034207525655644243, "P_AT_10": 0.055872291904218926, "P_AT_K": 0.4526795895096921, "P_AT_K_positive": 0.0, "P_AT_K_negative": 0.0}], "P30": [{"MRR": 0.015302574837501456, "MRR_negative": 0.0, "MRR_positive": 0.0, "P_AT_1": 0.0, "P_AT_10": 0.02564102564102564, "P_AT_K": 0.26564102564102565, "P_AT_K_positive": 0.0, "P_AT_K_negative": 0.0}], "P178": [{"MRR": 0.10947837882729534, "MRR_negative": 0.0, "MRR_positive": 0.0, "P_AT_1": 0.272419627749577, "P_AT_10": 0.4856175972927242, "P_AT_K": 0.6345177664974619, "P_AT_K_positive": 0.0, "P_AT_K_negative": 0.0}], "P1376": [{"MRR": 0.04201521316192318, "MRR_negative": 0.0, "MRR_positive": 0.0, "P_AT_1": 0.012875536480686695, "P_AT_10": 0.12017167381974249, "P_AT_K": 0.39914163090128757, "P_AT_K_positive": 0.0, "P_AT_K_negative": 0.0}], "P131": [{"MRR": 0.0525560806445321, "MRR_negative": 0.0, "MRR_positive": 0.0, "P_AT_1": 0.019296254256526674, "P_AT_10": 0.14982973893303064, "P_AT_K": 0.4948921679909194, "P_AT_K_positive": 0.0, "P_AT_K_negative": 0.0}], "P1412": [{"MRR": 0.06330261033016274, "MRR_negative": 0.0, "MRR_positive": 0.0, "P_AT_1": 0.0412796697626419, "P_AT_10": 0.1826625386996904, "P_AT_K": 0.34881320949432404, "P_AT_K_positive": 0.0, "P_AT_K_negative": 0.0}], "P108": [{"MRR": 0.013383547106432074, "MRR_negative": 0.0, "MRR_positive": 0.0, "P_AT_1": 0.0, "P_AT_10": 0.013054830287206266, "P_AT_K": 0.13315926892950392, "P_AT_K_positive": 0.0, "P_AT_K_negative": 0.0}], "P136": [{"MRR": 0.03606948399477348, "MRR_negative": 0.0, "MRR_positive": 0.0, "P_AT_1": 0.0, "P_AT_10": 0.0966702470461869, "P_AT_K": 0.5929108485499462, "P_AT_K_positive": 0.0, "P_AT_K_negative": 0.0}], "P17": [{"MRR": 0.12646400626374274, "MRR_negative": 0.0, "MRR_positive": 0.0, "P_AT_1": 0.046236559139784944, "P_AT_10": 0.3204301075268817, "P_AT_K": 0.7204301075268817, "P_AT_K_positive": 0.0, "P_AT_K_negative": 0.0}], "P39": [{"MRR": 0.028313172111212207, "MRR_negative": 0.0, "MRR_positive": 0.0, "P_AT_1": 0.006726457399103139, "P_AT_10": 0.07286995515695067, "P_AT_K": 0.3811659192825112, "P_AT_K_positive": 0.0, "P_AT_K_negative": 0.0}], "P264": [{"MRR": 0.01372837832410125, "MRR_negative": 0.0, "MRR_positive": 0.0, "P_AT_1": 0.0, "P_AT_10": 0.023310023310023312, "P_AT_K": 0.18181818181818182, "P_AT_K_positive": 0.0, "P_AT_K_negative": 0.0}], "P276": [{"MRR": 0.03607075043546161, "MRR_negative": 0.0, "MRR_positive": 0.0, "P_AT_1": 0.008350730688935281, "P_AT_10": 0.08037578288100208, "P_AT_K": 0.3653444676409186, "P_AT_K_positive": 0.0, "P_AT_K_negative": 0.0}], "P937": [{"MRR": 0.04140316330436246, "MRR_negative": 0.0, "MRR_positive": 0.0, "P_AT_1": 0.01781970649895178, "P_AT_10": 0.09433962264150944, "P_AT_K": 0.3113207547169811, "P_AT_K_positive": 0.0, "P_AT_K_negative": 0.0}], "P140": [{"MRR": 0.00067476245180251, "MRR_negative": 0.0, "MRR_positive": 0.0, "P_AT_1": 0.0, "P_AT_10": 0.0021141649048625794, "P_AT_K": 0.010570824524312896, "P_AT_K_positive": 0.0, "P_AT_K_negative": 0.0}], "P1303": [{"MRR": 0.05704427210029725, "MRR_negative": 0.0, "MRR_positive": 0.0, "P_AT_1": 0.011591148577449948, "P_AT_10": 0.15806111696522657, "P_AT_K": 0.36880927291886195, "P_AT_K_positive": 0.0, "P_AT_K_negative": 0.0}], "P127": [{"MRR": 0.04256112407653947, "MRR_negative": 0.0, "MRR_positive": 0.0, "P_AT_1": 0.013100436681222707, "P_AT_10": 0.11790393013100436, "P_AT_K": 0.4264919941775837, "P_AT_K_positive": 0.0,