{"Google_RE": {"means": ["Mean P@1,10,k: 0.06012490759518812, 0.2488143933249146, 0.6481254270581017"], "place_of_birth": [{"MRR": 0.11853892625378261, "MRR_negative": 0.0, "MRR_positive": 0.11853892625378261, "P_AT_1": 0.11542390194075587, "P_AT_10": 0.36704119850187267, "P_AT_K": 0.6802860061287027, "P_AT_K_positive": 0.6802860061287027, "P_AT_K_negative": 0.0}], "date_of_birth": [{"MRR": 0.0671771036676153, "MRR_negative": 0.0, "MRR_positive": 0.0671771036676153, "P_AT_1": 0.015342465753424657, "P_AT_10": 0.15616438356164383, "P_AT_K": 0.8136986301369863, "P_AT_K_positive": 0.8136986301369863, "P_AT_K_negative": 0.0}], "place_of_death": [{"MRR": 0.07318745316038348, "MRR_negative": 0.0, "MRR_positive": 0.07318745316038348, "P_AT_1": 0.04960835509138381, "P_AT_10": 0.22323759791122716, "P_AT_K": 0.45039164490861616, "P_AT_K_positive": 0.45039164490861616, "P_AT_K_negative": 0.0}]}, "TREx": {"means": ["Mean P@1,10,k: 0.2321778628479835, 0.5074809075716141, 0.7697803631341833"], "P19": [{"MRR": 0.12900296122519048, "MRR_negative": 0.0, "MRR_positive": 0.0, "P_AT_1": 0.1652542372881356, "P_AT_10": 0.4332627118644068, "P_AT_K": 0.725635593220339, "P_AT_K_positive": 0.0, "P_AT_K_negative": 0.0}], "P20": [{"MRR": 0.14536587181584312, "MRR_negative": 0.0, "MRR_positive": 0.0, "P_AT_1": 0.1458551941238195, "P_AT_10": 0.4910807974816369, "P_AT_K": 0.7292759706190975, "P_AT_K_positive": 0.0, "P_AT_K_negative": 0.0}], "P279": [{"MRR": 0.22295840475852785, "MRR_negative": 0.0, "MRR_positive": 0.0, "P_AT_1": 0.3008298755186722, "P_AT_10": 0.6535269709543569, "P_AT_K": 0.7614107883817427, "P_AT_K_positive": 0.0, "P_AT_K_negative": 0.0}], "P37": [{"MRR": 0.23943631045003175, "MRR_negative": 0.0, "MRR_positive": 0.0, "P_AT_1": 0.43788819875776397, "P_AT_10": 0.839544513457557, "P_AT_K": 0.9772256728778468, "P_AT_K_positive": 0.0, "P_AT_K_negative": 0.0}], "P413": [{"MRR": 0.05230706318654704, "MRR_negative": 0.0, "MRR_positive": 0.0, "P_AT_1": 0.0, "P_AT_10": 0.12710084033613445, "P_AT_K": 0.7605042016806722, "P_AT_K_positive": 0.0, "P_AT_K_negative": 0.0}], "P449": [{"MRR": 0.41810032011273374, "MRR_negative": 0.0, "MRR_positive": 0.0, "P_AT_1": 0.05113636363636364, "P_AT_10": 0.7818181818181819, "P_AT_K": 0.8852272727272728, "P_AT_K_positive": 0.0, "P_AT_K_negative": 0.0}], "P47": [{"MRR": 0.15637032187758446, "MRR_negative": 0.0, "MRR_positive": 0.0, "P_AT_1": 0.08260869565217391, "P_AT_10": 0.42391304347826086, "P_AT_K": 0.7510869565217392, "P_AT_K_positive": 0.0, "P_AT_K_negative": 0.0}], "P138": [{"MRR": 0.1639350480926428, "MRR_negative": 0.0, "MRR_positive": 0.0, "P_AT_1": 0.001557632398753894, "P_AT_10": 0.4174454828660436, "P_AT_K": 0.6806853582554517, "P_AT_K_positive": 0.0, "P_AT_K_negative": 0.0}], "P364": [{"MRR": 0.16914476153109007, "MRR_negative": 0.0, "MRR_positive": 0.0, "P_AT_1": 0.38901869158878505, "P_AT_10": 0.7102803738317757, "P_AT_K": 0.9252336448598131, "P_AT_K_positive": 0.0, "P_AT_K_negative": 0.0}], "P463": [{"MRR": 0.15587757130310748, "MRR_negative": 0.0, "MRR_positive": 0.0, "P_AT_1": 0.5555555555555556, "P_AT_10": 0.76, "P_AT_K": 0.7733333333333333, "P_AT_K_positive": 0.0, "P_AT_K_negative": 0.0}], "P101": [{"MRR": 0.11017321318379282, "MRR_negative": 0.0, "MRR_positive": 0.0, "P_AT_1": 0.06896551724137931, "P_AT_10": 0.31896551724137934, "P_AT_K": 0.6594827586206896, "P_AT_K_positive": 0.0, "P_AT_K_negative": 0.0}], "P106": [{"MRR": 0.07848219685913284, "MRR_negative": 0.0, "MRR_positive": 0.0, "P_AT_1": 0.015657620041753653, "P_AT_10": 0.2160751565762004, "P_AT_K": 0.7129436325678496, "P_AT_K_positive": 0.0, "P_AT_K_negative": 0.0}], "P527": [{"MRR": 0.08790139270125649, "MRR_negative": 0.0, "MRR_positive": 0.0, "P_AT_1": 0.040983606557377046, "P_AT_10": 0.22336065573770492, "P_AT_K": 0.5655737704918032, "P_AT_K_positive": 0.0, "P_AT_K_negative": 0.0}], "P530": [{"MRR": 0.09855521143118103, "MRR_negative": 0.0, "MRR_positive": 0.0, "P_AT_1": 0.029116465863453816, "P_AT_10": 0.26305220883534136, "P_AT_K": 0.891566265060241, "P_AT_K_positive": 0.0, "P_AT_K_negative": 0.0}], "P176": [{"MRR": 0.14427780192499998, "MRR_negative": 0.0, "MRR_positive": 0.0, "P_AT_1": 0.5775950668036999, "P_AT_10": 0.8098663926002055, "P_AT_K": 0.8766700924974307, "P_AT_K_positive": 0.0, "P_AT_K_negative": 0.0}], "P27": [{"MRR": 0.019775139903760768, "MRR_negative": 0.0, "MRR_positive": 0.0, "P_AT_1": 0.0, "P_AT_10": 0.041407867494824016, "P_AT_K": 0.391304347826087, "P_AT_K_positive": 0.0, "P_AT_K_negative": 0.0}], "P407": [{"MRR": 0.21088873910969588, "MRR_negative": 0.0, "MRR_positive": 0.0, "P_AT_1": 0.47434435575826683, "P_AT_10": 0.8483466362599772, "P_AT_K": 0.9771949828962372, "P_AT_K_positive": 0.0, "P_AT_K_negative": 0.0}], "P30": [{"MRR": 0.15603301531893812, "MRR_negative": 0.0, "MRR_positive": 0.0, "P_AT_1": 0.3343589743589744, "P_AT_10": 0.6574358974358975, "P_AT_K": 0.9148717948717948, "P_AT_K_positive": 0.0, "P_AT_K_negative": 0.0}], "P178": [{"MRR": 0.169549000091308, "MRR_negative": 0.0, "MRR_positive": 0.0, "P_AT_1": 0.5279187817258884, "P_AT_10": 0.8121827411167513, "P_AT_K": 0.9560067681895094, "P_AT_K_positive": 0.0, "P_AT_K_negative": 0.0}], "P1376": [{"MRR": 0.12332842582181677, "MRR_negative": 0.0, "MRR_positive": 0.0, "P_AT_1": 0.6008583690987125, "P_AT_10": 0.8154506437768241, "P_AT_K": 0.8927038626609443, "P_AT_K_positive": 0.0, "P_AT_K_negative": 0.0}], "P131": [{"MRR": 0.1451788269998919, "MRR_negative": 0.0, "MRR_positive": 0.0, "P_AT_1": 0.19182746878547105, "P_AT_10": 0.492622020431328, "P_AT_K": 0.7775255391600454, "P_AT_K_positive": 0.0, "P_AT_K_negative": 0.0}], "P1412": [{"MRR": 0.23933155139900986, "MRR_negative": 0.0, "MRR_positive": 0.0, "P_AT_1": 0.43550051599587203, "P_AT_10": 0.8348813209494325, "P_AT_K": 0.9514963880288958, "P_AT_K_positive": 0.0, "P_AT_K_negative": 0.0}], "P108": [{"MRR": 0.08970641578054647, "MRR_negative": 0.0, "MRR_positive": 0.0, "P_AT_1": 0.02349869451697128, "P_AT_10": 0.2245430809399478, "P_AT_K": 0.7023498694516971, "P_AT_K_positive": 0.0, "P_AT_K_negative": 0.0}], "P136": [{"MRR": 0.05626234117791798, "MRR_negative": 0.0, "MRR_positive": 0.0, "P_AT_1": 0.0021482277121374865, "P_AT_10": 0.17508055853920515, "P_AT_K": 0.6272824919441461, "P_AT_K_positive": 0.0, "P_AT_K_negative": 0.0}], "P17": [{"MRR": 0.21520301071828796, "MRR_negative": 0.0, "MRR_positive": 0.0, "P_AT_1": 0.2537634408602151, "P_AT_10": 0.6483870967741936, "P_AT_K": 0.9010752688172043, "P_AT_K_positive": 0.0, "P_AT_K_negative": 0.0}], "P39": [{"MRR": 0.12435459238630944, "MRR_negative": 0.0, "MRR_positive": 0.0, "P_AT_1": 0.06390134529147982, "P_AT_10": 0.37331838565022424, "P_AT_K": 0.8621076233183856, "P_AT_K_positive": 0.0, "P_AT_K_negative": 0.0}], "P264": [{"MRR": 0.03614928272877457, "MRR_negative": 0.0, "MRR_positive": 0.0, "P_AT_1": 0.18181818181818182, "P_AT_10": 0.22843822843822845, "P_AT_K": 0.4358974358974359, "P_AT_K_positive": 0.0, "P_AT_K_negative": 0.0}], "P276": [{"MRR": 0.12586757508684307, "MRR_negative": 0.0, "MRR_positive": 0.0, "P_AT_1": 0.36012526096033404, "P_AT_10": 0.5772442588726514, "P_AT_K": 0.7839248434237995, "P_AT_K_positive": 0.0, "P_AT_K_negative": 0.0}], "P937": [{"MRR": 0.18552275969600435, "MRR_negative": 0.0, "MRR_positive": 0.0, "P_AT_1": 0.2138364779874214, "P_AT_10": 0.5670859538784067, "P_AT_K": 0.8270440251572327, "P_AT_K_positive": 0.0, "P_AT_K_negative": 0.0}], "P140": [{"MRR": 0.07714295052434879, "MRR_negative": 0.0, "MRR_positive": 0.0, "P_AT_1": 0.0, "P_AT_10": 0.2727272727272727, "P_AT_K": 0.7949260042283298, "P_AT_K_positive": 0.0, "P_AT_K_negative": 0.0}], "P1303": [{"MRR": 0.1390379684848976, "MRR_negative": 0.0, "MRR_positive": 0.0, "P_AT_1": 0.0505795574288725, "P_AT_10": 0.3761854583772392, "P_AT_K": 0.7449947312961012, "P_AT_K_positive": 0.0, "P_AT_K_negative": 0.0}], "P127": [{"MRR": 0.14741120248150852, "MRR_negative": 0.0, "MRR_positive": 0.0, "P_AT_1": 0.2561863173216885, "P_AT_10": 0.512372634643377, "P_AT_K": 0.6928675400291121, "P_AT_K_positive": 0.0,