{"Google_RE": {"means": ["Mean P@1,10,k: 0.035601847215771455, 0.20642065643821428, 0.5862763525245467"], "place_of_birth": [{"MRR": 0.124722153754751, "MRR_negative": 0.0, "MRR_positive": 0.124722153754751, "P_AT_1": 0.08375893769152196, "P_AT_10": 0.33435478379298605, "P_AT_K": 0.6438542730677562, "P_AT_K_positive": 0.6438542730677562, "P_AT_K_negative": 0.0}], "date_of_birth": [{"MRR": 0.0635225851065222, "MRR_negative": 0.0, "MRR_positive": 0.0635225851065222, "P_AT_1": 0.012602739726027398, "P_AT_10": 0.16219178082191782, "P_AT_K": 0.8186301369863014, "P_AT_K_positive": 0.8186301369863014, "P_AT_K_negative": 0.0}], "place_of_death": [{"MRR": 0.041738499441728305, "MRR_negative": 0.0, "MRR_positive": 0.041738499441728305, "P_AT_1": 0.010443864229765013, "P_AT_10": 0.1227154046997389, "P_AT_K": 0.2963446475195822, "P_AT_K_positive": 0.2963446475195822, "P_AT_K_negative": 0.0}]}, "TREx": {"means": ["Mean P@1,10,k: 0.2330121606532219, 0.48902925330804276, 0.7484776366226884"], "P19": [{"MRR": 0.12583523321633416, "MRR_negative": 0.0, "MRR_positive": 0.0, "P_AT_1": 0.11970338983050847, "P_AT_10": 0.3845338983050847, "P_AT_K": 0.6822033898305084, "P_AT_K_positive": 0.0, "P_AT_K_negative": 0.0}], "P20": [{"MRR": 0.10698402732212292, "MRR_negative": 0.0, "MRR_positive": 0.0, "P_AT_1": 0.05141657922350472, "P_AT_10": 0.3001049317943337, "P_AT_K": 0.5645330535152151, "P_AT_K_positive": 0.0, "P_AT_K_negative": 0.0}], "P279": [{"MRR": 0.21757586333490372, "MRR_negative": 0.0, "MRR_positive": 0.0, "P_AT_1": 0.23962655601659752, "P_AT_10": 0.6109958506224067, "P_AT_K": 0.7427385892116183, "P_AT_K_positive": 0.0, "P_AT_K_negative": 0.0}], "P37": [{"MRR": 0.23421961208016376, "MRR_negative": 0.0, "MRR_positive": 0.0, "P_AT_1": 0.40890269151138714, "P_AT_10": 0.8053830227743272, "P_AT_K": 0.9606625258799172, "P_AT_K_positive": 0.0, "P_AT_K_negative": 0.0}], "P413": [{"MRR": 0.03555075137664285, "MRR_negative": 0.0, "MRR_positive": 0.0, "P_AT_1": 0.0021008403361344537, "P_AT_10": 0.0703781512605042, "P_AT_K": 0.6953781512605042, "P_AT_K_positive": 0.0, "P_AT_K_negative": 0.0}], "P449": [{"MRR": 0.274272291548642, "MRR_negative": 0.0, "MRR_positive": 0.0, "P_AT_1": 0.3, "P_AT_10": 0.8090909090909091, "P_AT_K": 0.8806818181818182, "P_AT_K_positive": 0.0, "P_AT_K_negative": 0.0}], "P47": [{"MRR": 0.1568605784593726, "MRR_negative": 0.0, "MRR_positive": 0.0, "P_AT_1": 0.09239130434782608, "P_AT_10": 0.45108695652173914, "P_AT_K": 0.7380434782608696, "P_AT_K_positive": 0.0, "P_AT_K_negative": 0.0}], "P138": [{"MRR": 0.25486688048770806, "MRR_negative": 0.0, "MRR_positive": 0.0, "P_AT_1": 0.010903426791277258, "P_AT_10": 0.5389408099688473, "P_AT_K": 0.7227414330218068, "P_AT_K_positive": 0.0, "P_AT_K_negative": 0.0}], "P364": [{"MRR": 0.15460418927966035, "MRR_negative": 0.0, "MRR_positive": 0.0, "P_AT_1": 0.3796728971962617, "P_AT_10": 0.6927570093457944, "P_AT_K": 0.9135514018691588, "P_AT_K_positive": 0.0, "P_AT_K_negative": 0.0}], "P463": [{"MRR": 0.08457791101911914, "MRR_negative": 0.0, "MRR_positive": 0.0, "P_AT_1": 0.6444444444444445, "P_AT_10": 0.7644444444444445, "P_AT_K": 0.7955555555555556, "P_AT_K_positive": 0.0, "P_AT_K_negative": 0.0}], "P101": [{"MRR": 0.10001215152524363, "MRR_negative": 0.0, "MRR_positive": 0.0, "P_AT_1": 0.06609195402298851, "P_AT_10": 0.27586206896551724, "P_AT_K": 0.6637931034482759, "P_AT_K_positive": 0.0, "P_AT_K_negative": 0.0}], "P106": [{"MRR": 0.04990261540043252, "MRR_negative": 0.0, "MRR_positive": 0.0, "P_AT_1": 0.013569937369519834, "P_AT_10": 0.12734864300626306, "P_AT_K": 0.7974947807933194, "P_AT_K_positive": 0.0, "P_AT_K_negative": 0.0}], "P527": [{"MRR": 0.06984494167655719, "MRR_negative": 0.0, "MRR_positive": 0.0, "P_AT_1": 0.05327868852459016, "P_AT_10": 0.2223360655737705, "P_AT_K": 0.6045081967213115, "P_AT_K_positive": 0.0, "P_AT_K_negative": 0.0}], "P530": [{"MRR": 0.10377687032904807, "MRR_negative": 0.0, "MRR_positive": 0.0, "P_AT_1": 0.02610441767068273, "P_AT_10": 0.28815261044176704, "P_AT_K": 0.8654618473895582, "P_AT_K_positive": 0.0, "P_AT_K_negative": 0.0}], "P176": [{"MRR": 0.06313816250807366, "MRR_negative": 0.0, "MRR_positive": 0.0, "P_AT_1": 0.7040082219938335, "P_AT_10": 0.8211716341212744, "P_AT_K": 0.8890030832476875, "P_AT_K_positive": 0.0, "P_AT_K_negative": 0.0}], "P27": [{"MRR": 0.011602912134777136, "MRR_negative": 0.0, "MRR_positive": 0.0, "P_AT_1": 0.0, "P_AT_10": 0.010351966873706004, "P_AT_K": 0.3084886128364389, "P_AT_K_positive": 0.0, "P_AT_K_negative": 0.0}], "P407": [{"MRR": 0.17116773988167286, "MRR_negative": 0.0, "MRR_positive": 0.0, "P_AT_1": 0.5336374002280502, "P_AT_10": 0.82212086659065, "P_AT_K": 0.9475484606613455, "P_AT_K_positive": 0.0, "P_AT_K_negative": 0.0}], "P30": [{"MRR": 0.1891043752905179, "MRR_negative": 0.0, "MRR_positive": 0.0, "P_AT_1": 0.31384615384615383, "P_AT_10": 0.6943589743589743, "P_AT_K": 0.9528205128205128, "P_AT_K_positive": 0.0, "P_AT_K_negative": 0.0}], "P178": [{"MRR": 0.1787429449752121, "MRR_negative": 0.0, "MRR_positive": 0.0, "P_AT_1": 0.5279187817258884, "P_AT_10": 0.8426395939086294, "P_AT_K": 0.9576988155668359, "P_AT_K_positive": 0.0, "P_AT_K_negative": 0.0}], "P1376": [{"MRR": 0.16301741103925946, "MRR_negative": 0.0, "MRR_positive": 0.0, "P_AT_1": 0.5665236051502146, "P_AT_10": 0.8025751072961373, "P_AT_K": 0.9012875536480687, "P_AT_K_positive": 0.0, "P_AT_K_negative": 0.0}], "P131": [{"MRR": 0.16726675877488648, "MRR_negative": 0.0, "MRR_positive": 0.0, "P_AT_1": 0.1963677639046538, "P_AT_10": 0.5175936435868331, "P_AT_K": 0.8149829738933031, "P_AT_K_positive": 0.0, "P_AT_K_negative": 0.0}], "P1412": [{"MRR": 0.23216712436490164, "MRR_negative": 0.0, "MRR_positive": 0.0, "P_AT_1": 0.29411764705882354, "P_AT_10": 0.7296181630546955, "P_AT_K": 0.8823529411764706, "P_AT_K_positive": 0.0, "P_AT_K_negative": 0.0}], "P108": [{"MRR": 0.13065708310743315, "MRR_negative": 0.0, "MRR_positive": 0.0, "P_AT_1": 0.02610966057441253, "P_AT_10": 0.30548302872062666, "P_AT_K": 0.7127937336814621, "P_AT_K_positive": 0.0, "P_AT_K_negative": 0.0}], "P136": [{"MRR": 0.04534994560536253, "MRR_negative": 0.0, "MRR_positive": 0.0, "P_AT_1": 0.00644468313641246, "P_AT_10": 0.11493018259935553, "P_AT_K": 0.6487647690655209, "P_AT_K_positive": 0.0, "P_AT_K_negative": 0.0}], "P17": [{"MRR": 0.2112835281286583, "MRR_negative": 0.0, "MRR_positive": 0.0, "P_AT_1": 0.2913978494623656, "P_AT_10": 0.6666666666666666, "P_AT_K": 0.8763440860215054, "P_AT_K_positive": 0.0, "P_AT_K_negative": 0.0}], "P39": [{"MRR": 0.17136067407567807, "MRR_negative": 0.0, "MRR_positive": 0.0, "P_AT_1": 0.10650224215246637, "P_AT_10": 0.4798206278026906, "P_AT_K": 0.8878923766816144, "P_AT_K_positive": 0.0, "P_AT_K_negative": 0.0}], "P264": [{"MRR": 0.0328887060887907, "MRR_negative": 0.0, "MRR_positive": 0.0, "P_AT_1": 0.1958041958041958, "P_AT_10": 0.2517482517482518, "P_AT_K": 0.5501165501165501, "P_AT_K_positive": 0.0, "P_AT_K_negative": 0.0}], "P276": [{"MRR": 0.17420662453010502, "MRR_negative": 0.0, "MRR_positive": 0.0, "P_AT_1": 0.2776617954070981, "P_AT_10": 0.5448851774530271, "P_AT_K": 0.7306889352818372, "P_AT_K_positive": 0.0, "P_AT_K_negative": 0.0}], "P937": [{"MRR": 0.15565933708531704, "MRR_negative": 0.0, "MRR_positive": 0.0, "P_AT_1": 0.18972746331236898, "P_AT_10": 0.5031446540880503, "P_AT_K": 0.7631027253668763, "P_AT_K_positive": 0.0, "P_AT_K_negative": 0.0}], "P140": [{"MRR": 0.06674718489994733, "MRR_negative": 0.0, "MRR_positive": 0.0, "P_AT_1": 0.0, "P_AT_10": 0.26215644820295986, "P_AT_K": 0.7822410147991543, "P_AT_K_positive": 0.0, "P_AT_K_negative": 0.0}], "P1303": [{"MRR": 0.13277239140077368, "MRR_negative": 0.0, "MRR_positive": 0.0, "P_AT_1": 0.051633298208640675, "P_AT_10": 0.3129610115911486, "P_AT_K": 0.667017913593256, "P_AT_K_positive": 0.0, "P_AT_K_negative": 0.0}], "P127": [{"MRR": 0.11334204637309278, "MRR_negative": 0.0, "MRR_positive": 0.0, "P_AT_1": 0.3304221251819505, "P_AT_10": 0.5080058224163028, "P_AT_K": 0.6695778748180495,