{"Google_RE": {"means": ["Mean P@1,10,k: 0.028601994500037017, 0.1501061638122125, 0.5406223763074706"], "place_of_birth": [{"MRR": 0.07070741474996693, "MRR_negative": 0.0, "MRR_positive": 0.07070741474996693, "P_AT_1": 0.05686074225400068, "P_AT_10": 0.19782090568607422, "P_AT_K": 0.529792305073204, "P_AT_K_positive": 0.529792305073204, "P_AT_K_negative": 0.0}], "date_of_birth": [{"MRR": 0.057836189229738384, "MRR_negative": 0.0, "MRR_positive": 0.057836189229738384, "P_AT_1": 0.01589041095890411, "P_AT_10": 0.1336986301369863, "P_AT_K": 0.7813698630136986, "P_AT_K_positive": 0.7813698630136986, "P_AT_K_negative": 0.0}], "place_of_death": [{"MRR": 0.049503450423906706, "MRR_negative": 0.0, "MRR_positive": 0.049503450423906706, "P_AT_1": 0.013054830287206266, "P_AT_10": 0.11879895561357702, "P_AT_K": 0.31070496083550914, "P_AT_K_positive": 0.31070496083550914, "P_AT_K_negative": 0.0}]}, "TREx": {"means": ["Mean P@1,10,k: 0.07138417034889702, 0.25581045280991677, 0.5721396775229131"], "P19": [{"MRR": 0.0892945610430368, "MRR_negative": 0.0, "MRR_positive": 0.0, "P_AT_1": 0.057203389830508475, "P_AT_10": 0.2478813559322034, "P_AT_K": 0.5677966101694916, "P_AT_K_positive": 0.0, "P_AT_K_negative": 0.0}], "P20": [{"MRR": 0.08894028859897891, "MRR_negative": 0.0, "MRR_positive": 0.0, "P_AT_1": 0.055613850996852045, "P_AT_10": 0.24239244491080797, "P_AT_K": 0.5036726128016789, "P_AT_K_positive": 0.0, "P_AT_K_negative": 0.0}], "P279": [{"MRR": 0.09873251710550715, "MRR_negative": 0.0, "MRR_positive": 0.0, "P_AT_1": 0.06431535269709543, "P_AT_10": 0.2603734439834025, "P_AT_K": 0.47614107883817425, "P_AT_K_positive": 0.0, "P_AT_K_negative": 0.0}], "P37": [{"MRR": 0.16390368930541946, "MRR_negative": 0.0, "MRR_positive": 0.0, "P_AT_1": 0.17080745341614906, "P_AT_10": 0.4968944099378882, "P_AT_K": 0.9109730848861284, "P_AT_K_positive": 0.0, "P_AT_K_negative": 0.0}], "P413": [{"MRR": 0.030014450139193075, "MRR_negative": 0.0, "MRR_positive": 0.0, "P_AT_1": 0.0031512605042016808, "P_AT_10": 0.06407563025210083, "P_AT_K": 0.5178571428571429, "P_AT_K_positive": 0.0, "P_AT_K_negative": 0.0}], "P449": [{"MRR": 0.2311758794932714, "MRR_negative": 0.0, "MRR_positive": 0.0, "P_AT_1": 0.2818181818181818, "P_AT_10": 0.7840909090909091, "P_AT_K": 0.946590909090909, "P_AT_K_positive": 0.0, "P_AT_K_negative": 0.0}], "P47": [{"MRR": 0.05176524733271516, "MRR_negative": 0.0, "MRR_positive": 0.0, "P_AT_1": 0.02282608695652174, "P_AT_10": 0.14565217391304347, "P_AT_K": 0.4934782608695652, "P_AT_K_positive": 0.0, "P_AT_K_negative": 0.0}], "P138": [{"MRR": 0.01116052925898543, "MRR_negative": 0.0, "MRR_positive": 0.0, "P_AT_1": 0.001557632398753894, "P_AT_10": 0.028037383177570093, "P_AT_K": 0.08878504672897196, "P_AT_K_positive": 0.0, "P_AT_K_negative": 0.0}], "P364": [{"MRR": 0.1957176425247552, "MRR_negative": 0.0, "MRR_positive": 0.0, "P_AT_1": 0.1133177570093458, "P_AT_10": 0.49649532710280375, "P_AT_K": 0.7920560747663551, "P_AT_K_positive": 0.0, "P_AT_K_negative": 0.0}], "P463": [{"MRR": 0.05521550352707528, "MRR_negative": 0.0, "MRR_positive": 0.0, "P_AT_1": 0.6222222222222222, "P_AT_10": 0.6977777777777778, "P_AT_K": 0.7377777777777778, "P_AT_K_positive": 0.0, "P_AT_K_negative": 0.0}], "P101": [{"MRR": 0.07897713534649016, "MRR_negative": 0.0, "MRR_positive": 0.0, "P_AT_1": 0.041666666666666664, "P_AT_10": 0.25287356321839083, "P_AT_K": 0.6379310344827587, "P_AT_K_positive": 0.0, "P_AT_K_negative": 0.0}], "P106": [{"MRR": 0.04286803813708444, "MRR_negative": 0.0, "MRR_positive": 0.0, "P_AT_1": 0.008350730688935281, "P_AT_10": 0.09707724425887265, "P_AT_K": 0.6002087682672234, "P_AT_K_positive": 0.0, "P_AT_K_negative": 0.0}], "P527": [{"MRR": 0.023751874753221113, "MRR_negative": 0.0, "MRR_positive": 0.0, "P_AT_1": 0.011270491803278689, "P_AT_10": 0.06659836065573771, "P_AT_K": 0.33094262295081966, "P_AT_K_positive": 0.0, "P_AT_K_negative": 0.0}], "P530": [{"MRR": 0.04579430179256913, "MRR_negative": 0.0, "MRR_positive": 0.0, "P_AT_1": 0.006024096385542169, "P_AT_10": 0.09437751004016064, "P_AT_K": 0.7469879518072289, "P_AT_K_positive": 0.0, "P_AT_K_negative": 0.0}], "P176": [{"MRR": 0.0911229880059892, "MRR_negative": 0.0, "MRR_positive": 0.0, "P_AT_1": 0.1510791366906475, "P_AT_10": 0.3227132579650565, "P_AT_K": 0.5220966084275437, "P_AT_K_positive": 0.0, "P_AT_K_negative": 0.0}], "P27": [{"MRR": 0.006456996653492112, "MRR_negative": 0.0, "MRR_positive": 0.0, "P_AT_1": 0.0, "P_AT_10": 0.0010351966873706005, "P_AT_K": 0.17494824016563146, "P_AT_K_positive": 0.0, "P_AT_K_negative": 0.0}], "P407": [{"MRR": 0.21495484323319203, "MRR_negative": 0.0, "MRR_positive": 0.0, "P_AT_1": 0.36259977194982895, "P_AT_10": 0.7354618015963512, "P_AT_K": 0.9338654503990877, "P_AT_K_positive": 0.0, "P_AT_K_negative": 0.0}], "P30": [{"MRR": 0.021593845342246655, "MRR_negative": 0.0, "MRR_positive": 0.0, "P_AT_1": 0.005128205128205128, "P_AT_10": 0.04923076923076923, "P_AT_K": 0.358974358974359, "P_AT_K_positive": 0.0, "P_AT_K_negative": 0.0}], "P178": [{"MRR": 0.14049528905906608, "MRR_negative": 0.0, "MRR_positive": 0.0, "P_AT_1": 0.06091370558375635, "P_AT_10": 0.3401015228426396, "P_AT_K": 0.6057529610829103, "P_AT_K_positive": 0.0, "P_AT_K_negative": 0.0}], "P1376": [{"MRR": 0.1436482609481014, "MRR_negative": 0.0, "MRR_positive": 0.0, "P_AT_1": 0.04291845493562232, "P_AT_10": 0.34763948497854075, "P_AT_K": 0.6523605150214592, "P_AT_K_positive": 0.0, "P_AT_K_negative": 0.0}], "P131": [{"MRR": 0.05255754113056123, "MRR_negative": 0.0, "MRR_positive": 0.0, "P_AT_1": 0.012485811577752554, "P_AT_10": 0.13053348467650397, "P_AT_K": 0.4585698070374574, "P_AT_K_positive": 0.0, "P_AT_K_negative": 0.0}], "P1412": [{"MRR": 0.14628017523782705, "MRR_negative": 0.0, "MRR_positive": 0.0, "P_AT_1": 0.1001031991744066, "P_AT_10": 0.4499484004127967, "P_AT_K": 0.8101135190918473, "P_AT_K_positive": 0.0, "P_AT_K_negative": 0.0}], "P108": [{"MRR": 0.051049197116573394, "MRR_negative": 0.0, "MRR_positive": 0.0, "P_AT_1": 0.015665796344647518, "P_AT_10": 0.10182767624020887, "P_AT_K": 0.5430809399477807, "P_AT_K_positive": 0.0, "P_AT_K_negative": 0.0}], "P136": [{"MRR": 0.040909261076037824, "MRR_negative": 0.0, "MRR_positive": 0.0, "P_AT_1": 0.0021482277121374865, "P_AT_10": 0.12030075187969924, "P_AT_K": 0.5961331901181526, "P_AT_K_positive": 0.0, "P_AT_K_negative": 0.0}], "P17": [{"MRR": 0.06860188984571228, "MRR_negative": 0.0, "MRR_positive": 0.0, "P_AT_1": 0.016129032258064516, "P_AT_10": 0.15698924731182795, "P_AT_K": 0.5365591397849462, "P_AT_K_positive": 0.0, "P_AT_K_negative": 0.0}], "P39": [{"MRR": 0.1236506808129671, "MRR_negative": 0.0, "MRR_positive": 0.0, "P_AT_1": 0.01569506726457399, "P_AT_10": 0.3217488789237668, "P_AT_K": 0.8778026905829597, "P_AT_K_positive": 0.0, "P_AT_K_negative": 0.0}], "P264": [{"MRR": 0.03845767639060273, "MRR_negative": 0.0, "MRR_positive": 0.0, "P_AT_1": 0.0, "P_AT_10": 0.09090909090909091, "P_AT_K": 0.37995337995337997, "P_AT_K_positive": 0.0, "P_AT_K_negative": 0.0}], "P276": [{"MRR": 0.05412297861881267, "MRR_negative": 0.0, "MRR_positive": 0.0, "P_AT_1": 0.022964509394572025, "P_AT_10": 0.1419624217118998, "P_AT_K": 0.4091858037578288, "P_AT_K_positive": 0.0, "P_AT_K_negative": 0.0}], "P937": [{"MRR": 0.08962792025040366, "MRR_negative": 0.0, "MRR_positive": 0.0, "P_AT_1": 0.018867924528301886, "P_AT_10": 0.2358490566037736, "P_AT_K": 0.6132075471698113, "P_AT_K_positive": 0.0, "P_AT_K_negative": 0.0}], "P140": [{"MRR": 0.038813478234565026, "MRR_negative": 0.0, "MRR_positive": 0.0, "P_AT_1": 0.0, "P_AT_10": 0.0613107822410148, "P_AT_K": 0.7906976744186046, "P_AT_K_positive": 0.0, "P_AT_K_negative": 0.0}], "P1303": [{"MRR": 0.1239918973894343, "MRR_negative": 0.0, "MRR_positive": 0.0, "P_AT_1": 0.0273972602739726, "P_AT_10": 0.33719704952581664, "P_AT_K": 0.7070600632244468, "P_AT_K_positive": 0.0, "P_AT_K_negative": 0.0}], "P127": [{"MRR": 0.05484949019775656, "MRR_negative": 0.0, "MRR_positive": 0.0, "P_AT_1": 0.03202328966521106,