{"Google_RE": {"means": ["Mean P@1,10,k: 0.008376106558645919, 0.0753950995310273, 0.4051821686512291"], "place_of_birth": [{"MRR": 0.044591235201236715, "MRR_negative": 0.0, "MRR_positive": 0.044591235201236715, "P_AT_1": 0.013959822948586994, "P_AT_10": 0.11712631937351038, "P_AT_K": 0.39938712972420837, "P_AT_K_positive": 0.39938712972420837, "P_AT_K_negative": 0.0}], "date_of_birth": [{"MRR": 0.04188918538332604, "MRR_negative": 0.0, "MRR_positive": 0.04188918538332604, "P_AT_1": 0.009863013698630137, "P_AT_10": 0.08164383561643836, "P_AT_K": 0.6438356164383562, "P_AT_K_positive": 0.6438356164383562, "P_AT_K_negative": 0.0}], "place_of_death": [{"MRR": 0.009352089616977121, "MRR_negative": 0.0, "MRR_positive": 0.009352089616977121, "P_AT_1": 0.0013054830287206266, "P_AT_10": 0.02741514360313316, "P_AT_K": 0.17232375979112272, "P_AT_K_positive": 0.17232375979112272, "P_AT_K_negative": 0.0}]}, "TREx": {"means": ["Mean P@1,10,k: 0.03809153592735953, 0.1480629710688509, 0.4156251273338166"], "P19": [{"MRR": 0.048546784286446314, "MRR_negative": 0.0, "MRR_positive": 0.0, "P_AT_1": 0.018008474576271187, "P_AT_10": 0.1483050847457627, "P_AT_K": 0.4290254237288136, "P_AT_K_positive": 0.0, "P_AT_K_negative": 0.0}], "P20": [{"MRR": 0.022531773363392352, "MRR_negative": 0.0, "MRR_positive": 0.0, "P_AT_1": 0.0, "P_AT_10": 0.05666316894018888, "P_AT_K": 0.31584470094438616, "P_AT_K_positive": 0.0, "P_AT_K_negative": 0.0}], "P279": [{"MRR": 0.018469078104848363, "MRR_negative": 0.0, "MRR_positive": 0.0, "P_AT_1": 0.0031120331950207467, "P_AT_10": 0.03941908713692946, "P_AT_K": 0.245850622406639, "P_AT_K_positive": 0.0, "P_AT_K_negative": 0.0}], "P37": [{"MRR": 0.0430813009622431, "MRR_negative": 0.0, "MRR_positive": 0.0, "P_AT_1": 0.009316770186335404, "P_AT_10": 0.10662525879917184, "P_AT_K": 0.4078674948240166, "P_AT_K_positive": 0.0, "P_AT_K_negative": 0.0}], "P413": [{"MRR": 0.009993998940763492, "MRR_negative": 0.0, "MRR_positive": 0.0, "P_AT_1": 0.0, "P_AT_10": 0.0, "P_AT_K": 0.3602941176470588, "P_AT_K_positive": 0.0, "P_AT_K_negative": 0.0}], "P449": [{"MRR": 0.1188559472278703, "MRR_negative": 0.0, "MRR_positive": 0.0, "P_AT_1": 0.2806818181818182, "P_AT_10": 0.6284090909090909, "P_AT_K": 0.8170454545454545, "P_AT_K_positive": 0.0, "P_AT_K_negative": 0.0}], "P47": [{"MRR": 0.04284942372993135, "MRR_negative": 0.0, "MRR_positive": 0.0, "P_AT_1": 0.006521739130434782, "P_AT_10": 0.10217391304347827, "P_AT_K": 0.4032608695652174, "P_AT_K_positive": 0.0, "P_AT_K_negative": 0.0}], "P138": [{"MRR": 0.00581592923031949, "MRR_negative": 0.0, "MRR_positive": 0.0, "P_AT_1": 0.001557632398753894, "P_AT_10": 0.012461059190031152, "P_AT_K": 0.06853582554517133, "P_AT_K_positive": 0.0, "P_AT_K_negative": 0.0}], "P364": [{"MRR": 0.019414263447775883, "MRR_negative": 0.0, "MRR_positive": 0.0, "P_AT_1": 0.002336448598130841, "P_AT_10": 0.04322429906542056, "P_AT_K": 0.34813084112149534, "P_AT_K_positive": 0.0, "P_AT_K_negative": 0.0}], "P463": [{"MRR": 0.05867211939030536, "MRR_negative": 0.0, "MRR_positive": 0.0, "P_AT_1": 0.5244444444444445, "P_AT_10": 0.6488888888888888, "P_AT_K": 0.7066666666666667, "P_AT_K_positive": 0.0, "P_AT_K_negative": 0.0}], "P101": [{"MRR": 0.08309416779366494, "MRR_negative": 0.0, "MRR_positive": 0.0, "P_AT_1": 0.022988505747126436, "P_AT_10": 0.23275862068965517, "P_AT_K": 0.5589080459770115, "P_AT_K_positive": 0.0, "P_AT_K_negative": 0.0}], "P106": [{"MRR": 0.038540435738697004, "MRR_negative": 0.0, "MRR_positive": 0.0, "P_AT_1": 0.0041753653444676405, "P_AT_10": 0.08559498956158663, "P_AT_K": 0.48643006263048016, "P_AT_K_positive": 0.0, "P_AT_K_negative": 0.0}], "P527": [{"MRR": 0.017756890461589795, "MRR_negative": 0.0, "MRR_positive": 0.0, "P_AT_1": 0.00819672131147541, "P_AT_10": 0.04815573770491803, "P_AT_K": 0.305327868852459, "P_AT_K_positive": 0.0, "P_AT_K_negative": 0.0}], "P530": [{"MRR": 0.059108655592561406, "MRR_negative": 0.0, "MRR_positive": 0.0, "P_AT_1": 0.009036144578313253, "P_AT_10": 0.1606425702811245, "P_AT_K": 0.7389558232931727, "P_AT_K_positive": 0.0, "P_AT_K_negative": 0.0}], "P176": [{"MRR": 0.030866469550154752, "MRR_negative": 0.0, "MRR_positive": 0.0, "P_AT_1": 0.012332990750256937, "P_AT_10": 0.0986639260020555, "P_AT_K": 0.3186022610483042, "P_AT_K_positive": 0.0, "P_AT_K_negative": 0.0}], "P27": [{"MRR": 0.00032083160692319724, "MRR_negative": 0.0, "MRR_positive": 0.0, "P_AT_1": 0.0, "P_AT_10": 0.0, "P_AT_K": 0.006211180124223602, "P_AT_K_positive": 0.0, "P_AT_K_negative": 0.0}], "P407": [{"MRR": 0.04126396856374658, "MRR_negative": 0.0, "MRR_positive": 0.0, "P_AT_1": 0.00798175598631699, "P_AT_10": 0.10718358038768529, "P_AT_K": 0.44583808437856326, "P_AT_K_positive": 0.0, "P_AT_K_negative": 0.0}], "P30": [{"MRR": 0.02133032238885207, "MRR_negative": 0.0, "MRR_positive": 0.0, "P_AT_1": 0.0, "P_AT_10": 0.024615384615384615, "P_AT_K": 0.3405128205128205, "P_AT_K_positive": 0.0, "P_AT_K_negative": 0.0}], "P178": [{"MRR": 0.12554817502500923, "MRR_negative": 0.0, "MRR_positive": 0.0, "P_AT_1": 0.01015228426395939, "P_AT_10": 0.4077834179357022, "P_AT_K": 0.5803722504230119, "P_AT_K_positive": 0.0, "P_AT_K_negative": 0.0}], "P1376": [{"MRR": 0.03926159060386853, "MRR_negative": 0.0, "MRR_positive": 0.0, "P_AT_1": 0.004291845493562232, "P_AT_10": 0.09871244635193133, "P_AT_K": 0.3776824034334764, "P_AT_K_positive": 0.0, "P_AT_K_negative": 0.0}], "P131": [{"MRR": 0.05483911414847487, "MRR_negative": 0.0, "MRR_positive": 0.0, "P_AT_1": 0.014755959137343927, "P_AT_10": 0.13280363223609534, "P_AT_K": 0.4982973893303065, "P_AT_K_positive": 0.0, "P_AT_K_negative": 0.0}], "P1412": [{"MRR": 0.0781093162013355, "MRR_negative": 0.0, "MRR_positive": 0.0, "P_AT_1": 0.01238390092879257, "P_AT_10": 0.22291021671826625, "P_AT_K": 0.5892672858617131, "P_AT_K_positive": 0.0, "P_AT_K_negative": 0.0}], "P108": [{"MRR": 0.006684023595985316, "MRR_negative": 0.0, "MRR_positive": 0.0, "P_AT_1": 0.0026109660574412533, "P_AT_10": 0.010443864229765013, "P_AT_K": 0.06266318537859007, "P_AT_K_positive": 0.0, "P_AT_K_negative": 0.0}], "P136": [{"MRR": 0.05603238857973817, "MRR_negative": 0.0, "MRR_positive": 0.0, "P_AT_1": 0.0010741138560687433, "P_AT_10": 0.1858216970998926, "P_AT_K": 0.6015037593984962, "P_AT_K_positive": 0.0, "P_AT_K_negative": 0.0}], "P17": [{"MRR": 0.07008708548750882, "MRR_negative": 0.0, "MRR_positive": 0.0, "P_AT_1": 0.008602150537634409, "P_AT_10": 0.1774193548387097, "P_AT_K": 0.632258064516129, "P_AT_K_positive": 0.0, "P_AT_K_negative": 0.0}], "P39": [{"MRR": 0.11830652805887784, "MRR_negative": 0.0, "MRR_positive": 0.0, "P_AT_1": 0.08071748878923767, "P_AT_10": 0.3486547085201794, "P_AT_K": 0.8385650224215246, "P_AT_K_positive": 0.0, "P_AT_K_negative": 0.0}], "P264": [{"MRR": 0.013146438473258724, "MRR_negative": 0.0, "MRR_positive": 0.0, "P_AT_1": 0.1888111888111888, "P_AT_10": 0.2097902097902098, "P_AT_K": 0.21445221445221446, "P_AT_K_positive": 0.0, "P_AT_K_negative": 0.0}], "P276": [{"MRR": 0.04291767541262466, "MRR_negative": 0.0, "MRR_positive": 0.0, "P_AT_1": 0.005219206680584551, "P_AT_10": 0.1022964509394572, "P_AT_K": 0.40292275574112735, "P_AT_K_positive": 0.0, "P_AT_K_negative": 0.0}], "P937": [{"MRR": 0.07364206068227376, "MRR_negative": 0.0, "MRR_positive": 0.0, "P_AT_1": 0.02620545073375262, "P_AT_10": 0.20230607966457023, "P_AT_K": 0.5062893081761006, "P_AT_K_positive": 0.0, "P_AT_K_negative": 0.0}], "P140": [{"MRR": 0.04031766955380052, "MRR_negative": 0.0, "MRR_positive": 0.0, "P_AT_1": 0.004228329809725159, "P_AT_10": 0.12050739957716702, "P_AT_K": 0.6194503171247357, "P_AT_K_positive": 0.0, "P_AT_K_negative": 0.0}], "P1303": [{"MRR": 0.08384824372275568, "MRR_negative": 0.0, "MRR_positive": 0.0, "P_AT_1": 0.06111696522655427, "P_AT_10": 0.24552160168598525, "P_AT_K": 0.46153846153846156, "P_AT_K_positive": 0.0, "P_AT_K_negative": 0.0}], "P127": [{"MRR": 0.04539300927272957, "MRR_negative": 0.0, "MRR_positive": 0.0, "P_AT_1": 0.021834061135371178, "P_AT_10": 0.13682678311499272,