{"Google_RE": {"means": ["Mean P@1,10,k: 0.009189384999759019, 0.07576552130590528, 0.3535784989799074"], "place_of_birth": [{"MRR": 0.05005136612004616, "MRR_negative": 0.0, "MRR_positive": 0.05005136612004616, "P_AT_1": 0.017705141300646918, "P_AT_10": 0.12529792305073204, "P_AT_K": 0.3840653728294178, "P_AT_K_positive": 0.3840653728294178, "P_AT_K_negative": 0.0}], "date_of_birth": [{"MRR": 0.040497426055130424, "MRR_negative": 0.0, "MRR_positive": 0.040497426055130424, "P_AT_1": 0.009863013698630137, "P_AT_10": 0.09808219178082192, "P_AT_K": 0.5813698630136986, "P_AT_K_positive": 0.5813698630136986, "P_AT_K_negative": 0.0}], "place_of_death": [{"MRR": 0.005011289136997094, "MRR_negative": 0.0, "MRR_positive": 0.005011289136997094, "P_AT_1": 0.0, "P_AT_10": 0.0039164490861618795, "P_AT_K": 0.09530026109660575, "P_AT_K_positive": 0.09530026109660575, "P_AT_K_negative": 0.0}]}, "TREx": {"means": ["Mean P@1,10,k: 0.027086126870566187, 0.14136571660659927, 0.37663750563089826"], "P19": [{"MRR": 0.05891435047271523, "MRR_negative": 0.0, "MRR_positive": 0.0, "P_AT_1": 0.011652542372881356, "P_AT_10": 0.13983050847457626, "P_AT_K": 0.3802966101694915, "P_AT_K_positive": 0.0, "P_AT_K_negative": 0.0}], "P20": [{"MRR": 0.012650134706563001, "MRR_negative": 0.0, "MRR_positive": 0.0, "P_AT_1": 0.001049317943336831, "P_AT_10": 0.023084994753410283, "P_AT_K": 0.16789087093389296, "P_AT_K_positive": 0.0, "P_AT_K_negative": 0.0}], "P279": [{"MRR": 0.018712433283668378, "MRR_negative": 0.0, "MRR_positive": 0.0, "P_AT_1": 0.002074688796680498, "P_AT_10": 0.03630705394190872, "P_AT_K": 0.21369294605809128, "P_AT_K_positive": 0.0, "P_AT_K_negative": 0.0}], "P37": [{"MRR": 0.04042264562571653, "MRR_negative": 0.0, "MRR_positive": 0.0, "P_AT_1": 0.005175983436853002, "P_AT_10": 0.10662525879917184, "P_AT_K": 0.2422360248447205, "P_AT_K_positive": 0.0, "P_AT_K_negative": 0.0}], "P413": [{"MRR": 0.0041158652855824976, "MRR_negative": 0.0, "MRR_positive": 0.0, "P_AT_1": 0.0, "P_AT_10": 0.0, "P_AT_K": 0.07983193277310924, "P_AT_K_positive": 0.0, "P_AT_K_negative": 0.0}], "P449": [{"MRR": 0.10091999364089398, "MRR_negative": 0.0, "MRR_positive": 0.0, "P_AT_1": 0.3181818181818182, "P_AT_10": 0.6375, "P_AT_K": 0.7875, "P_AT_K_positive": 0.0, "P_AT_K_negative": 0.0}], "P47": [{"MRR": 0.03321789679113716, "MRR_negative": 0.0, "MRR_positive": 0.0, "P_AT_1": 0.005434782608695652, "P_AT_10": 0.07717391304347826, "P_AT_K": 0.30543478260869567, "P_AT_K_positive": 0.0, "P_AT_K_negative": 0.0}], "P138": [{"MRR": 0.005977918972566186, "MRR_negative": 0.0, "MRR_positive": 0.0, "P_AT_1": 0.001557632398753894, "P_AT_10": 0.009345794392523364, "P_AT_K": 0.06386292834890965, "P_AT_K_positive": 0.0, "P_AT_K_negative": 0.0}], "P364": [{"MRR": 0.03688746694137654, "MRR_negative": 0.0, "MRR_positive": 0.0, "P_AT_1": 0.014018691588785047, "P_AT_10": 0.10046728971962617, "P_AT_K": 0.352803738317757, "P_AT_K_positive": 0.0, "P_AT_K_negative": 0.0}], "P463": [{"MRR": 0.30686974177716064, "MRR_negative": 0.0, "MRR_positive": 0.0, "P_AT_1": 0.13333333333333333, "P_AT_10": 0.6044444444444445, "P_AT_K": 0.7333333333333333, "P_AT_K_positive": 0.0, "P_AT_K_negative": 0.0}], "P101": [{"MRR": 0.07281307540680895, "MRR_negative": 0.0, "MRR_positive": 0.0, "P_AT_1": 0.02586206896551724, "P_AT_10": 0.21551724137931033, "P_AT_K": 0.5775862068965517, "P_AT_K_positive": 0.0, "P_AT_K_negative": 0.0}], "P106": [{"MRR": 0.041359525877104036, "MRR_negative": 0.0, "MRR_positive": 0.0, "P_AT_1": 0.008350730688935281, "P_AT_10": 0.08768267223382047, "P_AT_K": 0.42588726513569936, "P_AT_K_positive": 0.0, "P_AT_K_negative": 0.0}], "P527": [{"MRR": 0.022289761977651944, "MRR_negative": 0.0, "MRR_positive": 0.0, "P_AT_1": 0.0010245901639344263, "P_AT_10": 0.045081967213114756, "P_AT_K": 0.28688524590163933, "P_AT_K_positive": 0.0, "P_AT_K_negative": 0.0}], "P530": [{"MRR": 0.06753423002976426, "MRR_negative": 0.0, "MRR_positive": 0.0, "P_AT_1": 0.009036144578313253, "P_AT_10": 0.1927710843373494, "P_AT_K": 0.679718875502008, "P_AT_K_positive": 0.0, "P_AT_K_negative": 0.0}], "P176": [{"MRR": 0.02979427057419579, "MRR_negative": 0.0, "MRR_positive": 0.0, "P_AT_1": 0.006166495375128468, "P_AT_10": 0.08016443987667009, "P_AT_K": 0.1644398766700925, "P_AT_K_positive": 0.0, "P_AT_K_negative": 0.0}], "P27": [{"MRR": 0.0006626798875918304, "MRR_negative": 0.0, "MRR_positive": 0.0, "P_AT_1": 0.0, "P_AT_10": 0.0, "P_AT_K": 0.015527950310559006, "P_AT_K_positive": 0.0, "P_AT_K_negative": 0.0}], "P407": [{"MRR": 0.09143442655126612, "MRR_negative": 0.0, "MRR_positive": 0.0, "P_AT_1": 0.03420752565564424, "P_AT_10": 0.2314709236031927, "P_AT_K": 0.5131128848346637, "P_AT_K_positive": 0.0, "P_AT_K_negative": 0.0}], "P30": [{"MRR": 0.01512691759927314, "MRR_negative": 0.0, "MRR_positive": 0.0, "P_AT_1": 0.0, "P_AT_10": 0.035897435897435895, "P_AT_K": 0.23076923076923078, "P_AT_K_positive": 0.0, "P_AT_K_negative": 0.0}], "P178": [{"MRR": 0.11278172450447926, "MRR_negative": 0.0, "MRR_positive": 0.0, "P_AT_1": 0.008460236886632826, "P_AT_10": 0.34517766497461927, "P_AT_K": 0.5499153976311336, "P_AT_K_positive": 0.0, "P_AT_K_negative": 0.0}], "P1376": [{"MRR": 0.025693214314015837, "MRR_negative": 0.0, "MRR_positive": 0.0, "P_AT_1": 0.008583690987124463, "P_AT_10": 0.06437768240343347, "P_AT_K": 0.27467811158798283, "P_AT_K_positive": 0.0, "P_AT_K_negative": 0.0}], "P131": [{"MRR": 0.05923690514963397, "MRR_negative": 0.0, "MRR_positive": 0.0, "P_AT_1": 0.01021566401816118, "P_AT_10": 0.14074914869466515, "P_AT_K": 0.5198637911464246, "P_AT_K_positive": 0.0, "P_AT_K_negative": 0.0}], "P1412": [{"MRR": 0.06578447488774394, "MRR_negative": 0.0, "MRR_positive": 0.0, "P_AT_1": 0.022703818369453045, "P_AT_10": 0.17956656346749225, "P_AT_K": 0.6026831785345718, "P_AT_K_positive": 0.0, "P_AT_K_negative": 0.0}], "P108": [{"MRR": 0.00911407352082661, "MRR_negative": 0.0, "MRR_positive": 0.0, "P_AT_1": 0.0, "P_AT_10": 0.018276762402088774, "P_AT_K": 0.1462140992167102, "P_AT_K_positive": 0.0, "P_AT_K_negative": 0.0}], "P136": [{"MRR": 0.0447919649240223, "MRR_negative": 0.0, "MRR_positive": 0.0, "P_AT_1": 0.0010741138560687433, "P_AT_10": 0.1267454350161117, "P_AT_K": 0.5800214822771214, "P_AT_K_positive": 0.0, "P_AT_K_negative": 0.0}], "P17": [{"MRR": 0.05917506482791668, "MRR_negative": 0.0, "MRR_positive": 0.0, "P_AT_1": 0.0064516129032258064, "P_AT_10": 0.14086021505376345, "P_AT_K": 0.6344086021505376, "P_AT_K_positive": 0.0, "P_AT_K_negative": 0.0}], "P39": [{"MRR": 0.12810525764628794, "MRR_negative": 0.0, "MRR_positive": 0.0, "P_AT_1": 0.05829596412556054, "P_AT_10": 0.39125560538116594, "P_AT_K": 0.8778026905829597, "P_AT_K_positive": 0.0, "P_AT_K_negative": 0.0}], "P264": [{"MRR": 0.04454359914006803, "MRR_negative": 0.0, "MRR_positive": 0.0, "P_AT_1": 0.1048951048951049, "P_AT_10": 0.18414918414918416, "P_AT_K": 0.21212121212121213, "P_AT_K_positive": 0.0, "P_AT_K_negative": 0.0}], "P276": [{"MRR": 0.032229134301089285, "MRR_negative": 0.0, "MRR_positive": 0.0, "P_AT_1": 0.007306889352818371, "P_AT_10": 0.07411273486430063, "P_AT_K": 0.32254697286012524, "P_AT_K_positive": 0.0, "P_AT_K_negative": 0.0}], "P937": [{"MRR": 0.051183509669837035, "MRR_negative": 0.0, "MRR_positive": 0.0, "P_AT_1": 0.013626834381551363, "P_AT_10": 0.14779874213836477, "P_AT_K": 0.4350104821802935, "P_AT_K_positive": 0.0, "P_AT_K_negative": 0.0}], "P140": [{"MRR": 0.031929510202741616, "MRR_negative": 0.0, "MRR_positive": 0.0, "P_AT_1": 0.0, "P_AT_10": 0.0613107822410148, "P_AT_K": 0.5750528541226215, "P_AT_K_positive": 0.0, "P_AT_K_negative": 0.0}], "P1303": [{"MRR": 0.10361572676432775, "MRR_negative": 0.0, "MRR_positive": 0.0, "P_AT_1": 0.03582718651211802, "P_AT_10": 0.26765015806111697, "P_AT_K": 0.49736564805057953, "P_AT_K_positive": 0.0, "P_AT_K_negative": 0.0}], "P127": [{"MRR": 0.06656664896984198, "MRR_negative": 0.0, "MRR_positive": 0.0, "P_AT_1": 0.01455604075691412, "P_AT_10": 0.15138282387190685, "P_AT_K": 0.32168850072780203,