{
    "Google_RE": {
        "means": [
            "Mean P@1,10,k: 0.0, 0.0, 0.023758815911956683",
            "Mean P@1,10,k: 0.0, 0.003272523397497728, 0.06828562969994785",
            "Mean P@1,10,k: 0.0, 0.0004539779820678697, 0.09458845913164456",
            "Mean P@1,10,k: 0.0036122965844375726, 0.03270783386713174, 0.2469123755312882",
            "Mean P@1,10,k: 0.013619339462036091, 0.037577525084367965, 0.31565164986204064",
            "Mean P@1,10,k: 0.015115912083743391, 0.061382451367361056, 0.3543160277710829",
            "Mean P@1,10,k: 0.012392044191336174, 0.06472799411694287, 0.3775431881993296",
            "Mean P@1,10,k: 0.018982616896641085, 0.11144536890153968, 0.4846751503101833",
            "Mean P@1,10,k: 0.006478220096178333, 0.09594636282372859, 0.4900960595181226",
            "Mean P@1,10,k: 0.02992361437657941, 0.15463596420344886, 0.5853884504885428",
            "Mean P@1,10,k: 0.06030309789068903, 0.24534020824443678, 0.6656753473941724",
            "Mean P@1,10,k: 0.09247956318676648, 0.29775818433877527, 0.7063446865296363"
        ],
        "place_of_birth": [
            {
                "MRR": 0.0009293027460798418,
                "MRR_negative": 0.0,
                "MRR_positive": 0.0009293027460798418,
                "P_AT_1": 0.0,
                "P_AT_10": 0.0,
                "P_AT_K": 0.033707865168539325,
                "P_AT_K_positive": 0.033707865168539325,
                "P_AT_K_negative": 0.0
            },
            {
                "MRR": 0.00436179128202826,
                "MRR_negative": 0.0,
                "MRR_positive": 0.00436179128202826,
                "P_AT_1": 0.0,
                "P_AT_10": 0.008512087163772558,
                "P_AT_K": 0.10180456247871979,
                "P_AT_K_positive": 0.10180456247871979,
                "P_AT_K_negative": 0.0
            },
            {
                "MRR": 0.005390797019337512,
                "MRR_negative": 0.0,
                "MRR_positive": 0.005390797019337512,
                "P_AT_1": 0.0,
                "P_AT_10": 0.001361933946203609,
                "P_AT_K": 0.13210759278175008,
                "P_AT_K_positive": 0.13210759278175008,
                "P_AT_K_negative": 0.0
            },
            {
                "MRR": 0.0235517413414747,
                "MRR_negative": 0.0,
                "MRR_positive": 0.0235517413414747,
                "P_AT_1": 0.009193054136874362,
                "P_AT_10": 0.052434456928838954,
                "P_AT_K": 0.16990125978890025,
                "P_AT_K_positive": 0.16990125978890025,
                "P_AT_K_negative": 0.0
            },
            {
                "MRR": 0.015297841461345904,
                "MRR_negative": 0.0,
                "MRR_positive": 0.015297841461345904,
                "P_AT_1": 0.04085801838610827,
                "P_AT_10": 0.07252298263534218,
                "P_AT_K": 0.19884235614572693,
                "P_AT_K_positive": 0.19884235614572693,
                "P_AT_K_negative": 0.0
            },
            {
                "MRR": 0.04238465311594255,
                "MRR_negative": 0.0,
                "MRR_positive": 0.04238465311594255,
                "P_AT_1": 0.03438883214164113,
                "P_AT_10": 0.10010214504596528,
                "P_AT_K": 0.2536601974804222,
                "P_AT_K_positive": 0.2536601974804222,
                "P_AT_K_negative": 0.0
            },
            {
                "MRR": 0.046929559002481226,
                "MRR_negative": 0.0,
                "MRR_positive": 0.046929559002481226,
                "P_AT_1": 0.026217228464419477,
                "P_AT_10": 0.10486891385767791,
                "P_AT_K": 0.282260810350698,
                "P_AT_K_positive": 0.282260810350698,
                "P_AT_K_negative": 0.0
            },
            {
                "MRR": 0.04873789007778677,
                "MRR_negative": 0.0,
                "MRR_positive": 0.04873789007778677,
                "P_AT_1": 0.02826012938372489,
                "P_AT_10": 0.11031664964249234,
                "P_AT_K": 0.4051753489955737,
                "P_AT_K_positive": 0.4051753489955737,
                "P_AT_K_negative": 0.0
            },
            {
                "MRR": 0.06377579416452589,
                "MRR_negative": 0.0,
                "MRR_positive": 0.06377579416452589,
                "P_AT_1": 0.005107252298263534,
                "P_AT_10": 0.118488253319714,
                "P_AT_K": 0.4296901600272387,
                "P_AT_K_positive": 0.4296901600272387,
                "P_AT_K_negative": 0.0
            },
            {
                "MRR": 0.06785278906022267,
                "MRR_negative": 0.0,
                "MRR_positive": 0.06785278906022267,
                "P_AT_1": 0.045965270684371805,
                "P_AT_10": 0.209056860742254,
                "P_AT_K": 0.5910793326523663,
                "P_AT_K_positive": 0.5910793326523663,
                "P_AT_K_negative": 0.0
            },
            {
                "MRR": 0.11514889159318524,
                "MRR_negative": 0.0,
                "MRR_positive": 0.11514889159318524,
                "P_AT_1": 0.12665985699693566,
                "P_AT_10": 0.3704460333673817,
                "P_AT_K": 0.7007150153217568,
                "P_AT_K_positive": 0.7007150153217568,
                "P_AT_K_negative": 0.0
            },
            {
                "MRR": 0.12322254459661626,
                "MRR_negative": 0.0,
                "MRR_positive": 0.12322254459661626,
                "P_AT_1": 0.15457950289410963,
                "P_AT_10": 0.4167517875383044,
                "P_AT_K": 0.7473612529792305,
                "P_AT_K_positive": 0.7473612529792305,
                "P_AT_K_negative": 0.0
            }
        ],
        "date_of_birth": [
            {
                "MRR": 0.000345766194552246,
                "MRR_negative": 0.0,
                "MRR_positive": 0.000345766194552246,
                "P_AT_1": 0.0,
                "P_AT_10": 0.0,
                "P_AT_K": 0.004931506849315068,
                "P_AT_K_positive": 0.004931506849315068,
                "P_AT_K_negative": 0.0
            },
            {
                "MRR": 0.00046226527971531954,
                "MRR_negative": 0.0,
                "MRR_positive": 0.00046226527971531954,
                "P_AT_1": 0.0,
                "P_AT_10": 0.0,
                "P_AT_K": 0.0038356164383561643,
                "P_AT_K_positive": 0.0038356164383561643,
                "P_AT_K_negative": 0.0
            },
            {
                "MRR": 0.0032272954163204033,
                "MRR_negative": 0.0,
                "MRR_positive": 0.0032272954163204033,
                "P_AT_1": 0.0,
                "P_AT_10": 0.0,
                "P_AT_K": 0.06027397260273973,
                "P_AT_K_positive": 0.06027397260273973,
                "P_AT_K_negative": 0.0
            },
            {
                "MRR": 0.02898648470766627,
                "MRR_negative": 0.0,
                "MRR_positive": 0.02898648470766627,
                "P_AT_1": 0.0016438356164383563,
                "P_AT_10": 0.04438356164383562,
                "P_AT_K": 0.4794520547945205,
                "P_AT_K_positive": 0.4794520547945205,
                "P_AT_K_negative": 0.0
            },
            {
                "MRR": 0.024791598431076516,
                "MRR_negative": 0.0,
                "MRR_positive": 0.024791598431076516,
                "P_AT_1": 0.0,
                "P_AT_10": 0.03890410958904109,
                "P_AT_K": 0.6515068493150685,
                "P_AT_K_positive": 0.6515068493150685,
                "P_AT_K_negative": 0.0
            },
            {
                "MRR": 0.037804872048989184,
                "MRR_negative": 0.0,
                "MRR_positive": 0.037804872048989184,
                "P_AT_1": 0.010958904109589041,