{"Google_RE": {"means": ["Mean P@1,10,k: 0.008173220585102994, 0.07177968303531378, 0.3335795176253777"], "place_of_birth": [{"MRR": 0.04463506167555348, "MRR_negative": 0.0, "MRR_positive": 0.04463506167555348, "P_AT_1": 0.01191692202928158, "P_AT_10": 0.10929519918283963, "P_AT_K": 0.33129043241402795, "P_AT_K_positive": 0.33129043241402795, "P_AT_K_negative": 0.0}], "date_of_birth": [{"MRR": 0.043912592056458234, "MRR_negative": 0.0, "MRR_positive": 0.043912592056458234, "P_AT_1": 0.012602739726027398, "P_AT_10": 0.10082191780821918, "P_AT_K": 0.6054794520547945, "P_AT_K_positive": 0.6054794520547945, "P_AT_K_negative": 0.0}], "place_of_death": [{"MRR": 0.004087130608796602, "MRR_negative": 0.0, "MRR_positive": 0.004087130608796602, "P_AT_1": 0.0, "P_AT_10": 0.005221932114882507, "P_AT_K": 0.0639686684073107, "P_AT_K_positive": 0.0639686684073107, "P_AT_K_negative": 0.0}]}, "TREx": {"means": ["Mean P@1,10,k: 0.01872848764266443, 0.11063482605738224, 0.3487592843342834"], "P19": [{"MRR": 0.038786428773863096, "MRR_negative": 0.0, "MRR_positive": 0.0, "P_AT_1": 0.015889830508474576, "P_AT_10": 0.11334745762711865, "P_AT_K": 0.3336864406779661, "P_AT_K_positive": 0.0, "P_AT_K_negative": 0.0}], "P20": [{"MRR": 0.005527051103514713, "MRR_negative": 0.0, "MRR_positive": 0.0, "P_AT_1": 0.0, "P_AT_10": 0.01049317943336831, "P_AT_K": 0.09233997901364113, "P_AT_K_positive": 0.0, "P_AT_K_negative": 0.0}], "P279": [{"MRR": 0.03674513670215935, "MRR_negative": 0.0, "MRR_positive": 0.0, "P_AT_1": 0.0031120331950207467, "P_AT_10": 0.0995850622406639, "P_AT_K": 0.27282157676348545, "P_AT_K_positive": 0.0, "P_AT_K_negative": 0.0}], "P37": [{"MRR": 0.015851126366966728, "MRR_negative": 0.0, "MRR_positive": 0.0, "P_AT_1": 0.0, "P_AT_10": 0.040372670807453416, "P_AT_K": 0.20496894409937888, "P_AT_K_positive": 0.0, "P_AT_K_negative": 0.0}], "P413": [{"MRR": 0.0035581183225456177, "MRR_negative": 0.0, "MRR_positive": 0.0, "P_AT_1": 0.0, "P_AT_10": 0.0, "P_AT_K": 0.051470588235294115, "P_AT_K_positive": 0.0, "P_AT_K_negative": 0.0}], "P449": [{"MRR": 0.06824286029308758, "MRR_negative": 0.0, "MRR_positive": 0.0, "P_AT_1": 0.2988636363636364, "P_AT_10": 0.5386363636363637, "P_AT_K": 0.7909090909090909, "P_AT_K_positive": 0.0, "P_AT_K_negative": 0.0}], "P47": [{"MRR": 0.02773784795698336, "MRR_negative": 0.0, "MRR_positive": 0.0, "P_AT_1": 0.002173913043478261, "P_AT_10": 0.06304347826086956, "P_AT_K": 0.29239130434782606, "P_AT_K_positive": 0.0, "P_AT_K_negative": 0.0}], "P138": [{"MRR": 0.005400668332246245, "MRR_negative": 0.0, "MRR_positive": 0.0, "P_AT_1": 0.003115264797507788, "P_AT_10": 0.010903426791277258, "P_AT_K": 0.0763239875389408, "P_AT_K_positive": 0.0, "P_AT_K_negative": 0.0}], "P364": [{"MRR": 0.01549459878764863, "MRR_negative": 0.0, "MRR_positive": 0.0, "P_AT_1": 0.0, "P_AT_10": 0.04322429906542056, "P_AT_K": 0.24532710280373832, "P_AT_K_positive": 0.0, "P_AT_K_negative": 0.0}], "P463": [{"MRR": 0.11375738702002054, "MRR_negative": 0.0, "MRR_positive": 0.0, "P_AT_1": 0.06222222222222222, "P_AT_10": 0.41333333333333333, "P_AT_K": 0.6933333333333334, "P_AT_K_positive": 0.0, "P_AT_K_negative": 0.0}], "P101": [{"MRR": 0.045735178281179185, "MRR_negative": 0.0, "MRR_positive": 0.0, "P_AT_1": 0.0, "P_AT_10": 0.125, "P_AT_K": 0.46551724137931033, "P_AT_K_positive": 0.0, "P_AT_K_negative": 0.0}], "P106": [{"MRR": 0.02093876078339656, "MRR_negative": 0.0, "MRR_positive": 0.0, "P_AT_1": 0.0010438413361169101, "P_AT_10": 0.03966597077244259, "P_AT_K": 0.4707724425887265, "P_AT_K_positive": 0.0, "P_AT_K_negative": 0.0}], "P527": [{"MRR": 0.03953069480297194, "MRR_negative": 0.0, "MRR_positive": 0.0, "P_AT_1": 0.011270491803278689, "P_AT_10": 0.09938524590163934, "P_AT_K": 0.3391393442622951, "P_AT_K_positive": 0.0, "P_AT_K_negative": 0.0}], "P530": [{"MRR": 0.0588377141844522, "MRR_negative": 0.0, "MRR_positive": 0.0, "P_AT_1": 0.012048192771084338, "P_AT_10": 0.1566265060240964, "P_AT_K": 0.6987951807228916, "P_AT_K_positive": 0.0, "P_AT_K_negative": 0.0}], "P176": [{"MRR": 0.019942130612297135, "MRR_negative": 0.0, "MRR_positive": 0.0, "P_AT_1": 0.0010277492291880781, "P_AT_10": 0.050359712230215826, "P_AT_K": 0.18396711202466598, "P_AT_K_positive": 0.0, "P_AT_K_negative": 0.0}], "P27": [{"MRR": 0.00025611966447545607, "MRR_negative": 0.0, "MRR_positive": 0.0, "P_AT_1": 0.0, "P_AT_10": 0.0, "P_AT_K": 0.007246376811594203, "P_AT_K_positive": 0.0, "P_AT_K_negative": 0.0}], "P407": [{"MRR": 0.01590757643785898, "MRR_negative": 0.0, "MRR_positive": 0.0, "P_AT_1": 0.0, "P_AT_10": 0.021664766248574687, "P_AT_K": 0.3204104903078677, "P_AT_K_positive": 0.0, "P_AT_K_negative": 0.0}], "P30": [{"MRR": 0.019104140394133665, "MRR_negative": 0.0, "MRR_positive": 0.0, "P_AT_1": 0.0010256410256410256, "P_AT_10": 0.038974358974358976, "P_AT_K": 0.38256410256410256, "P_AT_K_positive": 0.0, "P_AT_K_negative": 0.0}], "P178": [{"MRR": 0.11036228671115232, "MRR_negative": 0.0, "MRR_positive": 0.0, "P_AT_1": 0.001692047377326565, "P_AT_10": 0.36209813874788493, "P_AT_K": 0.5769881556683587, "P_AT_K_positive": 0.0, "P_AT_K_negative": 0.0}], "P1376": [{"MRR": 0.029166547961799516, "MRR_negative": 0.0, "MRR_positive": 0.0, "P_AT_1": 0.012875536480686695, "P_AT_10": 0.07296137339055794, "P_AT_K": 0.33476394849785407, "P_AT_K_positive": 0.0, "P_AT_K_negative": 0.0}], "P131": [{"MRR": 0.05835129955892966, "MRR_negative": 0.0, "MRR_positive": 0.0, "P_AT_1": 0.01362088535754824, "P_AT_10": 0.15550510783200908, "P_AT_K": 0.5550510783200908, "P_AT_K_positive": 0.0, "P_AT_K_negative": 0.0}], "P1412": [{"MRR": 0.03170770133190931, "MRR_negative": 0.0, "MRR_positive": 0.0, "P_AT_1": 0.0010319917440660474, "P_AT_10": 0.07120743034055728, "P_AT_K": 0.542827657378741, "P_AT_K_positive": 0.0, "P_AT_K_negative": 0.0}], "P108": [{"MRR": 0.0025733902643391014, "MRR_negative": 0.0, "MRR_positive": 0.0, "P_AT_1": 0.0, "P_AT_10": 0.0026109660574412533, "P_AT_K": 0.033942558746736295, "P_AT_K_positive": 0.0, "P_AT_K_negative": 0.0}], "P136": [{"MRR": 0.02206529255931327, "MRR_negative": 0.0, "MRR_positive": 0.0, "P_AT_1": 0.0, "P_AT_10": 0.02685284640171858, "P_AT_K": 0.5177228786251342, "P_AT_K_positive": 0.0, "P_AT_K_negative": 0.0}], "P17": [{"MRR": 0.08218628584708222, "MRR_negative": 0.0, "MRR_positive": 0.0, "P_AT_1": 0.01827956989247312, "P_AT_10": 0.2053763440860215, "P_AT_K": 0.6440860215053763, "P_AT_K_positive": 0.0, "P_AT_K_negative": 0.0}], "P39": [{"MRR": 0.10578233591003981, "MRR_negative": 0.0, "MRR_positive": 0.0, "P_AT_1": 0.03587443946188341, "P_AT_10": 0.2769058295964126, "P_AT_K": 0.7174887892376681, "P_AT_K_positive": 0.0, "P_AT_K_negative": 0.0}], "P264": [{"MRR": 0.019862935432549002, "MRR_negative": 0.0, "MRR_positive": 0.0, "P_AT_1": 0.004662004662004662, "P_AT_10": 0.05128205128205128, "P_AT_K": 0.20279720279720279, "P_AT_K_positive": 0.0, "P_AT_K_negative": 0.0}], "P276": [{"MRR": 0.02383926775603091, "MRR_negative": 0.0, "MRR_positive": 0.0, "P_AT_1": 0.012526096033402923, "P_AT_10": 0.054279749478079335, "P_AT_K": 0.3298538622129436, "P_AT_K_positive": 0.0, "P_AT_K_negative": 0.0}], "P937": [{"MRR": 0.06096383102927633, "MRR_negative": 0.0, "MRR_positive": 0.0, "P_AT_1": 0.005241090146750524, "P_AT_10": 0.13941299790356393, "P_AT_K": 0.3721174004192872, "P_AT_K_positive": 0.0, "P_AT_K_negative": 0.0}], "P140": [{"MRR": 0.00879219114549999, "MRR_negative": 0.0, "MRR_positive": 0.0, "P_AT_1": 0.004228329809725159, "P_AT_10": 0.010570824524312896, "P_AT_K": 0.2642706131078224, "P_AT_K_positive": 0.0, "P_AT_K_negative": 0.0}], "P1303": [{"MRR": 0.09373612772139969, "MRR_negative": 0.0, "MRR_positive": 0.0, "P_AT_1": 0.04952581664910432, "P_AT_10": 0.2528977871443625, "P_AT_K": 0.42887249736564803, "P_AT_K_positive": 0.0, "P_AT_K_negative": 0.0}], "P127": [{"MRR": 0.04765176106862311, "MRR_negative": 0.0, "MRR_positive": 0.0, "P_AT_1": 0.008733624454148471, "P_AT_10": 0.13100436681222707, "P_AT_K": 0.3726346433770015, "P_AT_K_positive": 0.0, "P_AT_K_negative": 0.0}],