{"Google_RE": {"means": ["Mean P@1,10,k: 0.008874425129921239, 0.09731239749382688, 0.40121034006419953"], "place_of_birth": [{"MRR": 0.052606315150964145, "MRR_negative": 0.0, "MRR_positive": 0.052606315150964145, "P_AT_1": 0.016002723867892407, "P_AT_10": 0.1355124276472591, "P_AT_K": 0.4034729315628192, "P_AT_K_positive": 0.4034729315628192, "P_AT_K_negative": 0.0}], "date_of_birth": [{"MRR": 0.04907090668999525, "MRR_negative": 0.0, "MRR_positive": 0.04907090668999525, "P_AT_1": 0.009315068493150684, "P_AT_10": 0.11726027397260275, "P_AT_K": 0.5978082191780822, "P_AT_K_positive": 0.5978082191780822, "P_AT_K_negative": 0.0}], "place_of_death": [{"MRR": 0.018090182128735324, "MRR_negative": 0.0, "MRR_positive": 0.018090182128735324, "P_AT_1": 0.0013054830287206266, "P_AT_10": 0.0391644908616188, "P_AT_K": 0.20234986945169714, "P_AT_K_positive": 0.20234986945169714, "P_AT_K_negative": 0.0}]}, "TREx": {"means": ["Mean P@1,10,k: 0.04328927680198687, 0.1687607842053186, 0.45407085396272834"], "P19": [{"MRR": 0.0646547491889233, "MRR_negative": 0.0, "MRR_positive": 0.0, "P_AT_1": 0.019067796610169493, "P_AT_10": 0.1663135593220339, "P_AT_K": 0.4184322033898305, "P_AT_K_positive": 0.0, "P_AT_K_negative": 0.0}], "P20": [{"MRR": 0.03479262865511068, "MRR_negative": 0.0, "MRR_positive": 0.0, "P_AT_1": 0.01049317943336831, "P_AT_10": 0.0944386149003148, "P_AT_K": 0.3515215110178384, "P_AT_K_positive": 0.0, "P_AT_K_negative": 0.0}], "P279": [{"MRR": 0.046444351935246875, "MRR_negative": 0.0, "MRR_positive": 0.0, "P_AT_1": 0.013485477178423237, "P_AT_10": 0.13278008298755187, "P_AT_K": 0.3506224066390041, "P_AT_K_positive": 0.0, "P_AT_K_negative": 0.0}], "P37": [{"MRR": 0.05829738014790161, "MRR_negative": 0.0, "MRR_positive": 0.0, "P_AT_1": 0.14699792960662525, "P_AT_10": 0.2836438923395445, "P_AT_K": 0.5072463768115942, "P_AT_K_positive": 0.0, "P_AT_K_negative": 0.0}], "P413": [{"MRR": 0.004889667366787652, "MRR_negative": 0.0, "MRR_positive": 0.0, "P_AT_1": 0.0, "P_AT_10": 0.0, "P_AT_K": 0.13655462184873948, "P_AT_K_positive": 0.0, "P_AT_K_negative": 0.0}], "P449": [{"MRR": 0.26796373132687457, "MRR_negative": 0.0, "MRR_positive": 0.0, "P_AT_1": 0.23295454545454544, "P_AT_10": 0.6875, "P_AT_K": 0.865909090909091, "P_AT_K_positive": 0.0, "P_AT_K_negative": 0.0}], "P47": [{"MRR": 0.03258563388625353, "MRR_negative": 0.0, "MRR_positive": 0.0, "P_AT_1": 0.021739130434782608, "P_AT_10": 0.09347826086956522, "P_AT_K": 0.39021739130434785, "P_AT_K_positive": 0.0, "P_AT_K_negative": 0.0}], "P138": [{"MRR": 0.002185126968535064, "MRR_negative": 0.0, "MRR_positive": 0.0, "P_AT_1": 0.0, "P_AT_10": 0.006230529595015576, "P_AT_K": 0.024922118380062305, "P_AT_K_positive": 0.0, "P_AT_K_negative": 0.0}], "P364": [{"MRR": 0.08692893030472153, "MRR_negative": 0.0, "MRR_positive": 0.0, "P_AT_1": 0.15537383177570094, "P_AT_10": 0.30490654205607476, "P_AT_K": 0.6939252336448598, "P_AT_K_positive": 0.0, "P_AT_K_negative": 0.0}], "P463": [{"MRR": 0.29977118676342474, "MRR_negative": 0.0, "MRR_positive": 0.0, "P_AT_1": 0.1288888888888889, "P_AT_10": 0.6222222222222222, "P_AT_K": 0.7244444444444444, "P_AT_K_positive": 0.0, "P_AT_K_negative": 0.0}], "P101": [{"MRR": 0.06232214762015414, "MRR_negative": 0.0, "MRR_positive": 0.0, "P_AT_1": 0.04310344827586207, "P_AT_10": 0.1882183908045977, "P_AT_K": 0.6077586206896551, "P_AT_K_positive": 0.0, "P_AT_K_negative": 0.0}], "P106": [{"MRR": 0.04254479944715728, "MRR_negative": 0.0, "MRR_positive": 0.0, "P_AT_1": 0.008350730688935281, "P_AT_10": 0.10020876826722339, "P_AT_K": 0.3935281837160752, "P_AT_K_positive": 0.0, "P_AT_K_negative": 0.0}], "P527": [{"MRR": 0.02466608836925962, "MRR_negative": 0.0, "MRR_positive": 0.0, "P_AT_1": 0.0010245901639344263, "P_AT_10": 0.05327868852459016, "P_AT_K": 0.38934426229508196, "P_AT_K_positive": 0.0, "P_AT_K_negative": 0.0}], "P530": [{"MRR": 0.050344895849349855, "MRR_negative": 0.0, "MRR_positive": 0.0, "P_AT_1": 0.009036144578313253, "P_AT_10": 0.14056224899598393, "P_AT_K": 0.6887550200803213, "P_AT_K_positive": 0.0, "P_AT_K_negative": 0.0}], "P176": [{"MRR": 0.021801194143387156, "MRR_negative": 0.0, "MRR_positive": 0.0, "P_AT_1": 0.0, "P_AT_10": 0.048304213771839674, "P_AT_K": 0.2209660842754368, "P_AT_K_positive": 0.0, "P_AT_K_negative": 0.0}], "P27": [{"MRR": 0.001327854229495, "MRR_negative": 0.0, "MRR_positive": 0.0, "P_AT_1": 0.0, "P_AT_10": 0.0, "P_AT_K": 0.019668737060041408, "P_AT_K_positive": 0.0, "P_AT_K_negative": 0.0}], "P407": [{"MRR": 0.13278191649922869, "MRR_negative": 0.0, "MRR_positive": 0.0, "P_AT_1": 0.31584948688711517, "P_AT_10": 0.5496009122006842, "P_AT_K": 0.7183580387685291, "P_AT_K_positive": 0.0, "P_AT_K_negative": 0.0}], "P30": [{"MRR": 0.013924671053392935, "MRR_negative": 0.0, "MRR_positive": 0.0, "P_AT_1": 0.0, "P_AT_10": 0.015384615384615385, "P_AT_K": 0.3158974358974359, "P_AT_K_positive": 0.0, "P_AT_K_negative": 0.0}], "P178": [{"MRR": 0.14386977846352186, "MRR_negative": 0.0, "MRR_positive": 0.0, "P_AT_1": 0.0, "P_AT_10": 0.3976311336717428, "P_AT_K": 0.5752961082910322, "P_AT_K_positive": 0.0, "P_AT_K_negative": 0.0}], "P1376": [{"MRR": 0.034422908183561966, "MRR_negative": 0.0, "MRR_positive": 0.0, "P_AT_1": 0.008583690987124463, "P_AT_10": 0.07296137339055794, "P_AT_K": 0.3090128755364807, "P_AT_K_positive": 0.0, "P_AT_K_negative": 0.0}], "P131": [{"MRR": 0.04183813232149245, "MRR_negative": 0.0, "MRR_positive": 0.0, "P_AT_1": 0.0056753688989784334, "P_AT_10": 0.09988649262202043, "P_AT_K": 0.4540295119182747, "P_AT_K_positive": 0.0, "P_AT_K_negative": 0.0}], "P1412": [{"MRR": 0.1186324404499608, "MRR_negative": 0.0, "MRR_positive": 0.0, "P_AT_1": 0.029927760577915376, "P_AT_10": 0.2714138286893705, "P_AT_K": 0.5593395252837977, "P_AT_K_positive": 0.0, "P_AT_K_negative": 0.0}], "P108": [{"MRR": 0.006351841419868933, "MRR_negative": 0.0, "MRR_positive": 0.0, "P_AT_1": 0.0, "P_AT_10": 0.007832898172323759, "P_AT_K": 0.1279373368146214, "P_AT_K_positive": 0.0, "P_AT_K_negative": 0.0}], "P136": [{"MRR": 0.028066732397702444, "MRR_negative": 0.0, "MRR_positive": 0.0, "P_AT_1": 0.0, "P_AT_10": 0.0322234156820623, "P_AT_K": 0.7185821697099892, "P_AT_K_positive": 0.0, "P_AT_K_negative": 0.0}], "P17": [{"MRR": 0.051194468632722825, "MRR_negative": 0.0, "MRR_positive": 0.0, "P_AT_1": 0.01935483870967742, "P_AT_10": 0.13548387096774195, "P_AT_K": 0.5236559139784946, "P_AT_K_positive": 0.0, "P_AT_K_negative": 0.0}], "P39": [{"MRR": 0.07841825898489842, "MRR_negative": 0.0, "MRR_positive": 0.0, "P_AT_1": 0.01233183856502242, "P_AT_10": 0.1961883408071749, "P_AT_K": 0.8789237668161435, "P_AT_K_positive": 0.0, "P_AT_K_negative": 0.0}], "P264": [{"MRR": 0.02575837607583198, "MRR_negative": 0.0, "MRR_positive": 0.0, "P_AT_1": 0.19114219114219114, "P_AT_10": 0.21678321678321677, "P_AT_K": 0.5081585081585082, "P_AT_K_positive": 0.0, "P_AT_K_negative": 0.0}], "P276": [{"MRR": 0.035373143290152745, "MRR_negative": 0.0, "MRR_positive": 0.0, "P_AT_1": 0.0010438413361169101, "P_AT_10": 0.081419624217119, "P_AT_K": 0.35490605427974947, "P_AT_K_positive": 0.0, "P_AT_K_negative": 0.0}], "P937": [{"MRR": 0.08205483279389546, "MRR_negative": 0.0, "MRR_positive": 0.0, "P_AT_1": 0.031446540880503145, "P_AT_10": 0.20649895178197064, "P_AT_K": 0.5073375262054507, "P_AT_K_positive": 0.0, "P_AT_K_negative": 0.0}], "P140": [{"MRR": 0.022445354665227533, "MRR_negative": 0.0, "MRR_positive": 0.0, "P_AT_1": 0.0, "P_AT_10": 0.008456659619450317, "P_AT_K": 0.6405919661733616, "P_AT_K_positive": 0.0, "P_AT_K_negative": 0.0}], "P1303": [{"MRR": 0.13552588376702326, "MRR_negative": 0.0, "MRR_positive": 0.0, "P_AT_1": 0.0684931506849315, "P_AT_10": 0.32771338250790305, "P_AT_K": 0.47629083245521603, "P_AT_K_positive": 0.0, "P_AT_K_negative": 0.0}], "P127": [{"MRR": 0.036268079675175154, "MRR_negative": 0.0, "MRR_positive": 0.0, "P_AT_1": 0.0, "P_AT_10": 0.08005822416302766, "P_AT_K": 0.3551673944687045, "P_AT_K_positive": 0.0, "P_AT_K_negative": 0.0}], "P103": [{"MRR": 0.06234918577643719,