{"Google_RE": {"means": ["Mean P@1,10,k: 0.014611479528800276, 0.08055872854242538, 0.35892956038157414"], "place_of_birth": [{"MRR": 0.03754011189588783, "MRR_negative": 0.0, "MRR_positive": 0.03754011189588783, "P_AT_1": 0.026557711950970377, "P_AT_10": 0.10929519918283963, "P_AT_K": 0.3752128021790943, "P_AT_K_positive": 0.3752128021790943, "P_AT_K_negative": 0.0}], "date_of_birth": [{"MRR": 0.032701489992484664, "MRR_negative": 0.0, "MRR_positive": 0.032701489992484664, "P_AT_1": 0.012054794520547946, "P_AT_10": 0.07232876712328767, "P_AT_K": 0.5057534246575343, "P_AT_K_positive": 0.5057534246575343, "P_AT_K_negative": 0.0}], "place_of_death": [{"MRR": 0.024879163348489393, "MRR_negative": 0.0, "MRR_positive": 0.024879163348489393, "P_AT_1": 0.005221932114882507, "P_AT_10": 0.06005221932114883, "P_AT_K": 0.195822454308094, "P_AT_K_positive": 0.195822454308094, "P_AT_K_negative": 0.0}]}, "TREx": {"means": ["Mean P@1,10,k: 0.04255961835667909, 0.15420523084993276, 0.40386723204252295"], "P19": [{"MRR": 0.04004192557707698, "MRR_negative": 0.0, "MRR_positive": 0.0, "P_AT_1": 0.03919491525423729, "P_AT_10": 0.12182203389830508, "P_AT_K": 0.3845338983050847, "P_AT_K_positive": 0.0, "P_AT_K_negative": 0.0}], "P20": [{"MRR": 0.04047848500546028, "MRR_negative": 0.0, "MRR_positive": 0.0, "P_AT_1": 0.02938090241343127, "P_AT_10": 0.11332633788037776, "P_AT_K": 0.28961175236096537, "P_AT_K_positive": 0.0, "P_AT_K_negative": 0.0}], "P279": [{"MRR": 0.03283471191307454, "MRR_negative": 0.0, "MRR_positive": 0.0, "P_AT_1": 0.015560165975103735, "P_AT_10": 0.10684647302904564, "P_AT_K": 0.28734439834024894, "P_AT_K_positive": 0.0, "P_AT_K_negative": 0.0}], "P37": [{"MRR": 0.057137253286196794, "MRR_negative": 0.0, "MRR_positive": 0.0, "P_AT_1": 0.08799171842650104, "P_AT_10": 0.17701863354037267, "P_AT_K": 0.4140786749482402, "P_AT_K_positive": 0.0, "P_AT_K_negative": 0.0}], "P413": [{"MRR": 0.0034849076702142124, "MRR_negative": 0.0, "MRR_positive": 0.0, "P_AT_1": 0.0, "P_AT_10": 0.0, "P_AT_K": 0.07142857142857142, "P_AT_K_positive": 0.0, "P_AT_K_negative": 0.0}], "P449": [{"MRR": 0.11761657697397267, "MRR_negative": 0.0, "MRR_positive": 0.0, "P_AT_1": 0.325, "P_AT_10": 0.6840909090909091, "P_AT_K": 0.8340909090909091, "P_AT_K_positive": 0.0, "P_AT_K_negative": 0.0}], "P47": [{"MRR": 0.02501302714838144, "MRR_negative": 0.0, "MRR_positive": 0.0, "P_AT_1": 0.016304347826086956, "P_AT_10": 0.07717391304347826, "P_AT_K": 0.2782608695652174, "P_AT_K_positive": 0.0, "P_AT_K_negative": 0.0}], "P138": [{"MRR": 0.00196397892367608, "MRR_negative": 0.0, "MRR_positive": 0.0, "P_AT_1": 0.001557632398753894, "P_AT_10": 0.004672897196261682, "P_AT_K": 0.04205607476635514, "P_AT_K_positive": 0.0, "P_AT_K_negative": 0.0}], "P364": [{"MRR": 0.1023428873149427, "MRR_negative": 0.0, "MRR_positive": 0.0, "P_AT_1": 0.1133177570093458, "P_AT_10": 0.32009345794392524, "P_AT_K": 0.5771028037383178, "P_AT_K_positive": 0.0, "P_AT_K_negative": 0.0}], "P463": [{"MRR": 0.2637745260928021, "MRR_negative": 0.0, "MRR_positive": 0.0, "P_AT_1": 0.035555555555555556, "P_AT_10": 0.6044444444444445, "P_AT_K": 0.7244444444444444, "P_AT_K_positive": 0.0, "P_AT_K_negative": 0.0}], "P101": [{"MRR": 0.06908564996393025, "MRR_negative": 0.0, "MRR_positive": 0.0, "P_AT_1": 0.02586206896551724, "P_AT_10": 0.19827586206896552, "P_AT_K": 0.5847701149425287, "P_AT_K_positive": 0.0, "P_AT_K_negative": 0.0}], "P106": [{"MRR": 0.028477683370331124, "MRR_negative": 0.0, "MRR_positive": 0.0, "P_AT_1": 0.0010438413361169101, "P_AT_10": 0.06471816283924843, "P_AT_K": 0.4603340292275574, "P_AT_K_positive": 0.0, "P_AT_K_negative": 0.0}], "P527": [{"MRR": 0.027075276257539072, "MRR_negative": 0.0, "MRR_positive": 0.0, "P_AT_1": 0.0, "P_AT_10": 0.06967213114754098, "P_AT_K": 0.3360655737704918, "P_AT_K_positive": 0.0, "P_AT_K_negative": 0.0}], "P530": [{"MRR": 0.03611550462570327, "MRR_negative": 0.0, "MRR_positive": 0.0, "P_AT_1": 0.007028112449799197, "P_AT_10": 0.0823293172690763, "P_AT_K": 0.5240963855421686, "P_AT_K_positive": 0.0, "P_AT_K_negative": 0.0}], "P176": [{"MRR": 0.014364629285247768, "MRR_negative": 0.0, "MRR_positive": 0.0, "P_AT_1": 0.0010277492291880781, "P_AT_10": 0.029804727646454265, "P_AT_K": 0.131551901336074, "P_AT_K_positive": 0.0, "P_AT_K_negative": 0.0}], "P27": [{"MRR": 0.003682550393707708, "MRR_negative": 0.0, "MRR_positive": 0.0, "P_AT_1": 0.0, "P_AT_10": 0.0010351966873706005, "P_AT_K": 0.10766045548654245, "P_AT_K_positive": 0.0, "P_AT_K_negative": 0.0}], "P407": [{"MRR": 0.0700161835400268, "MRR_negative": 0.0, "MRR_positive": 0.0, "P_AT_1": 0.4241733181299886, "P_AT_10": 0.5883694412770809, "P_AT_K": 0.7605473204104903, "P_AT_K_positive": 0.0, "P_AT_K_negative": 0.0}], "P30": [{"MRR": 0.004865932303003784, "MRR_negative": 0.0, "MRR_positive": 0.0, "P_AT_1": 0.0, "P_AT_10": 0.0, "P_AT_K": 0.11282051282051282, "P_AT_K_positive": 0.0, "P_AT_K_negative": 0.0}], "P178": [{"MRR": 0.08175403488085957, "MRR_negative": 0.0, "MRR_positive": 0.0, "P_AT_1": 0.0, "P_AT_10": 0.2707275803722504, "P_AT_K": 0.5397631133671743, "P_AT_K_positive": 0.0, "P_AT_K_negative": 0.0}], "P1376": [{"MRR": 0.023868189391929553, "MRR_negative": 0.0, "MRR_positive": 0.0, "P_AT_1": 0.0, "P_AT_10": 0.060085836909871244, "P_AT_K": 0.2317596566523605, "P_AT_K_positive": 0.0, "P_AT_K_negative": 0.0}], "P131": [{"MRR": 0.02764819804585049, "MRR_negative": 0.0, "MRR_positive": 0.0, "P_AT_1": 0.00340522133938706, "P_AT_10": 0.06583427922814983, "P_AT_K": 0.4211123723041998, "P_AT_K_positive": 0.0, "P_AT_K_negative": 0.0}], "P1412": [{"MRR": 0.1216407227345437, "MRR_negative": 0.0, "MRR_positive": 0.0, "P_AT_1": 0.09081527347781218, "P_AT_10": 0.3188854489164087, "P_AT_K": 0.5830753353973168, "P_AT_K_positive": 0.0, "P_AT_K_negative": 0.0}], "P108": [{"MRR": 0.008746753844203786, "MRR_negative": 0.0, "MRR_positive": 0.0, "P_AT_1": 0.0, "P_AT_10": 0.005221932114882507, "P_AT_K": 0.22715404699738903, "P_AT_K_positive": 0.0, "P_AT_K_negative": 0.0}], "P136": [{"MRR": 0.023844914224217747, "MRR_negative": 0.0, "MRR_positive": 0.0, "P_AT_1": 0.0, "P_AT_10": 0.02577873254564984, "P_AT_K": 0.5542427497314716, "P_AT_K_positive": 0.0, "P_AT_K_negative": 0.0}], "P17": [{"MRR": 0.019580166909902726, "MRR_negative": 0.0, "MRR_positive": 0.0, "P_AT_1": 0.0, "P_AT_10": 0.03225806451612903, "P_AT_K": 0.3225806451612903, "P_AT_K_positive": 0.0, "P_AT_K_negative": 0.0}], "P39": [{"MRR": 0.16344218904664112, "MRR_negative": 0.0, "MRR_positive": 0.0, "P_AT_1": 0.02466367713004484, "P_AT_10": 0.4260089686098655, "P_AT_K": 0.9484304932735426, "P_AT_K_positive": 0.0, "P_AT_K_negative": 0.0}], "P264": [{"MRR": 0.029766903936250772, "MRR_negative": 0.0, "MRR_positive": 0.0, "P_AT_1": 0.17715617715617715, "P_AT_10": 0.2097902097902098, "P_AT_K": 0.2703962703962704, "P_AT_K_positive": 0.0, "P_AT_K_negative": 0.0}], "P276": [{"MRR": 0.021770171090132844, "MRR_negative": 0.0, "MRR_positive": 0.0, "P_AT_1": 0.0010438413361169101, "P_AT_10": 0.04592901878914405, "P_AT_K": 0.2651356993736952, "P_AT_K_positive": 0.0, "P_AT_K_negative": 0.0}], "P937": [{"MRR": 0.062011223922235625, "MRR_negative": 0.0, "MRR_positive": 0.0, "P_AT_1": 0.06813417190775681, "P_AT_10": 0.18134171907756813, "P_AT_K": 0.42452830188679247, "P_AT_K_positive": 0.0, "P_AT_K_negative": 0.0}], "P140": [{"MRR": 0.034502588204000685, "MRR_negative": 0.0, "MRR_positive": 0.0, "P_AT_1": 0.0021141649048625794, "P_AT_10": 0.02536997885835095, "P_AT_K": 0.6997885835095138, "P_AT_K_positive": 0.0, "P_AT_K_negative": 0.0}], "P1303": [{"MRR": 0.12114704813233856, "MRR_negative": 0.0, "MRR_positive": 0.0, "P_AT_1": 0.0368809272918862, "P_AT_10": 0.3256059009483667, "P_AT_K": 0.5310853530031612, "P_AT_K_positive": 0.0, "P_AT_K_negative": 0.0}], "P127": [{"MRR": 0.021408619473180953, "MRR_negative": 0.0, "MRR_positive": 0.0, "P_AT_1": 0.001455604075691412, "P_AT_10": 0.043668122270742356, "P_AT_K": 0.2940320232896652, "P_AT_K_positive": 0.0, "P_AT_K_negative": 0.0}],