{
    "Google_RE": {
        "means": [
            "Mean P@1,10,k: 0.06386411196358024, 0.24501842409132013, 0.6423066334031468"
        ],
        "place_of_birth": [
            {
                "MRR": 0.11708060668315194,
                "MRR_negative": 0.0,
                "MRR_positive": 0.11708060668315194,
                "P_AT_1": 0.12087163772557032,
                "P_AT_10": 0.3626149131767109,
                "P_AT_K": 0.6826693905345591,
                "P_AT_K_positive": 0.6826693905345591,
                "P_AT_K_negative": 0.0
            }
        ],
        "date_of_birth": [
            {
                "MRR": 0.05921042990850996,
                "MRR_negative": 0.0,
                "MRR_positive": 0.05921042990850996,
                "P_AT_1": 0.01589041095890411,
                "P_AT_10": 0.14136986301369864,
                "P_AT_K": 0.8082191780821918,
                "P_AT_K_positive": 0.8082191780821918,
                "P_AT_K_negative": 0.0
            }
        ],
        "place_of_death": [
            {
                "MRR": 0.08273220260837075,
                "MRR_negative": 0.0,
                "MRR_positive": 0.08273220260837075,
                "P_AT_1": 0.05483028720626632,
                "P_AT_10": 0.2310704960835509,
                "P_AT_K": 0.4360313315926893,
                "P_AT_K_positive": 0.4360313315926893,
                "P_AT_K_negative": 0.0
            }
        ]
    },
    "TREx": {
        "means": [
            "Mean P@1,10,k: 0.24201358414820232, 0.5190123322435767, 0.7816866631002451"
        ],
        "P19": [
            {
                "MRR": 0.12224438349439318,
                "MRR_negative": 0.0,
                "MRR_positive": 0.0,
                "P_AT_1": 0.1663135593220339,
                "P_AT_10": 0.423728813559322,
                "P_AT_K": 0.7213983050847458,
                "P_AT_K_positive": 0.0,
                "P_AT_K_negative": 0.0
            }
        ],
        "P20": [
            {
                "MRR": 0.17292866908680854,
                "MRR_negative": 0.0,
                "MRR_positive": 0.0,
                "P_AT_1": 0.13326337880377753,
                "P_AT_10": 0.4826862539349423,
                "P_AT_K": 0.7229800629590766,
                "P_AT_K_positive": 0.0,
                "P_AT_K_negative": 0.0
            }
        ],
        "P279": [
            {
                "MRR": 0.21665296611418977,
                "MRR_negative": 0.0,
                "MRR_positive": 0.0,
                "P_AT_1": 0.31224066390041494,
                "P_AT_10": 0.6556016597510373,
                "P_AT_K": 0.7614107883817427,
                "P_AT_K_positive": 0.0,
                "P_AT_K_negative": 0.0
            }
        ],
        "P37": [
            {
                "MRR": 0.23806049119959374,
                "MRR_negative": 0.0,
                "MRR_positive": 0.0,
                "P_AT_1": 0.4306418219461698,
                "P_AT_10": 0.8105590062111802,
                "P_AT_K": 0.974120082815735,
                "P_AT_K_positive": 0.0,
                "P_AT_K_negative": 0.0
            }
        ],
        "P413": [
            {
                "MRR": 0.06106476208691012,
                "MRR_negative": 0.0,
                "MRR_positive": 0.0,
                "P_AT_1": 0.0010504201680672268,
                "P_AT_10": 0.14390756302521007,
                "P_AT_K": 0.773109243697479,
                "P_AT_K_positive": 0.0,
                "P_AT_K_negative": 0.0
            }
        ],
        "P449": [
            {
                "MRR": 0.3306813369565858,
                "MRR_negative": 0.0,
                "MRR_positive": 0.0,
                "P_AT_1": 0.17613636363636365,
                "P_AT_10": 0.8022727272727272,
                "P_AT_K": 0.9068181818181819,
                "P_AT_K_positive": 0.0,
                "P_AT_K_negative": 0.0
            }
        ],
        "P47": [
            {
                "MRR": 0.1739126082657166,
                "MRR_negative": 0.0,
                "MRR_positive": 0.0,
                "P_AT_1": 0.0891304347826087,
                "P_AT_10": 0.45217391304347826,
                "P_AT_K": 0.758695652173913,
                "P_AT_K_positive": 0.0,
                "P_AT_K_negative": 0.0
            }
        ],
        "P138": [
            {
                "MRR": 0.16181471277374435,
                "MRR_negative": 0.0,
                "MRR_positive": 0.0,
                "P_AT_1": 0.001557632398753894,
                "P_AT_10": 0.4454828660436137,
                "P_AT_K": 0.67601246105919,
                "P_AT_K_positive": 0.0,
                "P_AT_K_negative": 0.0
            }
        ],
        "P364": [
            {
                "MRR": 0.1710733282329484,
                "MRR_negative": 0.0,
                "MRR_positive": 0.0,
                "P_AT_1": 0.35397196261682246,
                "P_AT_10": 0.7021028037383178,
                "P_AT_K": 0.9299065420560748,
                "P_AT_K_positive": 0.0,
                "P_AT_K_negative": 0.0
            }
        ],
        "P463": [
            {
                "MRR": 0.14452473151045686,
                "MRR_negative": 0.0,
                "MRR_positive": 0.0,
                "P_AT_1": 0.5733333333333334,
                "P_AT_10": 0.7644444444444445,
                "P_AT_K": 0.7866666666666666,
                "P_AT_K_positive": 0.0,
                "P_AT_K_negative": 0.0
            }
        ],
        "P101": [
            {
                "MRR": 0.1268336846361006,
                "MRR_negative": 0.0,
                "MRR_positive": 0.0,
                "P_AT_1": 0.06321839080459771,
                "P_AT_10": 0.3275862068965517,
                "P_AT_K": 0.7255747126436781,
                "P_AT_K_positive": 0.0,
                "P_AT_K_negative": 0.0
            }
        ],
        "P106": [
            {
                "MRR": 0.05410103350311901,
                "MRR_negative": 0.0,
                "MRR_positive": 0.0,
                "P_AT_1": 0.011482254697286013,
                "P_AT_10": 0.11169102296450939,
                "P_AT_K": 0.7682672233820459,
                "P_AT_K_positive": 0.0,
                "P_AT_K_negative": 0.0
            }
        ],
        "P527": [
            {
                "MRR": 0.1001458849924854,
                "MRR_negative": 0.0,
                "MRR_positive": 0.0,
                "P_AT_1": 0.07172131147540983,
                "P_AT_10": 0.2899590163934426,
                "P_AT_K": 0.6055327868852459,
                "P_AT_K_positive": 0.0,
                "P_AT_K_negative": 0.0
            }
        ],
        "P530": [
            {
                "MRR": 0.1171598517657996,
                "MRR_negative": 0.0,
                "MRR_positive": 0.0,
                "P_AT_1": 0.040160642570281124,
                "P_AT_10": 0.3152610441767068,
                "P_AT_K": 0.8825301204819277,
                "P_AT_K_positive": 0.0,
                "P_AT_K_negative": 0.0
            }
        ],
        "P176": [
            {
                "MRR": 0.08359259481392432,
                "MRR_negative": 0.0,
                "MRR_positive": 0.0,
                "P_AT_1": 0.6670092497430626,
                "P_AT_10": 0.8119218910585817,
                "P_AT_K": 0.8746145940390545,
                "P_AT_K_positive": 0.0,
                "P_AT_K_negative": 0.0
            }
        ],
        "P27": [
            {
                "MRR": 0.019524168883335816,
                "MRR_negative": 0.0,
                "MRR_positive": 0.0,
                "P_AT_1": 0.0,
                "P_AT_10": 0.039337474120082816,
                "P_AT_K": 0.40890269151138714,
                "P_AT_K_positive": 0.0,
                "P_AT_K_negative": 0.0
            }
        ],
        "P407": [
            {
                "MRR": 0.19591120346784036,
                "MRR_negative": 0.0,