{
    "Google_RE": {
        "means": [
            "Mean P@1,10,k: 0.0008703220191470844, 0.008220284733694619, 0.1089393347748218"
        ],
        "place_of_birth": [
            {
                "MRR": 0.004521639804332396,
                "MRR_negative": 0.0,
                "MRR_positive": 0.004521639804332396,
                "P_AT_1": 0.0,
                "P_AT_10": 0.005788219271365339,
                "P_AT_K": 0.07694926796050391,
                "P_AT_K_positive": 0.07694926796050391,
                "P_AT_K_negative": 0.0
            }
        ],
        "date_of_birth": [
            {
                "MRR": 0.006963387148397785,
                "MRR_negative": 0.0,
                "MRR_positive": 0.006963387148397785,
                "P_AT_1": 0.0,
                "P_AT_10": 0.007123287671232876,
                "P_AT_K": 0.1610958904109589,
                "P_AT_K_positive": 0.1610958904109589,
                "P_AT_K_negative": 0.0
            }
        ],
        "place_of_death": [
            {
                "MRR": 0.004551310033120868,
                "MRR_negative": 0.0,
                "MRR_positive": 0.004551310033120868,
                "P_AT_1": 0.0026109660574412533,
                "P_AT_10": 0.01174934725848564,
                "P_AT_K": 0.08877284595300261,
                "P_AT_K_positive": 0.08877284595300261,
                "P_AT_K_negative": 0.0
            }
        ]
    },
    "TREx": {
        "means": [
            "Mean P@1,10,k: 0.0014281496844673533, 0.013962682818501562, 0.08604513475193129"
        ],
        "P19": [
            {
                "MRR": 0.00461674629824737,
                "MRR_negative": 0.0,
                "MRR_positive": 0.0,
                "P_AT_1": 0.001059322033898305,
                "P_AT_10": 0.005296610169491525,
                "P_AT_K": 0.0635593220338983,
                "P_AT_K_positive": 0.0,
                "P_AT_K_negative": 0.0
            }
        ],
        "P20": [
            {
                "MRR": 0.006744394467101927,
                "MRR_negative": 0.0,
                "MRR_positive": 0.0,
                "P_AT_1": 0.001049317943336831,
                "P_AT_10": 0.005246589716684155,
                "P_AT_K": 0.1416579223504722,
                "P_AT_K_positive": 0.0,
                "P_AT_K_negative": 0.0
            }
        ],
        "P279": [
            {
                "MRR": 0.02113818040823098,
                "MRR_negative": 0.0,
                "MRR_positive": 0.0,
                "P_AT_1": 0.001037344398340249,
                "P_AT_10": 0.04979253112033195,
                "P_AT_K": 0.1504149377593361,
                "P_AT_K_positive": 0.0,
                "P_AT_K_negative": 0.0
            }
        ],
        "P37": [
            {
                "MRR": 4.215404019677082e-05,
                "MRR_negative": 0.0,
                "MRR_positive": 0.0,
                "P_AT_1": 0.0,
                "P_AT_10": 0.0,
                "P_AT_K": 0.0,
                "P_AT_K_positive": 0.0,
                "P_AT_K_negative": 0.0
            }
        ],
        "P413": [
            {
                "MRR": 6.32226890879234e-06,
                "MRR_negative": 0.0,
                "MRR_positive": 0.0,
                "P_AT_1": 0.0,
                "P_AT_10": 0.0,
                "P_AT_K": 0.0,
                "P_AT_K_positive": 0.0,
                "P_AT_K_negative": 0.0
            }
        ],
        "P449": [
            {
                "MRR": 0.008588028657885856,
                "MRR_negative": 0.0,
                "MRR_positive": 0.0,
                "P_AT_1": 0.0011363636363636363,
                "P_AT_10": 0.007954545454545454,
                "P_AT_K": 0.1965909090909091,
                "P_AT_K_positive": 0.0,
                "P_AT_K_negative": 0.0
            }
        ],
        "P47": [
            {
                "MRR": 0.003007133433943525,
                "MRR_negative": 0.0,
                "MRR_positive": 0.0,
                "P_AT_1": 0.0010869565217391304,
                "P_AT_10": 0.007608695652173913,
                "P_AT_K": 0.04565217391304348,
                "P_AT_K_positive": 0.0,
                "P_AT_K_negative": 0.0
            }
        ],
        "P138": [
            {
                "MRR": 0.002744239994380897,
                "MRR_negative": 0.0,
                "MRR_positive": 0.0,
                "P_AT_1": 0.003115264797507788,
                "P_AT_10": 0.004672897196261682,
                "P_AT_K": 0.0264797507788162,
                "P_AT_K_positive": 0.0,
                "P_AT_K_negative": 0.0
            }
        ],
        "P364": [
            {
                "MRR": 0.00010194360295636814,
                "MRR_negative": 0.0,
                "MRR_positive": 0.0,
                "P_AT_1": 0.0,
                "P_AT_10": 0.0,
                "P_AT_K": 0.002336448598130841,
                "P_AT_K_positive": 0.0,
                "P_AT_K_negative": 0.0
            }
        ],
        "P463": [
            {
                "MRR": 0.00020074499711561058,
                "MRR_negative": 0.0,
                "MRR_positive": 0.0,
                "P_AT_1": 0.0,
                "P_AT_10": 0.0,
                "P_AT_K": 0.0,
                "P_AT_K_positive": 0.0,
                "P_AT_K_negative": 0.0
            }
        ],
        "P101": [
            {
                "MRR": 0.0025029962426227816,
                "MRR_negative": 0.0,
                "MRR_positive": 0.0,
                "P_AT_1": 0.0014367816091954023,
                "P_AT_10": 0.004310344827586207,
                "P_AT_K": 0.05028735632183908,
                "P_AT_K_positive": 0.0,
                "P_AT_K_negative": 0.0
            }
        ],
        "P106": [
            {
                "MRR": 0.00010602646520230878,
                "MRR_negative": 0.0,
                "MRR_positive": 0.0,
                "P_AT_1": 0.0,
                "P_AT_10": 0.0,
                "P_AT_K": 0.0010438413361169101,
                "P_AT_K_positive": 0.0,
                "P_AT_K_negative": 0.0
            }
        ],
        "P527": [
            {
                "MRR": 0.004280270895641167,
                "MRR_negative": 0.0,
                "MRR_positive": 0.0,
                "P_AT_1": 0.0,
                "P_AT_10": 0.005122950819672131,
                "P_AT_K": 0.09733606557377049,
                "P_AT_K_positive": 0.0,
                "P_AT_K_negative": 0.0
            }
        ],
        "P530": [
            {
                "MRR": 0.008660145157523216,
                "MRR_negative": 0.0,
                "MRR_positive": 0.0,
                "P_AT_1": 0.0,
                "P_AT_10": 0.015060240963855422,
                "P_AT_K": 0.1495983935742972,
                "P_AT_K_positive": 0.0,
                "P_AT_K_negative": 0.0
            }
        ],
        "P176": [
            {
                "MRR": 0.00022989252038712056,
                "MRR_negative": 0.0,
                "MRR_positive": 0.0,
                "P_AT_1": 0.0,
                "P_AT_10": 0.0,
                "P_AT_K": 0.0051387461459403904,
                "P_AT_K_positive": 0.0,
                "P_AT_K_negative": 0.0
            }
        ],
        "P27": [
            {
                "MRR": 0.0003759535059902919,
                "MRR_negative": 0.0,
                "MRR_positive": 0.0,
                "P_AT_1": 0.0,
                "P_AT_10": 0.0010351966873706005,
                "P_AT_K": 0.003105590062111801,
                "P_AT_K_positive": 0.0,
                "P_AT_K_negative": 0.0
            }
        ],
        "P407": [
            {
                "MRR": 0.0006749467870403403,
                "MRR_negative": 0.0,
                "MRR_positive": 0.0,
                "P_AT_1": 0.0,
                "P_AT_10": 0.0,
                "P_AT_K": 0.0011402508551881414,
                "P_AT_K_positive": 0.0,