{
    "Google_RE": {
        "means": [
            "Mean P@1,10,k: 0.008956992324668346, 0.10007567731287577, 0.42321162582096833"
        ],
        "place_of_birth": [
            {
                "MRR": 0.045772704065202126,
                "MRR_negative": 0.0,
                "MRR_positive": 0.045772704065202126,
                "P_AT_1": 0.011576438542730678,
                "P_AT_10": 0.12291453864487573,
                "P_AT_K": 0.418113721484508,
                "P_AT_K_positive": 0.418113721484508,
                "P_AT_K_negative": 0.0
            }
        ],
        "date_of_birth": [
            {
                "MRR": 0.04844753127022255,
                "MRR_negative": 0.0,
                "MRR_positive": 0.04844753127022255,
                "P_AT_1": 0.008767123287671232,
                "P_AT_10": 0.11726027397260275,
                "P_AT_K": 0.6295890410958904,
                "P_AT_K_positive": 0.6295890410958904,
                "P_AT_K_negative": 0.0
            }
        ],
        "place_of_death": [
            {
                "MRR": 0.02142127815144713,
                "MRR_negative": 0.0,
                "MRR_positive": 0.02142127815144713,
                "P_AT_1": 0.006527415143603133,
                "P_AT_10": 0.06005221932114883,
                "P_AT_K": 0.22193211488250653,
                "P_AT_K_positive": 0.22193211488250653,
                "P_AT_K_negative": 0.0
            }
        ]
    },
    "TREx": {
        "means": [
            "Mean P@1,10,k: 0.0474973863162679, 0.15893976820086356, 0.45832673112271505"
        ],
        "P19": [
            {
                "MRR": 0.043018383342209185,
                "MRR_negative": 0.0,
                "MRR_positive": 0.0,
                "P_AT_1": 0.012711864406779662,
                "P_AT_10": 0.12182203389830508,
                "P_AT_K": 0.4088983050847458,
                "P_AT_K_positive": 0.0,
                "P_AT_K_negative": 0.0
            }
        ],
        "P20": [
            {
                "MRR": 0.038300692769347784,
                "MRR_negative": 0.0,
                "MRR_positive": 0.0,
                "P_AT_1": 0.007345225603357817,
                "P_AT_10": 0.09548793284365163,
                "P_AT_K": 0.3515215110178384,
                "P_AT_K_positive": 0.0,
                "P_AT_K_negative": 0.0
            }
        ],
        "P279": [
            {
                "MRR": 0.03457664474084848,
                "MRR_negative": 0.0,
                "MRR_positive": 0.0,
                "P_AT_1": 0.011410788381742738,
                "P_AT_10": 0.13070539419087138,
                "P_AT_K": 0.3008298755186722,
                "P_AT_K_positive": 0.0,
                "P_AT_K_negative": 0.0
            }
        ],
        "P37": [
            {
                "MRR": 0.0909734282517939,
                "MRR_negative": 0.0,
                "MRR_positive": 0.0,
                "P_AT_1": 0.030020703933747412,
                "P_AT_10": 0.18115942028985507,
                "P_AT_K": 0.39337474120082816,
                "P_AT_K_positive": 0.0,
                "P_AT_K_negative": 0.0
            }
        ],
        "P413": [
            {
                "MRR": 0.024609536885058955,
                "MRR_negative": 0.0,
                "MRR_positive": 0.0,
                "P_AT_1": 0.0,
                "P_AT_10": 0.03046218487394958,
                "P_AT_K": 0.5850840336134454,
                "P_AT_K_positive": 0.0,
                "P_AT_K_negative": 0.0
            }
        ],
        "P449": [
            {
                "MRR": 0.26323762541196527,
                "MRR_negative": 0.0,
                "MRR_positive": 0.0,
                "P_AT_1": 0.325,
                "P_AT_10": 0.7,
                "P_AT_K": 0.8704545454545455,
                "P_AT_K_positive": 0.0,
                "P_AT_K_negative": 0.0
            }
        ],
        "P47": [
            {
                "MRR": 0.03555144728740746,
                "MRR_negative": 0.0,
                "MRR_positive": 0.0,
                "P_AT_1": 0.013043478260869565,
                "P_AT_10": 0.08369565217391305,
                "P_AT_K": 0.34782608695652173,
                "P_AT_K_positive": 0.0,
                "P_AT_K_negative": 0.0
            }
        ],
        "P138": [
            {
                "MRR": 0.0027661645826610555,
                "MRR_negative": 0.0,
                "MRR_positive": 0.0,
                "P_AT_1": 0.0,
                "P_AT_10": 0.003115264797507788,
                "P_AT_K": 0.040498442367601244,
                "P_AT_K_positive": 0.0,
                "P_AT_K_negative": 0.0
            }
        ],
        "P364": [
            {
                "MRR": 0.08364261489007037,
                "MRR_negative": 0.0,
                "MRR_positive": 0.0,
                "P_AT_1": 0.10747663551401869,
                "P_AT_10": 0.25,
                "P_AT_K": 0.522196261682243,
                "P_AT_K_positive": 0.0,
                "P_AT_K_negative": 0.0
            }
        ],
        "P463": [
            {
                "MRR": 0.10748036267403781,
                "MRR_negative": 0.0,
                "MRR_positive": 0.0,
                "P_AT_1": 0.49333333333333335,
                "P_AT_10": 0.6888888888888889,
                "P_AT_K": 0.72,
                "P_AT_K_positive": 0.0,
                "P_AT_K_negative": 0.0
            }
        ],
        "P101": [
            {
                "MRR": 0.043929828204148945,
                "MRR_negative": 0.0,
                "MRR_positive": 0.0,
                "P_AT_1": 0.034482758620689655,
                "P_AT_10": 0.1336206896551724,
                "P_AT_K": 0.5933908045977011,
                "P_AT_K_positive": 0.0,
                "P_AT_K_negative": 0.0
            }
        ],
        "P106": [
            {
                "MRR": 0.04100939176927964,
                "MRR_negative": 0.0,
                "MRR_positive": 0.0,
                "P_AT_1": 0.009394572025052192,
                "P_AT_10": 0.07933194154488518,
                "P_AT_K": 0.6367432150313153,
                "P_AT_K_positive": 0.0,
                "P_AT_K_negative": 0.0
            }
        ],
        "P527": [
            {
                "MRR": 0.017267532550020597,
                "MRR_negative": 0.0,
                "MRR_positive": 0.0,
                "P_AT_1": 0.0020491803278688526,
                "P_AT_10": 0.0430327868852459,
                "P_AT_K": 0.27561475409836067,
                "P_AT_K_positive": 0.0,
                "P_AT_K_negative": 0.0
            }
        ],
        "P530": [
            {
                "MRR": 0.050488454941855214,
                "MRR_negative": 0.0,
                "MRR_positive": 0.0,
                "P_AT_1": 0.008032128514056224,
                "P_AT_10": 0.13755020080321284,
                "P_AT_K": 0.6917670682730924,
                "P_AT_K_positive": 0.0,
                "P_AT_K_negative": 0.0
            }
        ],
        "P176": [
            {
                "MRR": 0.01756913240348946,
                "MRR_negative": 0.0,
                "MRR_positive": 0.0,
                "P_AT_1": 0.0010277492291880781,
                "P_AT_10": 0.041109969167523124,
                "P_AT_K": 0.2446043165467626,
                "P_AT_K_positive": 0.0,
                "P_AT_K_negative": 0.0
            }
        ],
        "P27": [
            {
                "MRR": 0.0012513386857382247,
                "MRR_negative": 0.0,
                "MRR_positive": 0.0,
                "P_AT_1": 0.0,
                "P_AT_10": 0.0010351966873706005,
                "P_AT_K": 0.019668737060041408,
                "P_AT_K_positive": 0.0,
                "P_AT_K_negative": 0.0
            }
        ],
        "P407": [
            {
                "MRR": 0.05327964819814937,
                "MRR_negative": 0.0,
                "MRR_positive": 0.0,