{"Google_RE": {"means": ["Mean P@1,10,k: 0.00776429349185363, 0.09266350261435762, 0.4659416196314407"], "place_of_birth": [{"MRR": 0.05504273077707907, "MRR_negative": 0.0, "MRR_positive": 0.05504273077707907, "P_AT_1": 0.011576438542730678, "P_AT_10": 0.1317671092951992, "P_AT_K": 0.4473953013278856, "P_AT_K_positive": 0.4473953013278856, "P_AT_K_negative": 0.0}], "date_of_birth": [{"MRR": 0.04943539690789697, "MRR_negative": 0.0, "MRR_positive": 0.04943539690789697, "P_AT_1": 0.010410958904109589, "P_AT_10": 0.10575342465753425, "P_AT_K": 0.6619178082191781, "P_AT_K_positive": 0.6619178082191781, "P_AT_K_negative": 0.0}], "place_of_death": [{"MRR": 0.019111718520673556, "MRR_negative": 0.0, "MRR_positive": 0.019111718520673556, "P_AT_1": 0.0013054830287206266, "P_AT_10": 0.04046997389033943, "P_AT_K": 0.2885117493472585, "P_AT_K_positive": 0.2885117493472585, "P_AT_K_negative": 0.0}]}, "TREx": {"means": ["Mean P@1,10,k: 0.052891735213756425, 0.2033237148617716, 0.5255560600368783"], "P19": [{"MRR": 0.051321695066494824, "MRR_negative": 0.0, "MRR_positive": 0.0, "P_AT_1": 0.022245762711864406, "P_AT_10": 0.13771186440677965, "P_AT_K": 0.4480932203389831, "P_AT_K_positive": 0.0, "P_AT_K_negative": 0.0}], "P20": [{"MRR": 0.042416351252972356, "MRR_negative": 0.0, "MRR_positive": 0.0, "P_AT_1": 0.008394543546694649, "P_AT_10": 0.09968520461699895, "P_AT_K": 0.45540398740818466, "P_AT_K_positive": 0.0, "P_AT_K_negative": 0.0}], "P279": [{"MRR": 0.06119745508938463, "MRR_negative": 0.0, "MRR_positive": 0.0, "P_AT_1": 0.00933609958506224, "P_AT_10": 0.17842323651452283, "P_AT_K": 0.39522821576763484, "P_AT_K_positive": 0.0, "P_AT_K_negative": 0.0}], "P37": [{"MRR": 0.08953071442578539, "MRR_negative": 0.0, "MRR_positive": 0.0, "P_AT_1": 0.062111801242236024, "P_AT_10": 0.2246376811594203, "P_AT_K": 0.5631469979296067, "P_AT_K_positive": 0.0, "P_AT_K_negative": 0.0}], "P413": [{"MRR": 0.05323803593177168, "MRR_negative": 0.0, "MRR_positive": 0.0, "P_AT_1": 0.004201680672268907, "P_AT_10": 0.14285714285714285, "P_AT_K": 0.7048319327731093, "P_AT_K_positive": 0.0, "P_AT_K_negative": 0.0}], "P449": [{"MRR": 0.19648950535545578, "MRR_negative": 0.0, "MRR_positive": 0.0, "P_AT_1": 0.28863636363636364, "P_AT_10": 0.740909090909091, "P_AT_K": 0.8738636363636364, "P_AT_K_positive": 0.0, "P_AT_K_negative": 0.0}], "P47": [{"MRR": 0.052050715094900724, "MRR_negative": 0.0, "MRR_positive": 0.0, "P_AT_1": 0.011956521739130435, "P_AT_10": 0.11304347826086956, "P_AT_K": 0.4391304347826087, "P_AT_K_positive": 0.0, "P_AT_K_negative": 0.0}], "P138": [{"MRR": 0.002328464386606683, "MRR_negative": 0.0, "MRR_positive": 0.0, "P_AT_1": 0.0, "P_AT_10": 0.004672897196261682, "P_AT_K": 0.03894080996884735, "P_AT_K_positive": 0.0, "P_AT_K_negative": 0.0}], "P364": [{"MRR": 0.0981109464720968, "MRR_negative": 0.0, "MRR_positive": 0.0, "P_AT_1": 0.0911214953271028, "P_AT_10": 0.2733644859813084, "P_AT_K": 0.6588785046728972, "P_AT_K_positive": 0.0, "P_AT_K_negative": 0.0}], "P463": [{"MRR": 0.08245428237014948, "MRR_negative": 0.0, "MRR_positive": 0.0, "P_AT_1": 0.5511111111111111, "P_AT_10": 0.6888888888888889, "P_AT_K": 0.7422222222222222, "P_AT_K_positive": 0.0, "P_AT_K_negative": 0.0}], "P101": [{"MRR": 0.07504014035604208, "MRR_negative": 0.0, "MRR_positive": 0.0, "P_AT_1": 0.027298850574712645, "P_AT_10": 0.19827586206896552, "P_AT_K": 0.5761494252873564, "P_AT_K_positive": 0.0, "P_AT_K_negative": 0.0}], "P106": [{"MRR": 0.033716643214084616, "MRR_negative": 0.0, "MRR_positive": 0.0, "P_AT_1": 0.009394572025052192, "P_AT_10": 0.06889352818371608, "P_AT_K": 0.4279749478079332, "P_AT_K_positive": 0.0, "P_AT_K_negative": 0.0}], "P527": [{"MRR": 0.023315066828144416, "MRR_negative": 0.0, "MRR_positive": 0.0, "P_AT_1": 0.0030737704918032786, "P_AT_10": 0.06147540983606557, "P_AT_K": 0.3206967213114754, "P_AT_K_positive": 0.0, "P_AT_K_negative": 0.0}], "P530": [{"MRR": 0.06652096328877695, "MRR_negative": 0.0, "MRR_positive": 0.0, "P_AT_1": 0.007028112449799197, "P_AT_10": 0.15261044176706828, "P_AT_K": 0.75, "P_AT_K_positive": 0.0, "P_AT_K_negative": 0.0}], "P176": [{"MRR": 0.08128412490139293, "MRR_negative": 0.0, "MRR_positive": 0.0, "P_AT_1": 0.018499486125385406, "P_AT_10": 0.2589928057553957, "P_AT_K": 0.5344295991778006, "P_AT_K_positive": 0.0, "P_AT_K_negative": 0.0}], "P27": [{"MRR": 0.0006665939736924723, "MRR_negative": 0.0, "MRR_positive": 0.0, "P_AT_1": 0.0, "P_AT_10": 0.0, "P_AT_K": 0.007246376811594203, "P_AT_K_positive": 0.0, "P_AT_K_negative": 0.0}], "P407": [{"MRR": 0.14181899954177915, "MRR_negative": 0.0, "MRR_positive": 0.0, "P_AT_1": 0.20524515393386544, "P_AT_10": 0.49486887115165334, "P_AT_K": 0.7206385404789054, "P_AT_K_positive": 0.0, "P_AT_K_negative": 0.0}], "P30": [{"MRR": 0.09823387428976059, "MRR_negative": 0.0, "MRR_positive": 0.0, "P_AT_1": 0.05128205128205128, "P_AT_10": 0.2523076923076923, "P_AT_K": 0.7548717948717949, "P_AT_K_positive": 0.0, "P_AT_K_negative": 0.0}], "P178": [{"MRR": 0.16073726386215037, "MRR_negative": 0.0, "MRR_positive": 0.0, "P_AT_1": 0.09306260575296109, "P_AT_10": 0.42978003384094754, "P_AT_K": 0.7208121827411168, "P_AT_K_positive": 0.0, "P_AT_K_negative": 0.0}], "P1376": [{"MRR": 0.044239877233680086, "MRR_negative": 0.0, "MRR_positive": 0.0, "P_AT_1": 0.02145922746781116, "P_AT_10": 0.12017167381974249, "P_AT_K": 0.4334763948497854, "P_AT_K_positive": 0.0, "P_AT_K_negative": 0.0}], "P131": [{"MRR": 0.05289580378158195, "MRR_negative": 0.0, "MRR_positive": 0.0, "P_AT_1": 0.014755959137343927, "P_AT_10": 0.13053348467650397, "P_AT_K": 0.49148694665153236, "P_AT_K_positive": 0.0, "P_AT_K_negative": 0.0}], "P1412": [{"MRR": 0.08398327679517223, "MRR_negative": 0.0, "MRR_positive": 0.0, "P_AT_1": 0.017543859649122806, "P_AT_10": 0.23839009287925697, "P_AT_K": 0.608875128998968, "P_AT_K_positive": 0.0, "P_AT_K_negative": 0.0}], "P108": [{"MRR": 0.05467622702045596, "MRR_negative": 0.0, "MRR_positive": 0.0, "P_AT_1": 0.0026109660574412533, "P_AT_10": 0.13315926892950392, "P_AT_K": 0.608355091383812, "P_AT_K_positive": 0.0, "P_AT_K_negative": 0.0}], "P136": [{"MRR": 0.06240302902829424, "MRR_negative": 0.0, "MRR_positive": 0.0, "P_AT_1": 0.0010741138560687433, "P_AT_10": 0.20300751879699247, "P_AT_K": 0.6541353383458647, "P_AT_K_positive": 0.0, "P_AT_K_negative": 0.0}], "P17": [{"MRR": 0.05067224244430923, "MRR_negative": 0.0, "MRR_positive": 0.0, "P_AT_1": 0.01935483870967742, "P_AT_10": 0.13655913978494624, "P_AT_K": 0.5559139784946237, "P_AT_K_positive": 0.0, "P_AT_K_negative": 0.0}], "P39": [{"MRR": 0.12696727290839782, "MRR_negative": 0.0, "MRR_positive": 0.0, "P_AT_1": 0.0515695067264574, "P_AT_10": 0.3329596412556054, "P_AT_K": 0.7556053811659192, "P_AT_K_positive": 0.0, "P_AT_K_negative": 0.0}], "P264": [{"MRR": 0.030729038732847606, "MRR_negative": 0.0, "MRR_positive": 0.0, "P_AT_1": 0.17715617715617715, "P_AT_10": 0.21212121212121213, "P_AT_K": 0.2261072261072261, "P_AT_K_positive": 0.0, "P_AT_K_negative": 0.0}], "P276": [{"MRR": 0.036868411062879365, "MRR_negative": 0.0, "MRR_positive": 0.0, "P_AT_1": 0.0020876826722338203, "P_AT_10": 0.0824634655532359, "P_AT_K": 0.40083507306889354, "P_AT_K_positive": 0.0, "P_AT_K_negative": 0.0}], "P937": [{"MRR": 0.08495785605599385, "MRR_negative": 0.0, "MRR_positive": 0.0, "P_AT_1": 0.10482180293501048, "P_AT_10": 0.29350104821802936, "P_AT_K": 0.6027253668763103, "P_AT_K_positive": 0.0, "P_AT_K_negative": 0.0}], "P140": [{"MRR": 0.04039322976048525, "MRR_negative": 0.0, "MRR_positive": 0.0, "P_AT_1": 0.0, "P_AT_10": 0.1014799154334038, "P_AT_K": 0.7885835095137421, "P_AT_K_positive": 0.0, "P_AT_K_negative": 0.0}], "P1303": [{"MRR": 0.1071347515577867, "MRR_negative": 0.0, "MRR_positive": 0.0, "P_AT_1": 0.011591148577449948, "P_AT_10": 0.24868282402528977, "P_AT_K": 0.571127502634352, "P_AT_K_positive": 0.0, "P_AT_K_negative": 0.0}], "P127": [{"MRR": 0.052328120359830387, "MRR_negative": 0.0, "MRR_positive": 0.0, "P_AT_1": 0.023289665211062592, "P_AT_10": 0.1615720524017467,