{"Google_RE": {"means": ["Mean P@1,10,k: 0.006993935040725867, 0.08056246814931582, 0.43246321460487386"], "place_of_birth": [{"MRR": 0.04669599851024052, "MRR_negative": 0.0, "MRR_positive": 0.04669599851024052, "P_AT_1": 0.007831120190670752, "P_AT_10": 0.11440245148110317, "P_AT_K": 0.43786176370446034, "P_AT_K_positive": 0.43786176370446034, "P_AT_K_negative": 0.0}], "date_of_birth": [{"MRR": 0.05197965845720264, "MRR_negative": 0.0, "MRR_positive": 0.05197965845720264, "P_AT_1": 0.01315068493150685, "P_AT_10": 0.11945205479452055, "P_AT_K": 0.6832876712328767, "P_AT_K_positive": 0.6832876712328767, "P_AT_K_negative": 0.0}], "place_of_death": [{"MRR": 0.009358177267477964, "MRR_negative": 0.0, "MRR_positive": 0.009358177267477964, "P_AT_1": 0.0, "P_AT_10": 0.007832898172323759, "P_AT_K": 0.1762402088772846, "P_AT_K_positive": 0.1762402088772846, "P_AT_K_negative": 0.0}]}, "TREx": {"means": ["Mean P@1,10,k: 0.04749044586918945, 0.17987106434592826, 0.49412473831341314"], "P19": [{"MRR": 0.04573178813559122, "MRR_negative": 0.0, "MRR_positive": 0.0, "P_AT_1": 0.007415254237288136, "P_AT_10": 0.10805084745762712, "P_AT_K": 0.4417372881355932, "P_AT_K_positive": 0.0, "P_AT_K_negative": 0.0}], "P20": [{"MRR": 0.01643052470958574, "MRR_negative": 0.0, "MRR_positive": 0.0, "P_AT_1": 0.0, "P_AT_10": 0.026232948583420776, "P_AT_K": 0.29485834207764955, "P_AT_K_positive": 0.0, "P_AT_K_negative": 0.0}], "P279": [{"MRR": 0.0536734813544115, "MRR_negative": 0.0, "MRR_positive": 0.0, "P_AT_1": 0.012448132780082987, "P_AT_10": 0.18360995850622408, "P_AT_K": 0.3900414937759336, "P_AT_K_positive": 0.0, "P_AT_K_negative": 0.0}], "P37": [{"MRR": 0.05656982717480391, "MRR_negative": 0.0, "MRR_positive": 0.0, "P_AT_1": 0.012422360248447204, "P_AT_10": 0.15838509316770186, "P_AT_K": 0.40993788819875776, "P_AT_K_positive": 0.0, "P_AT_K_negative": 0.0}], "P413": [{"MRR": 0.029189970811041927, "MRR_negative": 0.0, "MRR_positive": 0.0, "P_AT_1": 0.0, "P_AT_10": 0.04411764705882353, "P_AT_K": 0.6586134453781513, "P_AT_K_positive": 0.0, "P_AT_K_negative": 0.0}], "P449": [{"MRR": 0.21386567682897584, "MRR_negative": 0.0, "MRR_positive": 0.0, "P_AT_1": 0.32045454545454544, "P_AT_10": 0.6477272727272727, "P_AT_K": 0.8704545454545455, "P_AT_K_positive": 0.0, "P_AT_K_negative": 0.0}], "P47": [{"MRR": 0.039704881987236804, "MRR_negative": 0.0, "MRR_positive": 0.0, "P_AT_1": 0.011956521739130435, "P_AT_10": 0.09782608695652174, "P_AT_K": 0.41956521739130437, "P_AT_K_positive": 0.0, "P_AT_K_negative": 0.0}], "P138": [{"MRR": 0.0024277126610663708, "MRR_negative": 0.0, "MRR_positive": 0.0, "P_AT_1": 0.0, "P_AT_10": 0.004672897196261682, "P_AT_K": 0.037383177570093455, "P_AT_K_positive": 0.0, "P_AT_K_negative": 0.0}], "P364": [{"MRR": 0.08953279808868406, "MRR_negative": 0.0, "MRR_positive": 0.0, "P_AT_1": 0.0630841121495327, "P_AT_10": 0.2570093457943925, "P_AT_K": 0.633177570093458, "P_AT_K_positive": 0.0, "P_AT_K_negative": 0.0}], "P463": [{"MRR": 0.10691299309249191, "MRR_negative": 0.0, "MRR_positive": 0.0, "P_AT_1": 0.5377777777777778, "P_AT_10": 0.7111111111111111, "P_AT_K": 0.7422222222222222, "P_AT_K_positive": 0.0, "P_AT_K_negative": 0.0}], "P101": [{"MRR": 0.041454538244422454, "MRR_negative": 0.0, "MRR_positive": 0.0, "P_AT_1": 0.035919540229885055, "P_AT_10": 0.10632183908045977, "P_AT_K": 0.521551724137931, "P_AT_K_positive": 0.0, "P_AT_K_negative": 0.0}], "P106": [{"MRR": 0.027309014663369883, "MRR_negative": 0.0, "MRR_positive": 0.0, "P_AT_1": 0.005219206680584551, "P_AT_10": 0.06367432150313153, "P_AT_K": 0.4279749478079332, "P_AT_K_positive": 0.0, "P_AT_K_negative": 0.0}], "P527": [{"MRR": 0.02586232511692372, "MRR_negative": 0.0, "MRR_positive": 0.0, "P_AT_1": 0.0020491803278688526, "P_AT_10": 0.050204918032786885, "P_AT_K": 0.3668032786885246, "P_AT_K_positive": 0.0, "P_AT_K_negative": 0.0}], "P530": [{"MRR": 0.06569460426264666, "MRR_negative": 0.0, "MRR_positive": 0.0, "P_AT_1": 0.013052208835341365, "P_AT_10": 0.1857429718875502, "P_AT_K": 0.7269076305220884, "P_AT_K_positive": 0.0, "P_AT_K_negative": 0.0}], "P176": [{"MRR": 0.06886051183145857, "MRR_negative": 0.0, "MRR_positive": 0.0, "P_AT_1": 0.009249743062692703, "P_AT_10": 0.20760534429599178, "P_AT_K": 0.5118191161356629, "P_AT_K_positive": 0.0, "P_AT_K_negative": 0.0}], "P27": [{"MRR": 0.00039702031364237584, "MRR_negative": 0.0, "MRR_positive": 0.0, "P_AT_1": 0.0, "P_AT_10": 0.0, "P_AT_K": 0.004140786749482402, "P_AT_K_positive": 0.0, "P_AT_K_negative": 0.0}], "P407": [{"MRR": 0.14501537197638645, "MRR_negative": 0.0, "MRR_positive": 0.0, "P_AT_1": 0.1630558722919042, "P_AT_10": 0.4572405929304447, "P_AT_K": 0.6727480045610034, "P_AT_K_positive": 0.0, "P_AT_K_negative": 0.0}], "P30": [{"MRR": 0.060303872142918, "MRR_negative": 0.0, "MRR_positive": 0.0, "P_AT_1": 0.015384615384615385, "P_AT_10": 0.16102564102564101, "P_AT_K": 0.6748717948717948, "P_AT_K_positive": 0.0, "P_AT_K_negative": 0.0}], "P178": [{"MRR": 0.16326570533887594, "MRR_negative": 0.0, "MRR_positive": 0.0, "P_AT_1": 0.05245346869712352, "P_AT_10": 0.45516074450084604, "P_AT_K": 0.8037225042301185, "P_AT_K_positive": 0.0, "P_AT_K_negative": 0.0}], "P1376": [{"MRR": 0.04336742985377432, "MRR_negative": 0.0, "MRR_positive": 0.0, "P_AT_1": 0.030042918454935622, "P_AT_10": 0.13304721030042918, "P_AT_K": 0.44635193133047213, "P_AT_K_positive": 0.0, "P_AT_K_negative": 0.0}], "P131": [{"MRR": 0.06004339691118841, "MRR_negative": 0.0, "MRR_positive": 0.0, "P_AT_1": 0.01362088535754824, "P_AT_10": 0.16004540295119182, "P_AT_K": 0.5459704880817253, "P_AT_K_positive": 0.0, "P_AT_K_negative": 0.0}], "P1412": [{"MRR": 0.042742259304304496, "MRR_negative": 0.0, "MRR_positive": 0.0, "P_AT_1": 0.0010319917440660474, "P_AT_10": 0.12074303405572756, "P_AT_K": 0.4674922600619195, "P_AT_K_positive": 0.0, "P_AT_K_negative": 0.0}], "P108": [{"MRR": 0.07469937408008157, "MRR_negative": 0.0, "MRR_positive": 0.0, "P_AT_1": 0.018276762402088774, "P_AT_10": 0.19843342036553524, "P_AT_K": 0.6840731070496083, "P_AT_K_positive": 0.0, "P_AT_K_negative": 0.0}], "P136": [{"MRR": 0.019699414651827476, "MRR_negative": 0.0, "MRR_positive": 0.0, "P_AT_1": 0.0, "P_AT_10": 0.017185821697099892, "P_AT_K": 0.5843179377013964, "P_AT_K_positive": 0.0, "P_AT_K_negative": 0.0}], "P17": [{"MRR": 0.06262036877755918, "MRR_negative": 0.0, "MRR_positive": 0.0, "P_AT_1": 0.00967741935483871, "P_AT_10": 0.15591397849462366, "P_AT_K": 0.6193548387096774, "P_AT_K_positive": 0.0, "P_AT_K_negative": 0.0}], "P39": [{"MRR": 0.1274768702846721, "MRR_negative": 0.0, "MRR_positive": 0.0, "P_AT_1": 0.04484304932735426, "P_AT_10": 0.3531390134529148, "P_AT_K": 0.844170403587444, "P_AT_K_positive": 0.0, "P_AT_K_negative": 0.0}], "P264": [{"MRR": 0.014073829327803499, "MRR_negative": 0.0, "MRR_positive": 0.0, "P_AT_1": 0.1958041958041958, "P_AT_10": 0.21212121212121213, "P_AT_K": 0.24708624708624707, "P_AT_K_positive": 0.0, "P_AT_K_negative": 0.0}], "P276": [{"MRR": 0.03200971842473985, "MRR_negative": 0.0, "MRR_positive": 0.0, "P_AT_1": 0.0020876826722338203, "P_AT_10": 0.07828810020876827, "P_AT_K": 0.3663883089770355, "P_AT_K_positive": 0.0, "P_AT_K_negative": 0.0}], "P937": [{"MRR": 0.07295311737431165, "MRR_negative": 0.0, "MRR_positive": 0.0, "P_AT_1": 0.06708595387840671, "P_AT_10": 0.19916142557651992, "P_AT_K": 0.44863731656184486, "P_AT_K_positive": 0.0, "P_AT_K_negative": 0.0}], "P140": [{"MRR": 0.049488264315478606, "MRR_negative": 0.0, "MRR_positive": 0.0, "P_AT_1": 0.0, "P_AT_10": 0.1331923890063425, "P_AT_K": 0.6744186046511628, "P_AT_K_positive": 0.0, "P_AT_K_negative": 0.0}], "P1303": [{"MRR": 0.11172561704519339, "MRR_negative": 0.0, "MRR_positive": 0.0, "P_AT_1": 0.03582718651211802, "P_AT_10": 0.2665964172813488, "P_AT_K": 0.5806111696522656, "P_AT_K_positive": 0.0, "P_AT_K_negative": 0.0}], "P127": [{"MRR": 0.05394674269734431, "MRR_negative": 0.0, "MRR_positive": 0.0, "P_AT_1": 0.008733624454148471, "P_AT_10": 0.14556040756914118, "P_AT_K": 0.4163027656477438,