{"Google_RE": {"means": ["Mean P@1,10,k: 0.01626884607273628, 0.10503802832811081, 0.45828708719837835"], "place_of_birth": [{"MRR": 0.07443807930190476, "MRR_negative": 0.0, "MRR_positive": 0.07443807930190476, "P_AT_1": 0.030643513789581207, "P_AT_10": 0.19782090568607422, "P_AT_K": 0.5274089206673477, "P_AT_K_positive": 0.5274089206673477, "P_AT_K_negative": 0.0}], "date_of_birth": [{"MRR": 0.04912487428202777, "MRR_negative": 0.0, "MRR_positive": 0.04912487428202777, "P_AT_1": 0.014246575342465753, "P_AT_10": 0.10684931506849316, "P_AT_K": 0.743013698630137, "P_AT_K_positive": 0.743013698630137, "P_AT_K_negative": 0.0}], "place_of_death": [{"MRR": 0.005653090386306158, "MRR_negative": 0.0, "MRR_positive": 0.005653090386306158, "P_AT_1": 0.0039164490861618795, "P_AT_10": 0.010443864229765013, "P_AT_K": 0.10443864229765012, "P_AT_K_positive": 0.10443864229765012, "P_AT_K_negative": 0.0}]}, "TREx": {"means": ["Mean P@1,10,k: 0.051306179385866395, 0.21751018157597135, 0.5491673960044284"], "P19": [{"MRR": 0.08129664999609185, "MRR_negative": 0.0, "MRR_positive": 0.0, "P_AT_1": 0.03389830508474576, "P_AT_10": 0.21716101694915255, "P_AT_K": 0.5529661016949152, "P_AT_K_positive": 0.0, "P_AT_K_negative": 0.0}], "P20": [{"MRR": 0.01948263073099362, "MRR_negative": 0.0, "MRR_positive": 0.0, "P_AT_1": 0.0, "P_AT_10": 0.03462749213011543, "P_AT_K": 0.19517313746065057, "P_AT_K_positive": 0.0, "P_AT_K_negative": 0.0}], "P279": [{"MRR": 0.14076882266942006, "MRR_negative": 0.0, "MRR_positive": 0.0, "P_AT_1": 0.1078838174273859, "P_AT_10": 0.3817427385892116, "P_AT_K": 0.6556016597510373, "P_AT_K_positive": 0.0, "P_AT_K_negative": 0.0}], "P37": [{"MRR": 0.1758507783815577, "MRR_negative": 0.0, "MRR_positive": 0.0, "P_AT_1": 0.17287784679089027, "P_AT_10": 0.5507246376811594, "P_AT_K": 0.927536231884058, "P_AT_K_positive": 0.0, "P_AT_K_negative": 0.0}], "P413": [{"MRR": 0.007165500221346886, "MRR_negative": 0.0, "MRR_positive": 0.0, "P_AT_1": 0.0, "P_AT_10": 0.0021008403361344537, "P_AT_K": 0.20483193277310924, "P_AT_K_positive": 0.0, "P_AT_K_negative": 0.0}], "P449": [{"MRR": 0.1357297726848396, "MRR_negative": 0.0, "MRR_positive": 0.0, "P_AT_1": 0.28863636363636364, "P_AT_10": 0.6863636363636364, "P_AT_K": 0.8727272727272727, "P_AT_K_positive": 0.0, "P_AT_K_negative": 0.0}], "P47": [{"MRR": 0.04295502485654865, "MRR_negative": 0.0, "MRR_positive": 0.0, "P_AT_1": 0.008695652173913044, "P_AT_10": 0.09130434782608696, "P_AT_K": 0.4815217391304348, "P_AT_K_positive": 0.0, "P_AT_K_negative": 0.0}], "P138": [{"MRR": 0.009526236758863703, "MRR_negative": 0.0, "MRR_positive": 0.0, "P_AT_1": 0.001557632398753894, "P_AT_10": 0.028037383177570093, "P_AT_K": 0.13551401869158877, "P_AT_K_positive": 0.0, "P_AT_K_negative": 0.0}], "P364": [{"MRR": 0.1455720690581725, "MRR_negative": 0.0, "MRR_positive": 0.0, "P_AT_1": 0.12850467289719625, "P_AT_10": 0.45560747663551404, "P_AT_K": 0.8679906542056075, "P_AT_K_positive": 0.0, "P_AT_K_negative": 0.0}], "P463": [{"MRR": 0.32784298263828116, "MRR_negative": 0.0, "MRR_positive": 0.0, "P_AT_1": 0.07555555555555556, "P_AT_10": 0.5733333333333334, "P_AT_K": 0.7466666666666667, "P_AT_K_positive": 0.0, "P_AT_K_negative": 0.0}], "P101": [{"MRR": 0.047353457928085284, "MRR_negative": 0.0, "MRR_positive": 0.0, "P_AT_1": 0.01293103448275862, "P_AT_10": 0.10919540229885058, "P_AT_K": 0.5201149425287356, "P_AT_K_positive": 0.0, "P_AT_K_negative": 0.0}], "P106": [{"MRR": 0.040748308332061015, "MRR_negative": 0.0, "MRR_positive": 0.0, "P_AT_1": 0.0010438413361169101, "P_AT_10": 0.07828810020876827, "P_AT_K": 0.6356993736951984, "P_AT_K_positive": 0.0, "P_AT_K_negative": 0.0}], "P527": [{"MRR": 0.0537063398991705, "MRR_negative": 0.0, "MRR_positive": 0.0, "P_AT_1": 0.025614754098360656, "P_AT_10": 0.13012295081967212, "P_AT_K": 0.4180327868852459, "P_AT_K_positive": 0.0, "P_AT_K_negative": 0.0}], "P530": [{"MRR": 0.06119215773344608, "MRR_negative": 0.0, "MRR_positive": 0.0, "P_AT_1": 0.013052208835341365, "P_AT_10": 0.16265060240963855, "P_AT_K": 0.8242971887550201, "P_AT_K_positive": 0.0, "P_AT_K_negative": 0.0}], "P176": [{"MRR": 0.10269467594191162, "MRR_negative": 0.0, "MRR_positive": 0.0, "P_AT_1": 0.04316546762589928, "P_AT_10": 0.2949640287769784, "P_AT_K": 0.5889003083247688, "P_AT_K_positive": 0.0, "P_AT_K_negative": 0.0}], "P27": [{"MRR": 0.004397352764016333, "MRR_negative": 0.0, "MRR_positive": 0.0, "P_AT_1": 0.0, "P_AT_10": 0.0, "P_AT_K": 0.11904761904761904, "P_AT_K_positive": 0.0, "P_AT_K_negative": 0.0}], "P407": [{"MRR": 0.11104376731838594, "MRR_negative": 0.0, "MRR_positive": 0.0, "P_AT_1": 0.08551881413911061, "P_AT_10": 0.29874572405929306, "P_AT_K": 0.6328392246294184, "P_AT_K_positive": 0.0, "P_AT_K_negative": 0.0}], "P30": [{"MRR": 0.08660610041729842, "MRR_negative": 0.0, "MRR_positive": 0.0, "P_AT_1": 0.05641025641025641, "P_AT_10": 0.22256410256410256, "P_AT_K": 0.6153846153846154, "P_AT_K_positive": 0.0, "P_AT_K_negative": 0.0}], "P178": [{"MRR": 0.17849676143415327, "MRR_negative": 0.0, "MRR_positive": 0.0, "P_AT_1": 0.2521150592216582, "P_AT_10": 0.5736040609137056, "P_AT_K": 0.8206429780033841, "P_AT_K_positive": 0.0, "P_AT_K_negative": 0.0}], "P1376": [{"MRR": 0.10279789648265221, "MRR_negative": 0.0, "MRR_positive": 0.0, "P_AT_1": 0.034334763948497854, "P_AT_10": 0.24892703862660945, "P_AT_K": 0.6051502145922747, "P_AT_K_positive": 0.0, "P_AT_K_negative": 0.0}], "P131": [{"MRR": 0.07925548747547226, "MRR_negative": 0.0, "MRR_positive": 0.0, "P_AT_1": 0.039727582292849034, "P_AT_10": 0.22701475595913734, "P_AT_K": 0.5959137343927355, "P_AT_K_positive": 0.0, "P_AT_K_negative": 0.0}], "P1412": [{"MRR": 0.061675868836885826, "MRR_negative": 0.0, "MRR_positive": 0.0, "P_AT_1": 0.015479876160990712, "P_AT_10": 0.15376676986584106, "P_AT_K": 0.5779153766769866, "P_AT_K_positive": 0.0, "P_AT_K_negative": 0.0}], "P108": [{"MRR": 0.03907561063307375, "MRR_negative": 0.0, "MRR_positive": 0.0, "P_AT_1": 0.0, "P_AT_10": 0.0731070496083551, "P_AT_K": 0.6057441253263708, "P_AT_K_positive": 0.0, "P_AT_K_negative": 0.0}], "P136": [{"MRR": 0.027582363159473686, "MRR_negative": 0.0, "MRR_positive": 0.0, "P_AT_1": 0.0010741138560687433, "P_AT_10": 0.06337271750805586, "P_AT_K": 0.5349087003222341, "P_AT_K_positive": 0.0, "P_AT_K_negative": 0.0}], "P17": [{"MRR": 0.11779264591654928, "MRR_negative": 0.0, "MRR_positive": 0.0, "P_AT_1": 0.08494623655913978, "P_AT_10": 0.3258064516129032, "P_AT_K": 0.7537634408602151, "P_AT_K_positive": 0.0, "P_AT_K_negative": 0.0}], "P39": [{"MRR": 0.06767254844146463, "MRR_negative": 0.0, "MRR_positive": 0.0, "P_AT_1": 0.033632286995515695, "P_AT_10": 0.1647982062780269, "P_AT_K": 0.6782511210762332, "P_AT_K_positive": 0.0, "P_AT_K_negative": 0.0}], "P264": [{"MRR": 0.054816242282240156, "MRR_negative": 0.0, "MRR_positive": 0.0, "P_AT_1": 0.15384615384615385, "P_AT_10": 0.2703962703962704, "P_AT_K": 0.4801864801864802, "P_AT_K_positive": 0.0, "P_AT_K_negative": 0.0}], "P276": [{"MRR": 0.06401122128664781, "MRR_negative": 0.0, "MRR_positive": 0.0, "P_AT_1": 0.03444676409185804, "P_AT_10": 0.1524008350730689, "P_AT_K": 0.49269311064718163, "P_AT_K_positive": 0.0, "P_AT_K_negative": 0.0}], "P937": [{"MRR": 0.03903475362032336, "MRR_negative": 0.0, "MRR_positive": 0.0, "P_AT_1": 0.01781970649895178, "P_AT_10": 0.10377358490566038, "P_AT_K": 0.35953878406708595, "P_AT_K_positive": 0.0, "P_AT_K_negative": 0.0}], "P140": [{"MRR": 0.03136306776343149, "MRR_negative": 0.0, "MRR_positive": 0.0, "P_AT_1": 0.0021141649048625794, "P_AT_10": 0.052854122621564484, "P_AT_K": 0.6046511627906976, "P_AT_K_positive": 0.0, "P_AT_K_negative": 0.0}], "P1303": [{"MRR": 0.09021123223375499, "MRR_negative": 0.0, "MRR_positive": 0.0, "P_AT_1": 0.04741833508956796, "P_AT_10": 0.2571127502634352, "P_AT_K": 0.589041095890411, "P_AT_K_positive": 0.0, "P_AT_K_negative": 0.0}], "P127": [{"MRR": 0.06988704973944665, "MRR_negative": 0.0, "MRR_positive": 0.0, "P_AT_1": 0.033478893740902474, "P_AT_10": 0.19068413391557495,