{"Google_RE": {"means": ["Mean P@1,10,k: 0.03767204973344301, 0.18256874467622872, 0.5414456686822361"], "place_of_birth": [{"MRR": 0.10575339813537774, "MRR_negative": 0.0, "MRR_positive": 0.10575339813537774, "P_AT_1": 0.06571331290432414, "P_AT_10": 0.2914538644875724, "P_AT_K": 0.6142322097378277, "P_AT_K_positive": 0.6142322097378277, "P_AT_K_negative": 0.0}], "date_of_birth": [{"MRR": 0.05712563654123301, "MRR_negative": 0.0, "MRR_positive": 0.05712563654123301, "P_AT_1": 0.012054794520547946, "P_AT_10": 0.14136986301369864, "P_AT_K": 0.7594520547945205, "P_AT_K_positive": 0.7594520547945205, "P_AT_K_negative": 0.0}], "place_of_death": [{"MRR": 0.03797611147717617, "MRR_negative": 0.0, "MRR_positive": 0.03797611147717617, "P_AT_1": 0.03524804177545692, "P_AT_10": 0.11488250652741515, "P_AT_K": 0.2506527415143603, "P_AT_K_positive": 0.2506527415143603, "P_AT_K_negative": 0.0}]}, "TREx": {"means": ["Mean P@1,10,k: 0.10736870604897512, 0.34825174827637806, 0.6631298306981348"], "P19": [{"MRR": 0.12185028909732949, "MRR_negative": 0.0, "MRR_positive": 0.0, "P_AT_1": 0.0858050847457627, "P_AT_10": 0.3241525423728814, "P_AT_K": 0.6578389830508474, "P_AT_K_positive": 0.0, "P_AT_K_negative": 0.0}], "P20": [{"MRR": 0.08898544204063659, "MRR_negative": 0.0, "MRR_positive": 0.0, "P_AT_1": 0.09233997901364113, "P_AT_10": 0.2623294858342078, "P_AT_K": 0.4700944386149003, "P_AT_K_positive": 0.0, "P_AT_K_negative": 0.0}], "P279": [{"MRR": 0.1681399213445485, "MRR_negative": 0.0, "MRR_positive": 0.0, "P_AT_1": 0.07053941908713693, "P_AT_10": 0.3983402489626556, "P_AT_K": 0.5912863070539419, "P_AT_K_positive": 0.0, "P_AT_K_negative": 0.0}], "P37": [{"MRR": 0.2545740392001553, "MRR_negative": 0.0, "MRR_positive": 0.0, "P_AT_1": 0.2732919254658385, "P_AT_10": 0.7898550724637681, "P_AT_K": 0.974120082815735, "P_AT_K_positive": 0.0, "P_AT_K_negative": 0.0}], "P413": [{"MRR": 0.08454399578333816, "MRR_negative": 0.0, "MRR_positive": 0.0, "P_AT_1": 0.004201680672268907, "P_AT_10": 0.2184873949579832, "P_AT_K": 0.7552521008403361, "P_AT_K_positive": 0.0, "P_AT_K_negative": 0.0}], "P449": [{"MRR": 0.28196476798007714, "MRR_negative": 0.0, "MRR_positive": 0.0, "P_AT_1": 0.3068181818181818, "P_AT_10": 0.7318181818181818, "P_AT_K": 0.946590909090909, "P_AT_K_positive": 0.0, "P_AT_K_negative": 0.0}], "P47": [{"MRR": 0.12286883139478916, "MRR_negative": 0.0, "MRR_positive": 0.0, "P_AT_1": 0.0391304347826087, "P_AT_10": 0.30978260869565216, "P_AT_K": 0.6445652173913043, "P_AT_K_positive": 0.0, "P_AT_K_negative": 0.0}], "P138": [{"MRR": 0.020027694820712857, "MRR_negative": 0.0, "MRR_positive": 0.0, "P_AT_1": 0.0, "P_AT_10": 0.04984423676012461, "P_AT_K": 0.2336448598130841, "P_AT_K_positive": 0.0, "P_AT_K_negative": 0.0}], "P364": [{"MRR": 0.2615346988217381, "MRR_negative": 0.0, "MRR_positive": 0.0, "P_AT_1": 0.16238317757009346, "P_AT_10": 0.7219626168224299, "P_AT_K": 0.9649532710280374, "P_AT_K_positive": 0.0, "P_AT_K_negative": 0.0}], "P463": [{"MRR": 0.14346262588920086, "MRR_negative": 0.0, "MRR_positive": 0.0, "P_AT_1": 0.4888888888888889, "P_AT_10": 0.7244444444444444, "P_AT_K": 0.7644444444444445, "P_AT_K_positive": 0.0, "P_AT_K_negative": 0.0}], "P101": [{"MRR": 0.07367658976054757, "MRR_negative": 0.0, "MRR_positive": 0.0, "P_AT_1": 0.031609195402298854, "P_AT_10": 0.25, "P_AT_K": 0.6135057471264368, "P_AT_K_positive": 0.0, "P_AT_K_negative": 0.0}], "P106": [{"MRR": 0.05684367961062452, "MRR_negative": 0.0, "MRR_positive": 0.0, "P_AT_1": 0.010438413361169102, "P_AT_10": 0.11482254697286012, "P_AT_K": 0.6388308977035491, "P_AT_K_positive": 0.0, "P_AT_K_negative": 0.0}], "P527": [{"MRR": 0.08499982770356415, "MRR_negative": 0.0, "MRR_positive": 0.0, "P_AT_1": 0.050204918032786885, "P_AT_10": 0.2530737704918033, "P_AT_K": 0.5389344262295082, "P_AT_K_positive": 0.0, "P_AT_K_negative": 0.0}], "P530": [{"MRR": 0.06320988071456204, "MRR_negative": 0.0, "MRR_positive": 0.0, "P_AT_1": 0.013052208835341365, "P_AT_10": 0.14457831325301204, "P_AT_K": 0.8514056224899599, "P_AT_K_positive": 0.0, "P_AT_K_negative": 0.0}], "P176": [{"MRR": 0.13661562078464348, "MRR_negative": 0.0, "MRR_positive": 0.0, "P_AT_1": 0.17163412127440905, "P_AT_10": 0.4357656731757451, "P_AT_K": 0.7276464542651593, "P_AT_K_positive": 0.0, "P_AT_K_negative": 0.0}], "P27": [{"MRR": 0.005943388046955844, "MRR_negative": 0.0, "MRR_positive": 0.0, "P_AT_1": 0.0, "P_AT_10": 0.0010351966873706005, "P_AT_K": 0.17598343685300208, "P_AT_K_positive": 0.0, "P_AT_K_negative": 0.0}], "P407": [{"MRR": 0.1873118058841854, "MRR_negative": 0.0, "MRR_positive": 0.0, "P_AT_1": 0.28506271379703535, "P_AT_10": 0.6545039908779932, "P_AT_K": 0.8529076396807298, "P_AT_K_positive": 0.0, "P_AT_K_negative": 0.0}], "P30": [{"MRR": 0.04911017634131562, "MRR_negative": 0.0, "MRR_positive": 0.0, "P_AT_1": 0.018461538461538463, "P_AT_10": 0.13230769230769232, "P_AT_K": 0.4266666666666667, "P_AT_K_positive": 0.0, "P_AT_K_negative": 0.0}], "P178": [{"MRR": 0.17389707775999103, "MRR_negative": 0.0, "MRR_positive": 0.0, "P_AT_1": 0.2182741116751269, "P_AT_10": 0.5786802030456852, "P_AT_K": 0.8037225042301185, "P_AT_K_positive": 0.0, "P_AT_K_negative": 0.0}], "P1376": [{"MRR": 0.20667486659252343, "MRR_negative": 0.0, "MRR_positive": 0.0, "P_AT_1": 0.2832618025751073, "P_AT_10": 0.6566523605150214, "P_AT_K": 0.8412017167381974, "P_AT_K_positive": 0.0, "P_AT_K_negative": 0.0}], "P131": [{"MRR": 0.12851248583994263, "MRR_negative": 0.0, "MRR_positive": 0.0, "P_AT_1": 0.10329171396140749, "P_AT_10": 0.3620885357548241, "P_AT_K": 0.7321225879682179, "P_AT_K_positive": 0.0, "P_AT_K_negative": 0.0}], "P1412": [{"MRR": 0.112382104317527, "MRR_negative": 0.0, "MRR_positive": 0.0, "P_AT_1": 0.02786377708978328, "P_AT_10": 0.29721362229102166, "P_AT_K": 0.7750257997936016, "P_AT_K_positive": 0.0, "P_AT_K_negative": 0.0}], "P108": [{"MRR": 0.038124692980828094, "MRR_negative": 0.0, "MRR_positive": 0.0, "P_AT_1": 0.010443864229765013, "P_AT_10": 0.10182767624020887, "P_AT_K": 0.5039164490861618, "P_AT_K_positive": 0.0, "P_AT_K_negative": 0.0}], "P136": [{"MRR": 0.05770772004253585, "MRR_negative": 0.0, "MRR_positive": 0.0, "P_AT_1": 0.0021482277121374865, "P_AT_10": 0.16970998925886144, "P_AT_K": 0.611170784103115, "P_AT_K_positive": 0.0, "P_AT_K_negative": 0.0}], "P17": [{"MRR": 0.18454820699757313, "MRR_negative": 0.0, "MRR_positive": 0.0, "P_AT_1": 0.11505376344086021, "P_AT_10": 0.45268817204301076, "P_AT_K": 0.8043010752688172, "P_AT_K_positive": 0.0, "P_AT_K_negative": 0.0}], "P39": [{"MRR": 0.09449380716415927, "MRR_negative": 0.0, "MRR_positive": 0.0, "P_AT_1": 0.03811659192825112, "P_AT_10": 0.21973094170403587, "P_AT_K": 0.7881165919282511, "P_AT_K_positive": 0.0, "P_AT_K_negative": 0.0}], "P264": [{"MRR": 0.06788079724090768, "MRR_negative": 0.0, "MRR_positive": 0.0, "P_AT_1": 0.018648018648018648, "P_AT_10": 0.1561771561771562, "P_AT_K": 0.49184149184149184, "P_AT_K_positive": 0.0, "P_AT_K_negative": 0.0}], "P276": [{"MRR": 0.11140424385254435, "MRR_negative": 0.0, "MRR_positive": 0.0, "P_AT_1": 0.1336116910229645, "P_AT_10": 0.3475991649269311, "P_AT_K": 0.6534446764091858, "P_AT_K_positive": 0.0, "P_AT_K_negative": 0.0}], "P937": [{"MRR": 0.07957187644514468, "MRR_negative": 0.0, "MRR_positive": 0.0, "P_AT_1": 0.12054507337526206, "P_AT_10": 0.28197064989517817, "P_AT_K": 0.6436058700209644, "P_AT_K_positive": 0.0, "P_AT_K_negative": 0.0}], "P140": [{"MRR": 0.09879545763075838, "MRR_negative": 0.0, "MRR_positive": 0.0, "P_AT_1": 0.0021141649048625794, "P_AT_10": 0.2959830866807611, "P_AT_K": 0.8393234672304439, "P_AT_K_positive": 0.0, "P_AT_K_negative": 0.0}], "P1303": [{"MRR": 0.0856400138219382, "MRR_negative": 0.0, "MRR_positive": 0.0, "P_AT_1": 0.029504741833508957, "P_AT_10": 0.23498419388830347, "P_AT_K": 0.6554267650158061, "P_AT_K_positive": 0.0, "P_AT_K_negative": 0.0}], "P127": [{"MRR": 0.08315315098273197, "MRR_negative": 0.0, "MRR_positive": 0.0, "P_AT_1": 0.03056768558951965, "P_AT_10": 0.21397379912663755,