{"Google_RE": {"means": ["Mean P@1,10,k: 0.005408681240603667, 0.05780522624229963, 0.31952998925104553"], "place_of_birth": [{"MRR": 0.03372997732440842, "MRR_negative": 0.0, "MRR_positive": 0.03372997732440842, "P_AT_1": 0.012938372488934287, "P_AT_10": 0.0895471569628873, "P_AT_K": 0.292815798433776, "P_AT_K_positive": 0.292815798433776, "P_AT_K_negative": 0.0}], "date_of_birth": [{"MRR": 0.03641516536240444, "MRR_negative": 0.0, "MRR_positive": 0.03641516536240444, "P_AT_1": 0.0032876712328767125, "P_AT_10": 0.07342465753424658, "P_AT_K": 0.5939726027397261, "P_AT_K_positive": 0.5939726027397261, "P_AT_K_negative": 0.0}], "place_of_death": [{"MRR": 0.004730342560149317, "MRR_negative": 0.0, "MRR_positive": 0.004730342560149317, "P_AT_1": 0.0, "P_AT_10": 0.010443864229765013, "P_AT_K": 0.07180156657963446, "P_AT_K_positive": 0.07180156657963446, "P_AT_K_negative": 0.0}]}, "TREx": {"means": ["Mean P@1,10,k: 0.022475122786506374, 0.10639385321620541, 0.36673400665376765"], "P19": [{"MRR": 0.035078500860184256, "MRR_negative": 0.0, "MRR_positive": 0.0, "P_AT_1": 0.007415254237288136, "P_AT_10": 0.0826271186440678, "P_AT_K": 0.2733050847457627, "P_AT_K_positive": 0.0, "P_AT_K_negative": 0.0}], "P20": [{"MRR": 0.007023182906553025, "MRR_negative": 0.0, "MRR_positive": 0.0, "P_AT_1": 0.001049317943336831, "P_AT_10": 0.015739769150052464, "P_AT_K": 0.1248688352570829, "P_AT_K_positive": 0.0, "P_AT_K_negative": 0.0}], "P279": [{"MRR": 0.023690729507908435, "MRR_negative": 0.0, "MRR_positive": 0.0, "P_AT_1": 0.005186721991701245, "P_AT_10": 0.07053941908713693, "P_AT_K": 0.24896265560165975, "P_AT_K_positive": 0.0, "P_AT_K_negative": 0.0}], "P37": [{"MRR": 0.03861240495159054, "MRR_negative": 0.0, "MRR_positive": 0.0, "P_AT_1": 0.011387163561076604, "P_AT_10": 0.10455486542443064, "P_AT_K": 0.3188405797101449, "P_AT_K_positive": 0.0, "P_AT_K_negative": 0.0}], "P413": [{"MRR": 0.005958239037208566, "MRR_negative": 0.0, "MRR_positive": 0.0, "P_AT_1": 0.0, "P_AT_10": 0.0010504201680672268, "P_AT_K": 0.1565126050420168, "P_AT_K_positive": 0.0, "P_AT_K_negative": 0.0}], "P449": [{"MRR": 0.051240494887134, "MRR_negative": 0.0, "MRR_positive": 0.0, "P_AT_1": 0.31931818181818183, "P_AT_10": 0.5227272727272727, "P_AT_K": 0.8136363636363636, "P_AT_K_positive": 0.0, "P_AT_K_negative": 0.0}], "P47": [{"MRR": 0.032888455031352834, "MRR_negative": 0.0, "MRR_positive": 0.0, "P_AT_1": 0.007608695652173913, "P_AT_10": 0.0891304347826087, "P_AT_K": 0.3456521739130435, "P_AT_K_positive": 0.0, "P_AT_K_negative": 0.0}], "P138": [{"MRR": 0.0070210791913672506, "MRR_negative": 0.0, "MRR_positive": 0.0, "P_AT_1": 0.004672897196261682, "P_AT_10": 0.020249221183800622, "P_AT_K": 0.0794392523364486, "P_AT_K_positive": 0.0, "P_AT_K_negative": 0.0}], "P364": [{"MRR": 0.03342304088487431, "MRR_negative": 0.0, "MRR_positive": 0.0, "P_AT_1": 0.005841121495327103, "P_AT_10": 0.08761682242990654, "P_AT_K": 0.3130841121495327, "P_AT_K_positive": 0.0, "P_AT_K_negative": 0.0}], "P463": [{"MRR": 0.08966324139375924, "MRR_negative": 0.0, "MRR_positive": 0.0, "P_AT_1": 0.0044444444444444444, "P_AT_10": 0.27555555555555555, "P_AT_K": 0.6222222222222222, "P_AT_K_positive": 0.0, "P_AT_K_negative": 0.0}], "P101": [{"MRR": 0.04980435807387771, "MRR_negative": 0.0, "MRR_positive": 0.0, "P_AT_1": 0.0028735632183908046, "P_AT_10": 0.13649425287356323, "P_AT_K": 0.4238505747126437, "P_AT_K_positive": 0.0, "P_AT_K_negative": 0.0}], "P106": [{"MRR": 0.024448188426371375, "MRR_negative": 0.0, "MRR_positive": 0.0, "P_AT_1": 0.0, "P_AT_10": 0.04175365344467641, "P_AT_K": 0.5855949895615866, "P_AT_K_positive": 0.0, "P_AT_K_negative": 0.0}], "P527": [{"MRR": 0.029727203365404645, "MRR_negative": 0.0, "MRR_positive": 0.0, "P_AT_1": 0.011270491803278689, "P_AT_10": 0.07479508196721311, "P_AT_K": 0.29815573770491804, "P_AT_K_positive": 0.0, "P_AT_K_negative": 0.0}], "P530": [{"MRR": 0.05381553966089529, "MRR_negative": 0.0, "MRR_positive": 0.0, "P_AT_1": 0.007028112449799197, "P_AT_10": 0.1285140562248996, "P_AT_K": 0.7540160642570282, "P_AT_K_positive": 0.0, "P_AT_K_negative": 0.0}], "P176": [{"MRR": 0.02428371753146865, "MRR_negative": 0.0, "MRR_positive": 0.0, "P_AT_1": 0.014388489208633094, "P_AT_10": 0.05755395683453238, "P_AT_K": 0.2312435765673176, "P_AT_K_positive": 0.0, "P_AT_K_negative": 0.0}], "P27": [{"MRR": 0.0014319161282561428, "MRR_negative": 0.0, "MRR_positive": 0.0, "P_AT_1": 0.0, "P_AT_10": 0.0, "P_AT_K": 0.012422360248447204, "P_AT_K_positive": 0.0, "P_AT_K_negative": 0.0}], "P407": [{"MRR": 0.05288206892231566, "MRR_negative": 0.0, "MRR_positive": 0.0, "P_AT_1": 0.014823261117445839, "P_AT_10": 0.12200684150513112, "P_AT_K": 0.45381984036488027, "P_AT_K_positive": 0.0, "P_AT_K_negative": 0.0}], "P30": [{"MRR": 0.00783719740276948, "MRR_negative": 0.0, "MRR_positive": 0.0, "P_AT_1": 0.0, "P_AT_10": 0.003076923076923077, "P_AT_K": 0.17435897435897435, "P_AT_K_positive": 0.0, "P_AT_K_negative": 0.0}], "P178": [{"MRR": 0.13689583733096453, "MRR_negative": 0.0, "MRR_positive": 0.0, "P_AT_1": 0.2927241962774958, "P_AT_10": 0.5786802030456852, "P_AT_K": 0.6531302876480541, "P_AT_K_positive": 0.0, "P_AT_K_negative": 0.0}], "P1376": [{"MRR": 0.04124759798149627, "MRR_negative": 0.0, "MRR_positive": 0.0, "P_AT_1": 0.017167381974248927, "P_AT_10": 0.09871244635193133, "P_AT_K": 0.4248927038626609, "P_AT_K_positive": 0.0, "P_AT_K_negative": 0.0}], "P131": [{"MRR": 0.059285236651047346, "MRR_negative": 0.0, "MRR_positive": 0.0, "P_AT_1": 0.009080590238365494, "P_AT_10": 0.13280363223609534, "P_AT_K": 0.5641316685584563, "P_AT_K_positive": 0.0, "P_AT_K_negative": 0.0}], "P1412": [{"MRR": 0.031233335369781005, "MRR_negative": 0.0, "MRR_positive": 0.0, "P_AT_1": 0.0010319917440660474, "P_AT_10": 0.0629514963880289, "P_AT_K": 0.391124871001032, "P_AT_K_positive": 0.0, "P_AT_K_negative": 0.0}], "P108": [{"MRR": 0.013645597589946327, "MRR_negative": 0.0, "MRR_positive": 0.0, "P_AT_1": 0.0026109660574412533, "P_AT_10": 0.031331592689295036, "P_AT_K": 0.2349869451697128, "P_AT_K_positive": 0.0, "P_AT_K_negative": 0.0}], "P136": [{"MRR": 0.02287244146682484, "MRR_negative": 0.0, "MRR_positive": 0.0, "P_AT_1": 0.0, "P_AT_10": 0.0397422126745435, "P_AT_K": 0.547798066595059, "P_AT_K_positive": 0.0, "P_AT_K_negative": 0.0}], "P17": [{"MRR": 0.0712801153323005, "MRR_negative": 0.0, "MRR_positive": 0.0, "P_AT_1": 0.016129032258064516, "P_AT_10": 0.1881720430107527, "P_AT_K": 0.6913978494623656, "P_AT_K_positive": 0.0, "P_AT_K_negative": 0.0}], "P39": [{"MRR": 0.0643351490818213, "MRR_negative": 0.0, "MRR_positive": 0.0, "P_AT_1": 0.006726457399103139, "P_AT_10": 0.1547085201793722, "P_AT_K": 0.75, "P_AT_K_positive": 0.0, "P_AT_K_negative": 0.0}], "P264": [{"MRR": 0.05146709165095471, "MRR_negative": 0.0, "MRR_positive": 0.0, "P_AT_1": 0.013986013986013986, "P_AT_10": 0.1351981351981352, "P_AT_K": 0.4219114219114219, "P_AT_K_positive": 0.0, "P_AT_K_negative": 0.0}], "P276": [{"MRR": 0.02565099984083985, "MRR_negative": 0.0, "MRR_positive": 0.0, "P_AT_1": 0.008350730688935281, "P_AT_10": 0.049060542797494784, "P_AT_K": 0.35177453027139877, "P_AT_K_positive": 0.0, "P_AT_K_negative": 0.0}], "P937": [{"MRR": 0.047796566114273034, "MRR_negative": 0.0, "MRR_positive": 0.0, "P_AT_1": 0.005241090146750524, "P_AT_10": 0.12473794549266247, "P_AT_K": 0.3584905660377358, "P_AT_K_positive": 0.0, "P_AT_K_negative": 0.0}], "P140": [{"MRR": 0.0016722379170609047, "MRR_negative": 0.0, "MRR_positive": 0.0, "P_AT_1": 0.0, "P_AT_10": 0.0021141649048625794, "P_AT_K": 0.012684989429175475, "P_AT_K_positive": 0.0, "P_AT_K_negative": 0.0}], "P1303": [{"MRR": 0.06007000680686729, "MRR_negative": 0.0, "MRR_positive": 0.0, "P_AT_1": 0.01685985247629083, "P_AT_10": 0.1643835616438356, "P_AT_K": 0.4488935721812434, "P_AT_K_positive": 0.0, "P_AT_K_negative": 0.0}], "P127": [{"MRR": 0.059928747393435476, "MRR_negative": 0.0, "MRR_positive": 0.0, "P_AT_1": 0.018922852983988356, "P_AT_10": 0.16448326055312956, "P_AT_K": 0.42212518195050946,