{"Google_RE": {"means": ["Mean P@1,10,k: 0.02346523550022574, 0.12348043537607228, 0.4962096841797576"], "place_of_birth": [{"MRR": 0.06583962559684928, "MRR_negative": 0.0, "MRR_positive": 0.06583962559684928, "P_AT_1": 0.03745318352059925, "P_AT_10": 0.17058222676200205, "P_AT_K": 0.5325161729656112, "P_AT_K_positive": 0.5325161729656112, "P_AT_K_negative": 0.0}], "date_of_birth": [{"MRR": 0.05884392666160933, "MRR_negative": 0.0, "MRR_positive": 0.05884392666160933, "P_AT_1": 0.012054794520547946, "P_AT_10": 0.1358904109589041, "P_AT_K": 0.7550684931506849, "P_AT_K_positive": 0.7550684931506849, "P_AT_K_negative": 0.0}], "place_of_death": [{"MRR": 0.018730543613373594, "MRR_negative": 0.0, "MRR_positive": 0.018730543613373594, "P_AT_1": 0.020887728459530026, "P_AT_10": 0.0639686684073107, "P_AT_K": 0.2010443864229765, "P_AT_K_positive": 0.2010443864229765, "P_AT_K_negative": 0.0}]}, "TREx": {"means": ["Mean P@1,10,k: 0.05403453034094181, 0.22938294880506327, 0.5835220115558041"], "P19": [{"MRR": 0.0819793376991989, "MRR_negative": 0.0, "MRR_positive": 0.0, "P_AT_1": 0.04449152542372881, "P_AT_10": 0.22351694915254236, "P_AT_K": 0.5540254237288136, "P_AT_K_positive": 0.0, "P_AT_K_negative": 0.0}], "P20": [{"MRR": 0.037504022263102677, "MRR_negative": 0.0, "MRR_positive": 0.0, "P_AT_1": 0.02833158447009444, "P_AT_10": 0.11227701993704092, "P_AT_K": 0.3588667366211962, "P_AT_K_positive": 0.0, "P_AT_K_negative": 0.0}], "P279": [{"MRR": 0.1211610334562685, "MRR_negative": 0.0, "MRR_positive": 0.0, "P_AT_1": 0.07157676348547717, "P_AT_10": 0.28526970954356845, "P_AT_K": 0.46473029045643155, "P_AT_K_positive": 0.0, "P_AT_K_negative": 0.0}], "P37": [{"MRR": 0.15093484088285772, "MRR_negative": 0.0, "MRR_positive": 0.0, "P_AT_1": 0.06832298136645963, "P_AT_10": 0.39648033126293997, "P_AT_K": 0.7960662525879917, "P_AT_K_positive": 0.0, "P_AT_K_negative": 0.0}], "P413": [{"MRR": 0.07568118411766794, "MRR_negative": 0.0, "MRR_positive": 0.0, "P_AT_1": 0.01365546218487395, "P_AT_10": 0.19852941176470587, "P_AT_K": 0.7846638655462185, "P_AT_K_positive": 0.0, "P_AT_K_negative": 0.0}], "P449": [{"MRR": 0.23930676686265967, "MRR_negative": 0.0, "MRR_positive": 0.0, "P_AT_1": 0.32272727272727275, "P_AT_10": 0.7170454545454545, "P_AT_K": 0.8863636363636364, "P_AT_K_positive": 0.0, "P_AT_K_negative": 0.0}], "P47": [{"MRR": 0.07205943774574372, "MRR_negative": 0.0, "MRR_positive": 0.0, "P_AT_1": 0.02608695652173913, "P_AT_10": 0.20326086956521738, "P_AT_K": 0.48478260869565215, "P_AT_K_positive": 0.0, "P_AT_K_negative": 0.0}], "P138": [{"MRR": 0.004958399694011542, "MRR_negative": 0.0, "MRR_positive": 0.0, "P_AT_1": 0.0, "P_AT_10": 0.004672897196261682, "P_AT_K": 0.10124610591900311, "P_AT_K_positive": 0.0, "P_AT_K_negative": 0.0}], "P364": [{"MRR": 0.16807531377933962, "MRR_negative": 0.0, "MRR_positive": 0.0, "P_AT_1": 0.13317757009345793, "P_AT_10": 0.5280373831775701, "P_AT_K": 0.8317757009345794, "P_AT_K_positive": 0.0, "P_AT_K_negative": 0.0}], "P463": [{"MRR": 0.2867693183746159, "MRR_negative": 0.0, "MRR_positive": 0.0, "P_AT_1": 0.24444444444444444, "P_AT_10": 0.7155555555555555, "P_AT_K": 0.7688888888888888, "P_AT_K_positive": 0.0, "P_AT_K_negative": 0.0}], "P101": [{"MRR": 0.07794832771157237, "MRR_negative": 0.0, "MRR_positive": 0.0, "P_AT_1": 0.010057471264367816, "P_AT_10": 0.21695402298850575, "P_AT_K": 0.5704022988505747, "P_AT_K_positive": 0.0, "P_AT_K_negative": 0.0}], "P106": [{"MRR": 0.04421073464453615, "MRR_negative": 0.0, "MRR_positive": 0.0, "P_AT_1": 0.006263048016701462, "P_AT_10": 0.08872651356993737, "P_AT_K": 0.7797494780793319, "P_AT_K_positive": 0.0, "P_AT_K_negative": 0.0}], "P527": [{"MRR": 0.05950806756966271, "MRR_negative": 0.0, "MRR_positive": 0.0, "P_AT_1": 0.022540983606557378, "P_AT_10": 0.1680327868852459, "P_AT_K": 0.5051229508196722, "P_AT_K_positive": 0.0, "P_AT_K_negative": 0.0}], "P530": [{"MRR": 0.06170025399941695, "MRR_negative": 0.0, "MRR_positive": 0.0, "P_AT_1": 0.020080321285140562, "P_AT_10": 0.15963855421686746, "P_AT_K": 0.8102409638554217, "P_AT_K_positive": 0.0, "P_AT_K_negative": 0.0}], "P176": [{"MRR": 0.0746687903392114, "MRR_negative": 0.0, "MRR_positive": 0.0, "P_AT_1": 0.03186022610483042, "P_AT_10": 0.21377183967112023, "P_AT_K": 0.5734840698869476, "P_AT_K_positive": 0.0, "P_AT_K_negative": 0.0}], "P27": [{"MRR": 0.003796877944041083, "MRR_negative": 0.0, "MRR_positive": 0.0, "P_AT_1": 0.0, "P_AT_10": 0.0, "P_AT_K": 0.08385093167701864, "P_AT_K_positive": 0.0, "P_AT_K_negative": 0.0}], "P407": [{"MRR": 0.15541769319002266, "MRR_negative": 0.0, "MRR_positive": 0.0, "P_AT_1": 0.29646522234891676, "P_AT_10": 0.6043329532497149, "P_AT_K": 0.8437856328392246, "P_AT_K_positive": 0.0, "P_AT_K_negative": 0.0}], "P30": [{"MRR": 0.03537433541766138, "MRR_negative": 0.0, "MRR_positive": 0.0, "P_AT_1": 0.005128205128205128, "P_AT_10": 0.0882051282051282, "P_AT_K": 0.5507692307692308, "P_AT_K_positive": 0.0, "P_AT_K_negative": 0.0}], "P178": [{"MRR": 0.16740763027234531, "MRR_negative": 0.0, "MRR_positive": 0.0, "P_AT_1": 0.1319796954314721, "P_AT_10": 0.45854483925549916, "P_AT_K": 0.7766497461928934, "P_AT_K_positive": 0.0, "P_AT_K_negative": 0.0}], "P1376": [{"MRR": 0.0988307812388289, "MRR_negative": 0.0, "MRR_positive": 0.0, "P_AT_1": 0.09871244635193133, "P_AT_10": 0.3562231759656652, "P_AT_K": 0.6995708154506438, "P_AT_K_positive": 0.0, "P_AT_K_negative": 0.0}], "P131": [{"MRR": 0.07575414049236177, "MRR_negative": 0.0, "MRR_positive": 0.0, "P_AT_1": 0.022701475595913734, "P_AT_10": 0.20771850170261066, "P_AT_K": 0.619750283768445, "P_AT_K_positive": 0.0, "P_AT_K_negative": 0.0}], "P1412": [{"MRR": 0.04101604043238954, "MRR_negative": 0.0, "MRR_positive": 0.0, "P_AT_1": 0.0030959752321981426, "P_AT_10": 0.09287925696594428, "P_AT_K": 0.6346749226006192, "P_AT_K_positive": 0.0, "P_AT_K_negative": 0.0}], "P108": [{"MRR": 0.025092408717986226, "MRR_negative": 0.0, "MRR_positive": 0.0, "P_AT_1": 0.010443864229765013, "P_AT_10": 0.06788511749347259, "P_AT_K": 0.412532637075718, "P_AT_K_positive": 0.0, "P_AT_K_negative": 0.0}], "P136": [{"MRR": 0.024598003057604085, "MRR_negative": 0.0, "MRR_positive": 0.0, "P_AT_1": 0.0, "P_AT_10": 0.03759398496240601, "P_AT_K": 0.5542427497314716, "P_AT_K_positive": 0.0, "P_AT_K_negative": 0.0}], "P17": [{"MRR": 0.08389402305063093, "MRR_negative": 0.0, "MRR_positive": 0.0, "P_AT_1": 0.03333333333333333, "P_AT_10": 0.23010752688172043, "P_AT_K": 0.6956989247311828, "P_AT_K_positive": 0.0, "P_AT_K_negative": 0.0}], "P39": [{"MRR": 0.08507049466180346, "MRR_negative": 0.0, "MRR_positive": 0.0, "P_AT_1": 0.017937219730941704, "P_AT_10": 0.226457399103139, "P_AT_K": 0.827354260089686, "P_AT_K_positive": 0.0, "P_AT_K_negative": 0.0}], "P264": [{"MRR": 0.04625813247436836, "MRR_negative": 0.0, "MRR_positive": 0.0, "P_AT_1": 0.016317016317016316, "P_AT_10": 0.13053613053613053, "P_AT_K": 0.30303030303030304, "P_AT_K_positive": 0.0, "P_AT_K_negative": 0.0}], "P276": [{"MRR": 0.06842732848485272, "MRR_negative": 0.0, "MRR_positive": 0.0, "P_AT_1": 0.018789144050104383, "P_AT_10": 0.15762004175365343, "P_AT_K": 0.5187891440501043, "P_AT_K_positive": 0.0, "P_AT_K_negative": 0.0}], "P937": [{"MRR": 0.05470836245934462, "MRR_negative": 0.0, "MRR_positive": 0.0, "P_AT_1": 0.07442348008385745, "P_AT_10": 0.18448637316561844, "P_AT_K": 0.4947589098532495, "P_AT_K_positive": 0.0, "P_AT_K_negative": 0.0}], "P140": [{"MRR": 0.02547476802045537, "MRR_negative": 0.0, "MRR_positive": 0.0, "P_AT_1": 0.0021141649048625794, "P_AT_10": 0.019027484143763214, "P_AT_K": 0.6828752642706131, "P_AT_K_positive": 0.0, "P_AT_K_negative": 0.0}], "P1303": [{"MRR": 0.07599861524001127, "MRR_negative": 0.0, "MRR_positive": 0.0, "P_AT_1": 0.004214963119072708, "P_AT_10": 0.18756585879873552, "P_AT_K": 0.5310853530031612, "P_AT_K_positive": 0.0, "P_AT_K_negative": 0.0}], "P127": [{"MRR": 0.03488145734598574, "MRR_negative": 0.0, "MRR_positive": 0.0, "P_AT_1": 0.01601164483260553, "P_AT_10": 0.09461426491994178,