{"Google_RE": {"means": ["Mean P@1,10,k: 0.005553695697441495, 0.04985185641723244, 0.30056153864648727"], "place_of_birth": [{"MRR": 0.030493462894467596, "MRR_negative": 0.0, "MRR_positive": 0.030493462894467596, "P_AT_1": 0.010214504596527068, "P_AT_10": 0.07728975144705481, "P_AT_K": 0.3224378617637045, "P_AT_K_positive": 0.3224378617637045, "P_AT_K_negative": 0.0}], "date_of_birth": [{"MRR": 0.027517909107787623, "MRR_negative": 0.0, "MRR_positive": 0.027517909107787623, "P_AT_1": 0.0038356164383561643, "P_AT_10": 0.04876712328767123, "P_AT_K": 0.513972602739726, "P_AT_K_positive": 0.513972602739726, "P_AT_K_negative": 0.0}], "place_of_death": [{"MRR": 0.00905828665115681, "MRR_negative": 0.0, "MRR_positive": 0.00905828665115681, "P_AT_1": 0.0026109660574412533, "P_AT_10": 0.02349869451697128, "P_AT_K": 0.06527415143603134, "P_AT_K_positive": 0.06527415143603134, "P_AT_K_negative": 0.0}]}, "TREx": {"means": ["Mean P@1,10,k: 0.0353231563968894, 0.15022966844088087, 0.43721480985574523"], "P19": [{"MRR": 0.03147730786678242, "MRR_negative": 0.0, "MRR_positive": 0.0, "P_AT_1": 0.00423728813559322, "P_AT_10": 0.08792372881355932, "P_AT_K": 0.3516949152542373, "P_AT_K_positive": 0.0, "P_AT_K_negative": 0.0}], "P20": [{"MRR": 0.03212405681383969, "MRR_negative": 0.0, "MRR_positive": 0.0, "P_AT_1": 0.013641133263378805, "P_AT_10": 0.07869884575026233, "P_AT_K": 0.19202518363064008, "P_AT_K_positive": 0.0, "P_AT_K_negative": 0.0}], "P279": [{"MRR": 0.06336712204596684, "MRR_negative": 0.0, "MRR_positive": 0.0, "P_AT_1": 0.00933609958506224, "P_AT_10": 0.14730290456431536, "P_AT_K": 0.3112033195020747, "P_AT_K_positive": 0.0, "P_AT_K_negative": 0.0}], "P37": [{"MRR": 0.052604312370390045, "MRR_negative": 0.0, "MRR_positive": 0.0, "P_AT_1": 0.013457556935817806, "P_AT_10": 0.13768115942028986, "P_AT_K": 0.6149068322981367, "P_AT_K_positive": 0.0, "P_AT_K_negative": 0.0}], "P413": [{"MRR": 0.018105912923399865, "MRR_negative": 0.0, "MRR_positive": 0.0, "P_AT_1": 0.0, "P_AT_10": 0.025210084033613446, "P_AT_K": 0.4180672268907563, "P_AT_K_positive": 0.0, "P_AT_K_negative": 0.0}], "P449": [{"MRR": 0.1551730332629698, "MRR_negative": 0.0, "MRR_positive": 0.0, "P_AT_1": 0.3181818181818182, "P_AT_10": 0.6306818181818182, "P_AT_K": 0.8261363636363637, "P_AT_K_positive": 0.0, "P_AT_K_negative": 0.0}], "P47": [{"MRR": 0.058169125211694414, "MRR_negative": 0.0, "MRR_positive": 0.0, "P_AT_1": 0.016304347826086956, "P_AT_10": 0.15978260869565217, "P_AT_K": 0.5097826086956522, "P_AT_K_positive": 0.0, "P_AT_K_negative": 0.0}], "P138": [{"MRR": 0.014870242058268342, "MRR_negative": 0.0, "MRR_positive": 0.0, "P_AT_1": 0.004672897196261682, "P_AT_10": 0.028037383177570093, "P_AT_K": 0.16978193146417445, "P_AT_K_positive": 0.0, "P_AT_K_negative": 0.0}], "P364": [{"MRR": 0.03289997246098969, "MRR_negative": 0.0, "MRR_positive": 0.0, "P_AT_1": 0.002336448598130841, "P_AT_10": 0.08644859813084112, "P_AT_K": 0.4380841121495327, "P_AT_K_positive": 0.0, "P_AT_K_negative": 0.0}], "P463": [{"MRR": 0.27131662777773635, "MRR_negative": 0.0, "MRR_positive": 0.0, "P_AT_1": 0.16444444444444445, "P_AT_10": 0.5511111111111111, "P_AT_K": 0.64, "P_AT_K_positive": 0.0, "P_AT_K_negative": 0.0}], "P101": [{"MRR": 0.060726401599176034, "MRR_negative": 0.0, "MRR_positive": 0.0, "P_AT_1": 0.0028735632183908046, "P_AT_10": 0.1882183908045977, "P_AT_K": 0.4985632183908046, "P_AT_K_positive": 0.0, "P_AT_K_negative": 0.0}], "P106": [{"MRR": 0.013733411636899794, "MRR_negative": 0.0, "MRR_positive": 0.0, "P_AT_1": 0.0, "P_AT_10": 0.012526096033402923, "P_AT_K": 0.40083507306889354, "P_AT_K_positive": 0.0, "P_AT_K_negative": 0.0}], "P527": [{"MRR": 0.0481084181636071, "MRR_negative": 0.0, "MRR_positive": 0.0, "P_AT_1": 0.0389344262295082, "P_AT_10": 0.12397540983606557, "P_AT_K": 0.4149590163934426, "P_AT_K_positive": 0.0, "P_AT_K_negative": 0.0}], "P530": [{"MRR": 0.04787376075506927, "MRR_negative": 0.0, "MRR_positive": 0.0, "P_AT_1": 0.009036144578313253, "P_AT_10": 0.11546184738955824, "P_AT_K": 0.7238955823293173, "P_AT_K_positive": 0.0, "P_AT_K_negative": 0.0}], "P176": [{"MRR": 0.0662535738058435, "MRR_negative": 0.0, "MRR_positive": 0.0, "P_AT_1": 0.0328879753340185, "P_AT_10": 0.16752312435765673, "P_AT_K": 0.5220966084275437, "P_AT_K_positive": 0.0, "P_AT_K_negative": 0.0}], "P27": [{"MRR": 0.0010367526724599382, "MRR_negative": 0.0, "MRR_positive": 0.0, "P_AT_1": 0.0, "P_AT_10": 0.0, "P_AT_K": 0.011387163561076604, "P_AT_K_positive": 0.0, "P_AT_K_negative": 0.0}], "P407": [{"MRR": 0.03952932001999066, "MRR_negative": 0.0, "MRR_positive": 0.0, "P_AT_1": 0.004561003420752566, "P_AT_10": 0.09350057012542759, "P_AT_K": 0.5302166476624858, "P_AT_K_positive": 0.0, "P_AT_K_negative": 0.0}], "P30": [{"MRR": 0.017976946513862252, "MRR_negative": 0.0, "MRR_positive": 0.0, "P_AT_1": 0.0, "P_AT_10": 0.035897435897435895, "P_AT_K": 0.2287179487179487, "P_AT_K_positive": 0.0, "P_AT_K_negative": 0.0}], "P178": [{"MRR": 0.13087694066934952, "MRR_negative": 0.0, "MRR_positive": 0.0, "P_AT_1": 0.3062605752961083, "P_AT_10": 0.5245346869712352, "P_AT_K": 0.6582064297800339, "P_AT_K_positive": 0.0, "P_AT_K_negative": 0.0}], "P1376": [{"MRR": 0.06581581299526726, "MRR_negative": 0.0, "MRR_positive": 0.0, "P_AT_1": 0.017167381974248927, "P_AT_10": 0.16738197424892703, "P_AT_K": 0.5665236051502146, "P_AT_K_positive": 0.0, "P_AT_K_negative": 0.0}], "P131": [{"MRR": 0.0666679631203279, "MRR_negative": 0.0, "MRR_positive": 0.0, "P_AT_1": 0.01362088535754824, "P_AT_10": 0.16799091940976163, "P_AT_K": 0.5561861520998865, "P_AT_K_positive": 0.0, "P_AT_K_negative": 0.0}], "P1412": [{"MRR": 0.07117307926122234, "MRR_negative": 0.0, "MRR_positive": 0.0, "P_AT_1": 0.02476780185758514, "P_AT_10": 0.20743034055727555, "P_AT_K": 0.5933952528379773, "P_AT_K_positive": 0.0, "P_AT_K_negative": 0.0}], "P108": [{"MRR": 0.012062048874561682, "MRR_negative": 0.0, "MRR_positive": 0.0, "P_AT_1": 0.0, "P_AT_10": 0.033942558746736295, "P_AT_K": 0.1801566579634465, "P_AT_K_positive": 0.0, "P_AT_K_negative": 0.0}], "P136": [{"MRR": 0.013826973951435445, "MRR_negative": 0.0, "MRR_positive": 0.0, "P_AT_1": 0.0, "P_AT_10": 0.00644468313641246, "P_AT_K": 0.4339419978517723, "P_AT_K_positive": 0.0, "P_AT_K_negative": 0.0}], "P17": [{"MRR": 0.05021365156570932, "MRR_negative": 0.0, "MRR_positive": 0.0, "P_AT_1": 0.012903225806451613, "P_AT_10": 0.13655913978494624, "P_AT_K": 0.5913978494623656, "P_AT_K_positive": 0.0, "P_AT_K_negative": 0.0}], "P39": [{"MRR": 0.12482450090963672, "MRR_negative": 0.0, "MRR_positive": 0.0, "P_AT_1": 0.04484304932735426, "P_AT_10": 0.3116591928251121, "P_AT_K": 0.7757847533632287, "P_AT_K_positive": 0.0, "P_AT_K_negative": 0.0}], "P264": [{"MRR": 0.05920137070000853, "MRR_negative": 0.0, "MRR_positive": 0.0, "P_AT_1": 0.10955710955710955, "P_AT_10": 0.22144522144522144, "P_AT_K": 0.4662004662004662, "P_AT_K_positive": 0.0, "P_AT_K_negative": 0.0}], "P276": [{"MRR": 0.045025512904335006, "MRR_negative": 0.0, "MRR_positive": 0.0, "P_AT_1": 0.011482254697286013, "P_AT_10": 0.12317327766179541, "P_AT_K": 0.4384133611691023, "P_AT_K_positive": 0.0, "P_AT_K_negative": 0.0}], "P937": [{"MRR": 0.07384173533254067, "MRR_negative": 0.0, "MRR_positive": 0.0, "P_AT_1": 0.012578616352201259, "P_AT_10": 0.20125786163522014, "P_AT_K": 0.5020964360587002, "P_AT_K_positive": 0.0, "P_AT_K_negative": 0.0}], "P140": [{"MRR": 0.0071436987457119796, "MRR_negative": 0.0, "MRR_positive": 0.0, "P_AT_1": 0.0, "P_AT_10": 0.004228329809725159, "P_AT_K": 0.09725158562367865, "P_AT_K_positive": 0.0, "P_AT_K_negative": 0.0}], "P1303": [{"MRR": 0.09302442783806567, "MRR_negative": 0.0, "MRR_positive": 0.0, "P_AT_1": 0.06533192834562697, "P_AT_10": 0.26343519494204426, "P_AT_K": 0.6059009483667018, "P_AT_K_positive": 0.0, "P_AT_K_negative": 0.0}], "P127": [{"MRR": 0.0577236149790534, "MRR_negative": 0.0, "MRR_positive": 0.0, "P_AT_1": 0.023289665211062592, "P_AT_10": 0.18340611353711792, "P_AT_K": 0.45997088791848617, "P_AT_K_positive": 0.0,