{"Google_RE": {"means": ["Mean P@1,10,k: 0.000182648401826484, 0.008097242395514624, 0.11189385706080497"], "place_of_birth": [{"MRR": 0.004652409490203707, "MRR_negative": 0.0, "MRR_positive": 0.004652409490203707, "P_AT_1": 0.0, "P_AT_10": 0.006128702757916241, "P_AT_K": 0.06367041198501873, "P_AT_K_positive": 0.06367041198501873, "P_AT_K_negative": 0.0}], "date_of_birth": [{"MRR": 0.011163582549987625, "MRR_negative": 0.0, "MRR_positive": 0.011163582549987625, "P_AT_1": 0.000547945205479452, "P_AT_10": 0.014246575342465753, "P_AT_K": 0.1989041095890411, "P_AT_K_positive": 0.1989041095890411, "P_AT_K_negative": 0.0}], "place_of_death": [{"MRR": 0.003485490583911152, "MRR_negative": 0.0, "MRR_positive": 0.003485490583911152, "P_AT_1": 0.0, "P_AT_10": 0.0039164490861618795, "P_AT_K": 0.0731070496083551, "P_AT_K_positive": 0.0731070496083551, "P_AT_K_negative": 0.0}]}, "TREx": {"means": ["Mean P@1,10,k: 0.0012965753695203172, 0.018222131476977838, 0.10304977492986184"], "P19": [{"MRR": 0.0041010244729463565, "MRR_negative": 0.0, "MRR_positive": 0.0, "P_AT_1": 0.0, "P_AT_10": 0.00211864406779661, "P_AT_K": 0.059322033898305086, "P_AT_K_positive": 0.0, "P_AT_K_negative": 0.0}], "P20": [{"MRR": 0.005967809401559285, "MRR_negative": 0.0, "MRR_positive": 0.0, "P_AT_1": 0.001049317943336831, "P_AT_10": 0.005246589716684155, "P_AT_K": 0.13326337880377753, "P_AT_K_positive": 0.0, "P_AT_K_negative": 0.0}], "P279": [{"MRR": 0.0604144088891729, "MRR_negative": 0.0, "MRR_positive": 0.0, "P_AT_1": 0.00933609958506224, "P_AT_10": 0.13900414937759337, "P_AT_K": 0.20228215767634855, "P_AT_K_positive": 0.0, "P_AT_K_negative": 0.0}], "P37": [{"MRR": 0.00014633473240957526, "MRR_negative": 0.0, "MRR_positive": 0.0, "P_AT_1": 0.0, "P_AT_10": 0.0, "P_AT_K": 0.0010351966873706005, "P_AT_K_positive": 0.0, "P_AT_K_negative": 0.0}], "P413": [{"MRR": 1.2952159902185289e-06, "MRR_negative": 0.0, "MRR_positive": 0.0, "P_AT_1": 0.0, "P_AT_10": 0.0, "P_AT_K": 0.0, "P_AT_K_positive": 0.0, "P_AT_K_negative": 0.0}], "P449": [{"MRR": 0.0168241736947848, "MRR_negative": 0.0, "MRR_positive": 0.0, "P_AT_1": 0.0011363636363636363, "P_AT_10": 0.022727272727272728, "P_AT_K": 0.31477272727272726, "P_AT_K_positive": 0.0, "P_AT_K_negative": 0.0}], "P47": [{"MRR": 0.005857713964323492, "MRR_negative": 0.0, "MRR_positive": 0.0, "P_AT_1": 0.0, "P_AT_10": 0.010869565217391304, "P_AT_K": 0.07717391304347826, "P_AT_K_positive": 0.0, "P_AT_K_negative": 0.0}], "P138": [{"MRR": 0.007028071914569943, "MRR_negative": 0.0, "MRR_positive": 0.0, "P_AT_1": 0.003115264797507788, "P_AT_10": 0.012461059190031152, "P_AT_K": 0.0529595015576324, "P_AT_K_positive": 0.0, "P_AT_K_negative": 0.0}], "P364": [{"MRR": 0.0002594629437585668, "MRR_negative": 0.0, "MRR_positive": 0.0, "P_AT_1": 0.0, "P_AT_10": 0.0, "P_AT_K": 0.0035046728971962616, "P_AT_K_positive": 0.0, "P_AT_K_negative": 0.0}], "P463": [{"MRR": 0.0013525676907156642, "MRR_negative": 0.0, "MRR_positive": 0.0, "P_AT_1": 0.0, "P_AT_10": 0.0, "P_AT_K": 0.03111111111111111, "P_AT_K_positive": 0.0, "P_AT_K_negative": 0.0}], "P101": [{"MRR": 0.0039309316698662436, "MRR_negative": 0.0, "MRR_positive": 0.0, "P_AT_1": 0.0, "P_AT_10": 0.0028735632183908046, "P_AT_K": 0.09482758620689655, "P_AT_K_positive": 0.0, "P_AT_K_negative": 0.0}], "P106": [{"MRR": 0.0007125994099558756, "MRR_negative": 0.0, "MRR_positive": 0.0, "P_AT_1": 0.0, "P_AT_10": 0.0, "P_AT_K": 0.011482254697286013, "P_AT_K_positive": 0.0, "P_AT_K_negative": 0.0}], "P527": [{"MRR": 0.008614435681540791, "MRR_negative": 0.0, "MRR_positive": 0.0, "P_AT_1": 0.0010245901639344263, "P_AT_10": 0.012295081967213115, "P_AT_K": 0.18545081967213115, "P_AT_K_positive": 0.0, "P_AT_K_negative": 0.0}], "P530": [{"MRR": 0.009028285902862325, "MRR_negative": 0.0, "MRR_positive": 0.0, "P_AT_1": 0.001004016064257028, "P_AT_10": 0.01606425702811245, "P_AT_K": 0.11244979919678715, "P_AT_K_positive": 0.0, "P_AT_K_negative": 0.0}], "P176": [{"MRR": 0.0005413516300249595, "MRR_negative": 0.0, "MRR_positive": 0.0, "P_AT_1": 0.0, "P_AT_10": 0.0010277492291880781, "P_AT_K": 0.009249743062692703, "P_AT_K_positive": 0.0, "P_AT_K_negative": 0.0}], "P27": [{"MRR": 0.00021299411247298813, "MRR_negative": 0.0, "MRR_positive": 0.0, "P_AT_1": 0.0, "P_AT_10": 0.0, "P_AT_K": 0.004140786749482402, "P_AT_K_positive": 0.0, "P_AT_K_negative": 0.0}], "P407": [{"MRR": 0.0012732970840026885, "MRR_negative": 0.0, "MRR_positive": 0.0, "P_AT_1": 0.0, "P_AT_10": 0.0, "P_AT_K": 0.004561003420752566, "P_AT_K_positive": 0.0, "P_AT_K_negative": 0.0}], "P30": [{"MRR": 0.01850758077025694, "MRR_negative": 0.0, "MRR_positive": 0.0, "P_AT_1": 0.0041025641025641026, "P_AT_10": 0.04, "P_AT_K": 0.17435897435897435, "P_AT_K_positive": 0.0, "P_AT_K_negative": 0.0}], "P178": [{"MRR": 0.0034385264840575327, "MRR_negative": 0.0, "MRR_positive": 0.0, "P_AT_1": 0.0, "P_AT_10": 0.005076142131979695, "P_AT_K": 0.05414551607445008, "P_AT_K_positive": 0.0, "P_AT_K_negative": 0.0}], "P1376": [{"MRR": 0.014777563802950724, "MRR_negative": 0.0, "MRR_positive": 0.0, "P_AT_1": 0.004291845493562232, "P_AT_10": 0.02575107296137339, "P_AT_K": 0.14163090128755365, "P_AT_K_positive": 0.0, "P_AT_K_negative": 0.0}], "P131": [{"MRR": 0.011122240991187358, "MRR_negative": 0.0, "MRR_positive": 0.0, "P_AT_1": 0.00340522133938706, "P_AT_10": 0.022701475595913734, "P_AT_K": 0.1362088535754824, "P_AT_K_positive": 0.0, "P_AT_K_negative": 0.0}], "P1412": [{"MRR": 0.0008160956399654813, "MRR_negative": 0.0, "MRR_positive": 0.0, "P_AT_1": 0.0, "P_AT_10": 0.0, "P_AT_K": 0.0041279669762641896, "P_AT_K_positive": 0.0, "P_AT_K_negative": 0.0}], "P108": [{"MRR": 0.0008376574518567761, "MRR_negative": 0.0, "MRR_positive": 0.0, "P_AT_1": 0.0, "P_AT_10": 0.0, "P_AT_K": 0.007832898172323759, "P_AT_K_positive": 0.0, "P_AT_K_negative": 0.0}], "P136": [{"MRR": 0.04367912359158727, "MRR_negative": 0.0, "MRR_positive": 0.0, "P_AT_1": 0.0053705692803437165, "P_AT_10": 0.12030075187969924, "P_AT_K": 0.5209452201933404, "P_AT_K_positive": 0.0, "P_AT_K_negative": 0.0}], "P17": [{"MRR": 0.04067547768472246, "MRR_negative": 0.0, "MRR_positive": 0.0, "P_AT_1": 0.0, "P_AT_10": 0.07096774193548387, "P_AT_K": 0.36236559139784946, "P_AT_K_positive": 0.0, "P_AT_K_negative": 0.0}], "P39": [{"MRR": 0.00028364631089578717, "MRR_negative": 0.0, "MRR_positive": 0.0, "P_AT_1": 0.0, "P_AT_10": 0.0011210762331838565, "P_AT_K": 0.0011210762331838565, "P_AT_K_positive": 0.0, "P_AT_K_negative": 0.0}], "P264": [{"MRR": 0.00014061326648823934, "MRR_negative": 0.0, "MRR_positive": 0.0, "P_AT_1": 0.0, "P_AT_10": 0.0, "P_AT_K": 0.002331002331002331, "P_AT_K_positive": 0.0, "P_AT_K_negative": 0.0}], "P276": [{"MRR": 0.005261969413444841, "MRR_negative": 0.0, "MRR_positive": 0.0, "P_AT_1": 0.0, "P_AT_10": 0.0041753653444676405, "P_AT_K": 0.07515657620041753, "P_AT_K_positive": 0.0, "P_AT_K_negative": 0.0}], "P937": [{"MRR": 0.017426743953399177, "MRR_negative": 0.0, "MRR_positive": 0.0, "P_AT_1": 0.0031446540880503146, "P_AT_10": 0.03563941299790356, "P_AT_K": 0.2180293501048218, "P_AT_K_positive": 0.0, "P_AT_K_negative": 0.0}], "P140": [{"MRR": 0.0001651734068307364, "MRR_negative": 0.0, "MRR_positive": 0.0, "P_AT_1": 0.0, "P_AT_10": 0.0, "P_AT_K": 0.004228329809725159, "P_AT_K_positive": 0.0, "P_AT_K_negative": 0.0}], "P1303": [{"MRR": 0.00335972683391689, "MRR_negative": 0.0, "MRR_positive": 0.0, "P_AT_1": 0.0, "P_AT_10": 0.003161222339304531, "P_AT_K": 0.07586933614330875, "P_AT_K_positive": 0.0, "P_AT_K_negative": 0.0}], "P127": [{"MRR": 0.0050704577537906215, "MRR_negative": 0.0, "MRR_positive": 0.0, "P_AT_1": 0.0, "P_AT_10": 0.008733624454148471, "P_AT_K": 0.0858806404657933, "P_AT_K_positive": 0.0, "P_AT_K_negative": 0.0}], "P103": [{"MRR": 7.753640535801367e-05, "MRR_negative": 0.0, "MRR_positive": 0.0, "P_AT_1": 0.0, "P_AT_10": 0.0, "P_AT_K": 0.0010235414534288639, "P_AT_K_positive": 0.0, "P_AT_K_negative": 0.0}], "P190": [{"MRR": 6.938114650360798e-05, "MRR_negative": 0.0, "MRR_positive": 0.0, "P_AT_1": 0.0, "P_AT_10": 0.0,