{"Google_RE": {"means": ["Mean P@1,10,k: 0.0005486555050905097, 0.009380753305577416, 0.10956814786299451"], "place_of_birth": [{"MRR": 0.005008472104717337, "MRR_negative": 0.0, "MRR_positive": 0.005008472104717337, "P_AT_1": 0.00034048348655090226, "P_AT_10": 0.008512087163772558, "P_AT_K": 0.0745658835546476, "P_AT_K_positive": 0.0745658835546476, "P_AT_K_negative": 0.0}], "date_of_birth": [{"MRR": 0.007581834545231323, "MRR_negative": 0.0, "MRR_positive": 0.007581834545231323, "P_AT_1": 0.0, "P_AT_10": 0.006575342465753425, "P_AT_K": 0.17972602739726026, "P_AT_K_positive": 0.17972602739726026, "P_AT_K_negative": 0.0}], "place_of_death": [{"MRR": 0.00547690456855527, "MRR_negative": 0.0, "MRR_positive": 0.00547690456855527, "P_AT_1": 0.0013054830287206266, "P_AT_10": 0.013054830287206266, "P_AT_K": 0.07441253263707572, "P_AT_K_positive": 0.07441253263707572, "P_AT_K_negative": 0.0}]}, "TREx": {"means": ["Mean P@1,10,k: 0.0013931540014056483, 0.020900571079401756, 0.09312007301902721"], "P19": [{"MRR": 0.0032874589387044636, "MRR_negative": 0.0, "MRR_positive": 0.0, "P_AT_1": 0.001059322033898305, "P_AT_10": 0.005296610169491525, "P_AT_K": 0.05084745762711865, "P_AT_K_positive": 0.0, "P_AT_K_negative": 0.0}], "P20": [{"MRR": 0.007079254080692247, "MRR_negative": 0.0, "MRR_positive": 0.0, "P_AT_1": 0.002098635886673662, "P_AT_10": 0.012591815320041973, "P_AT_K": 0.12067156348373557, "P_AT_K_positive": 0.0, "P_AT_K_negative": 0.0}], "P279": [{"MRR": 0.03769584147084238, "MRR_negative": 0.0, "MRR_positive": 0.0, "P_AT_1": 0.001037344398340249, "P_AT_10": 0.09024896265560166, "P_AT_K": 0.18464730290456433, "P_AT_K_positive": 0.0, "P_AT_K_negative": 0.0}], "P37": [{"MRR": 8.874377312581922e-05, "MRR_negative": 0.0, "MRR_positive": 0.0, "P_AT_1": 0.0, "P_AT_10": 0.0, "P_AT_K": 0.0010351966873706005, "P_AT_K_positive": 0.0, "P_AT_K_negative": 0.0}], "P413": [{"MRR": 2.948547840188707e-06, "MRR_negative": 0.0, "MRR_positive": 0.0, "P_AT_1": 0.0, "P_AT_10": 0.0, "P_AT_K": 0.0, "P_AT_K_positive": 0.0, "P_AT_K_negative": 0.0}], "P449": [{"MRR": 0.008571645855389309, "MRR_negative": 0.0, "MRR_positive": 0.0, "P_AT_1": 0.0011363636363636363, "P_AT_10": 0.0125, "P_AT_K": 0.1943181818181818, "P_AT_K_positive": 0.0, "P_AT_K_negative": 0.0}], "P47": [{"MRR": 0.0029450395418453837, "MRR_negative": 0.0, "MRR_positive": 0.0, "P_AT_1": 0.0, "P_AT_10": 0.005434782608695652, "P_AT_K": 0.05652173913043478, "P_AT_K_positive": 0.0, "P_AT_K_negative": 0.0}], "P138": [{"MRR": 0.003162541389181136, "MRR_negative": 0.0, "MRR_positive": 0.0, "P_AT_1": 0.003115264797507788, "P_AT_10": 0.00778816199376947, "P_AT_K": 0.04205607476635514, "P_AT_K_positive": 0.0, "P_AT_K_negative": 0.0}], "P364": [{"MRR": 8.407579880298368e-05, "MRR_negative": 0.0, "MRR_positive": 0.0, "P_AT_1": 0.0, "P_AT_10": 0.0, "P_AT_K": 0.0, "P_AT_K_positive": 0.0, "P_AT_K_negative": 0.0}], "P463": [{"MRR": 0.0016916817759378823, "MRR_negative": 0.0, "MRR_positive": 0.0, "P_AT_1": 0.0, "P_AT_10": 0.0, "P_AT_K": 0.035555555555555556, "P_AT_K_positive": 0.0, "P_AT_K_negative": 0.0}], "P101": [{"MRR": 0.0038546185116513803, "MRR_negative": 0.0, "MRR_positive": 0.0, "P_AT_1": 0.0, "P_AT_10": 0.007183908045977011, "P_AT_K": 0.05028735632183908, "P_AT_K_positive": 0.0, "P_AT_K_negative": 0.0}], "P106": [{"MRR": 0.00018357911862427282, "MRR_negative": 0.0, "MRR_positive": 0.0, "P_AT_1": 0.0, "P_AT_10": 0.0, "P_AT_K": 0.0010438413361169101, "P_AT_K_positive": 0.0, "P_AT_K_negative": 0.0}], "P527": [{"MRR": 0.0057146329592528975, "MRR_negative": 0.0, "MRR_positive": 0.0, "P_AT_1": 0.0, "P_AT_10": 0.007172131147540984, "P_AT_K": 0.10860655737704918, "P_AT_K_positive": 0.0, "P_AT_K_negative": 0.0}], "P530": [{"MRR": 0.010877571152022739, "MRR_negative": 0.0, "MRR_positive": 0.0, "P_AT_1": 0.0030120481927710845, "P_AT_10": 0.023092369477911646, "P_AT_K": 0.15261044176706828, "P_AT_K_positive": 0.0, "P_AT_K_negative": 0.0}], "P176": [{"MRR": 0.00023450659076129174, "MRR_negative": 0.0, "MRR_positive": 0.0, "P_AT_1": 0.0, "P_AT_10": 0.0, "P_AT_K": 0.003083247687564234, "P_AT_K_positive": 0.0, "P_AT_K_negative": 0.0}], "P27": [{"MRR": 0.0004876214846614431, "MRR_negative": 0.0, "MRR_positive": 0.0, "P_AT_1": 0.0, "P_AT_10": 0.0, "P_AT_K": 0.008281573498964804, "P_AT_K_positive": 0.0, "P_AT_K_negative": 0.0}], "P407": [{"MRR": 0.0010276168271824708, "MRR_negative": 0.0, "MRR_positive": 0.0, "P_AT_1": 0.0, "P_AT_10": 0.0, "P_AT_K": 0.002280501710376283, "P_AT_K_positive": 0.0, "P_AT_K_negative": 0.0}], "P30": [{"MRR": 0.04302584127981825, "MRR_negative": 0.0, "MRR_positive": 0.0, "P_AT_1": 0.009230769230769232, "P_AT_10": 0.10153846153846154, "P_AT_K": 0.20512820512820512, "P_AT_K_positive": 0.0, "P_AT_K_negative": 0.0}], "P178": [{"MRR": 0.0006257392896984204, "MRR_negative": 0.0, "MRR_positive": 0.0, "P_AT_1": 0.0, "P_AT_10": 0.0, "P_AT_K": 0.008460236886632826, "P_AT_K_positive": 0.0, "P_AT_K_negative": 0.0}], "P1376": [{"MRR": 0.02390810428270339, "MRR_negative": 0.0, "MRR_positive": 0.0, "P_AT_1": 0.0, "P_AT_10": 0.04721030042918455, "P_AT_K": 0.1459227467811159, "P_AT_K_positive": 0.0, "P_AT_K_negative": 0.0}], "P131": [{"MRR": 0.013232332024598706, "MRR_negative": 0.0, "MRR_positive": 0.0, "P_AT_1": 0.0011350737797956867, "P_AT_10": 0.028376844494892167, "P_AT_K": 0.12258796821793416, "P_AT_K_positive": 0.0, "P_AT_K_negative": 0.0}], "P1412": [{"MRR": 0.0005939002947976972, "MRR_negative": 0.0, "MRR_positive": 0.0, "P_AT_1": 0.0, "P_AT_10": 0.0, "P_AT_K": 0.0010319917440660474, "P_AT_K_positive": 0.0, "P_AT_K_negative": 0.0}], "P108": [{"MRR": 0.00126347117353761, "MRR_negative": 0.0, "MRR_positive": 0.0, "P_AT_1": 0.0, "P_AT_10": 0.0026109660574412533, "P_AT_K": 0.007832898172323759, "P_AT_K_positive": 0.0, "P_AT_K_negative": 0.0}], "P136": [{"MRR": 0.032511321658263176, "MRR_negative": 0.0, "MRR_positive": 0.0, "P_AT_1": 0.00322234156820623, "P_AT_10": 0.06659505907626208, "P_AT_K": 0.4296455424274973, "P_AT_K_positive": 0.0, "P_AT_K_negative": 0.0}], "P17": [{"MRR": 0.04420143550122023, "MRR_negative": 0.0, "MRR_positive": 0.0, "P_AT_1": 0.0064516129032258064, "P_AT_10": 0.10967741935483871, "P_AT_K": 0.3795698924731183, "P_AT_K_positive": 0.0, "P_AT_K_negative": 0.0}], "P39": [{"MRR": 0.0003946434266135061, "MRR_negative": 0.0, "MRR_positive": 0.0, "P_AT_1": 0.0, "P_AT_10": 0.0011210762331838565, "P_AT_K": 0.0033632286995515697, "P_AT_K_positive": 0.0, "P_AT_K_negative": 0.0}], "P264": [{"MRR": 0.00018582950126061427, "MRR_negative": 0.0, "MRR_positive": 0.0, "P_AT_1": 0.0, "P_AT_10": 0.0, "P_AT_K": 0.002331002331002331, "P_AT_K_positive": 0.0, "P_AT_K_negative": 0.0}], "P276": [{"MRR": 0.0063603741665345425, "MRR_negative": 0.0, "MRR_positive": 0.0, "P_AT_1": 0.0, "P_AT_10": 0.013569937369519834, "P_AT_K": 0.09394572025052192, "P_AT_K_positive": 0.0, "P_AT_K_negative": 0.0}], "P937": [{"MRR": 0.016475702251791315, "MRR_negative": 0.0, "MRR_positive": 0.0, "P_AT_1": 0.0031446540880503146, "P_AT_10": 0.03668763102725367, "P_AT_K": 0.19392033542976939, "P_AT_K_positive": 0.0, "P_AT_K_negative": 0.0}], "P140": [{"MRR": 0.00020866712469899687, "MRR_negative": 0.0, "MRR_positive": 0.0, "P_AT_1": 0.0, "P_AT_10": 0.0, "P_AT_K": 0.006342494714587738, "P_AT_K_positive": 0.0, "P_AT_K_negative": 0.0}], "P1303": [{"MRR": 0.001029991069213849, "MRR_negative": 0.0, "MRR_positive": 0.0, "P_AT_1": 0.0, "P_AT_10": 0.002107481559536354, "P_AT_K": 0.02107481559536354, "P_AT_K_positive": 0.0, "P_AT_K_negative": 0.0}], "P127": [{"MRR": 0.004182403818186196, "MRR_negative": 0.0, "MRR_positive": 0.0, "P_AT_1": 0.0, "P_AT_10": 0.005822416302765648, "P_AT_K": 0.06404657933042213, "P_AT_K_positive": 0.0, "P_AT_K_negative": 0.0}], "P103": [{"MRR": 3.6138577212383656e-05, "MRR_negative": 0.0, "MRR_positive": 0.0, "P_AT_1": 0.0, "P_AT_10": 0.0, "P_AT_K": 0.0, "P_AT_K_positive": 0.0, "P_AT_K_negative": 0.0}], "P190": [{"MRR": 4.8076087406132345e-05, "MRR_negative": 0.0, "MRR_positive": 0.0, "P_AT_1": 0.0, "P_AT_10": 0.0, "P_AT_K": 0.0,