{"Google_RE": {"means": ["Mean P@1,10,k: 0.05039613622016988, 0.2007514964201943, 0.5919687958212105"], "place_of_birth": [{"MRR": 0.09809291250092611, "MRR_negative": 0.0, "MRR_positive": 0.09809291250092611, "P_AT_1": 0.09942117807286346, "P_AT_10": 0.3118828736806265, "P_AT_K": 0.6397684712291454, "P_AT_K_positive": 0.6397684712291454, "P_AT_K_negative": 0.0}], "date_of_birth": [{"MRR": 0.06709842990063376, "MRR_negative": 0.0, "MRR_positive": 0.06709842990063376, "P_AT_1": 0.012602739726027398, "P_AT_10": 0.1506849315068493, "P_AT_K": 0.7967123287671233, "P_AT_K_positive": 0.7967123287671233, "P_AT_K_negative": 0.0}], "place_of_death": [{"MRR": 0.049884182541854574, "MRR_negative": 0.0, "MRR_positive": 0.049884182541854574, "P_AT_1": 0.0391644908616188, "P_AT_10": 0.13968668407310705, "P_AT_K": 0.3394255874673629, "P_AT_K_positive": 0.3394255874673629, "P_AT_K_negative": 0.0}]}, "TREx": {"means": ["Mean P@1,10,k: 0.17945198062704928, 0.4225748726487998, 0.6724457700303467"], "P19": [{"MRR": 0.12248850914986885, "MRR_negative": 0.0, "MRR_positive": 0.0, "P_AT_1": 0.13135593220338984, "P_AT_10": 0.3665254237288136, "P_AT_K": 0.6790254237288136, "P_AT_K_positive": 0.0, "P_AT_K_negative": 0.0}], "P20": [{"MRR": 0.11441158158541241, "MRR_negative": 0.0, "MRR_positive": 0.0, "P_AT_1": 0.09968520461699895, "P_AT_10": 0.3473242392444911, "P_AT_K": 0.5855194123819517, "P_AT_K_positive": 0.0, "P_AT_K_negative": 0.0}], "P279": [{"MRR": 0.1806341419251288, "MRR_negative": 0.0, "MRR_positive": 0.0, "P_AT_1": 0.1887966804979253, "P_AT_10": 0.524896265560166, "P_AT_K": 0.6867219917012448, "P_AT_K_positive": 0.0, "P_AT_K_negative": 0.0}], "P37": [{"MRR": 0.18735821784049775, "MRR_negative": 0.0, "MRR_positive": 0.0, "P_AT_1": 0.35507246376811596, "P_AT_10": 0.6614906832298136, "P_AT_K": 0.8022774327122153, "P_AT_K_positive": 0.0, "P_AT_K_negative": 0.0}], "P413": [{"MRR": 0.010329697579294873, "MRR_negative": 0.0, "MRR_positive": 0.0, "P_AT_1": 0.0, "P_AT_10": 0.004201680672268907, "P_AT_K": 0.2815126050420168, "P_AT_K_positive": 0.0, "P_AT_K_negative": 0.0}], "P449": [{"MRR": 0.22009947507216926, "MRR_negative": 0.0, "MRR_positive": 0.0, "P_AT_1": 0.3079545454545455, "P_AT_10": 0.7818181818181819, "P_AT_K": 0.8727272727272727, "P_AT_K_positive": 0.0, "P_AT_K_negative": 0.0}], "P47": [{"MRR": 0.12675088241031773, "MRR_negative": 0.0, "MRR_positive": 0.0, "P_AT_1": 0.06304347826086956, "P_AT_10": 0.3576086956521739, "P_AT_K": 0.65, "P_AT_K_positive": 0.0, "P_AT_K_negative": 0.0}], "P138": [{"MRR": 0.0653218318696695, "MRR_negative": 0.0, "MRR_positive": 0.0, "P_AT_1": 0.0, "P_AT_10": 0.19314641744548286, "P_AT_K": 0.42990654205607476, "P_AT_K_positive": 0.0, "P_AT_K_negative": 0.0}], "P364": [{"MRR": 0.1725752824877107, "MRR_negative": 0.0, "MRR_positive": 0.0, "P_AT_1": 0.3399532710280374, "P_AT_10": 0.6647196261682243, "P_AT_K": 0.8866822429906542, "P_AT_K_positive": 0.0, "P_AT_K_negative": 0.0}], "P463": [{"MRR": 0.1442700512059213, "MRR_negative": 0.0, "MRR_positive": 0.0, "P_AT_1": 0.4533333333333333, "P_AT_10": 0.7022222222222222, "P_AT_K": 0.7555555555555555, "P_AT_K_positive": 0.0, "P_AT_K_negative": 0.0}], "P101": [{"MRR": 0.09844855783429102, "MRR_negative": 0.0, "MRR_positive": 0.0, "P_AT_1": 0.06321839080459771, "P_AT_10": 0.3103448275862069, "P_AT_K": 0.6494252873563219, "P_AT_K_positive": 0.0, "P_AT_K_negative": 0.0}], "P106": [{"MRR": 0.06769462770896083, "MRR_negative": 0.0, "MRR_positive": 0.0, "P_AT_1": 0.007306889352818371, "P_AT_10": 0.2045929018789144, "P_AT_K": 0.7265135699373695, "P_AT_K_positive": 0.0, "P_AT_K_negative": 0.0}], "P527": [{"MRR": 0.09641860509111772, "MRR_negative": 0.0, "MRR_positive": 0.0, "P_AT_1": 0.0471311475409836, "P_AT_10": 0.2694672131147541, "P_AT_K": 0.5809426229508197, "P_AT_K_positive": 0.0, "P_AT_K_negative": 0.0}], "P530": [{"MRR": 0.10542885189707482, "MRR_negative": 0.0, "MRR_positive": 0.0, "P_AT_1": 0.03815261044176707, "P_AT_10": 0.2781124497991968, "P_AT_K": 0.8122489959839357, "P_AT_K_positive": 0.0, "P_AT_K_negative": 0.0}], "P176": [{"MRR": 0.1371771097846834, "MRR_negative": 0.0, "MRR_positive": 0.0, "P_AT_1": 0.2846865364850976, "P_AT_10": 0.5344295991778006, "P_AT_K": 0.6330935251798561, "P_AT_K_positive": 0.0, "P_AT_K_negative": 0.0}], "P27": [{"MRR": 0.008155672646067853, "MRR_negative": 0.0, "MRR_positive": 0.0, "P_AT_1": 0.0, "P_AT_10": 0.0010351966873706005, "P_AT_K": 0.2577639751552795, "P_AT_K_positive": 0.0, "P_AT_K_negative": 0.0}], "P407": [{"MRR": 0.1585939266871566, "MRR_negative": 0.0, "MRR_positive": 0.0, "P_AT_1": 0.507411630558723, "P_AT_10": 0.7958950969213227, "P_AT_K": 0.9407069555302167, "P_AT_K_positive": 0.0, "P_AT_K_negative": 0.0}], "P30": [{"MRR": 0.17570673912792564, "MRR_negative": 0.0, "MRR_positive": 0.0, "P_AT_1": 0.14256410256410257, "P_AT_10": 0.522051282051282, "P_AT_K": 0.8984615384615384, "P_AT_K_positive": 0.0, "P_AT_K_negative": 0.0}], "P178": [{"MRR": 0.11822928043464781, "MRR_negative": 0.0, "MRR_positive": 0.0, "P_AT_1": 0.40439932318104904, "P_AT_10": 0.6480541455160744, "P_AT_K": 0.8274111675126904, "P_AT_K_positive": 0.0, "P_AT_K_negative": 0.0}], "P1376": [{"MRR": 0.14892091196050639, "MRR_negative": 0.0, "MRR_positive": 0.0, "P_AT_1": 0.296137339055794, "P_AT_10": 0.5708154506437768, "P_AT_K": 0.7339055793991416, "P_AT_K_positive": 0.0, "P_AT_K_negative": 0.0}], "P131": [{"MRR": 0.1285091256750188, "MRR_negative": 0.0, "MRR_positive": 0.0, "P_AT_1": 0.12258796821793416, "P_AT_10": 0.39160045402951194, "P_AT_K": 0.70261066969353, "P_AT_K_positive": 0.0, "P_AT_K_negative": 0.0}], "P1412": [{"MRR": 0.185050197754672, "MRR_negative": 0.0, "MRR_positive": 0.0, "P_AT_1": 0.44478844169246645, "P_AT_10": 0.7492260061919505, "P_AT_K": 0.8761609907120743, "P_AT_K_positive": 0.0, "P_AT_K_negative": 0.0}], "P108": [{"MRR": 0.03263205114972817, "MRR_negative": 0.0, "MRR_positive": 0.0, "P_AT_1": 0.005221932114882507, "P_AT_10": 0.10182767624020887, "P_AT_K": 0.4516971279373368, "P_AT_K_positive": 0.0, "P_AT_K_negative": 0.0}], "P136": [{"MRR": 0.0991860488718216, "MRR_negative": 0.0, "MRR_positive": 0.0, "P_AT_1": 0.018259935553168637, "P_AT_10": 0.3157894736842105, "P_AT_K": 0.5993555316863588, "P_AT_K_positive": 0.0, "P_AT_K_negative": 0.0}], "P17": [{"MRR": 0.16666349030539368, "MRR_negative": 0.0, "MRR_positive": 0.0, "P_AT_1": 0.25591397849462366, "P_AT_10": 0.5774193548387097, "P_AT_K": 0.8494623655913979, "P_AT_K_positive": 0.0, "P_AT_K_negative": 0.0}], "P39": [{"MRR": 0.08112196920769887, "MRR_negative": 0.0, "MRR_positive": 0.0, "P_AT_1": 0.02466367713004484, "P_AT_10": 0.20739910313901344, "P_AT_K": 0.5818385650224215, "P_AT_K_positive": 0.0, "P_AT_K_negative": 0.0}], "P264": [{"MRR": 0.023499639666197048, "MRR_negative": 0.0, "MRR_positive": 0.0, "P_AT_1": 0.19813519813519814, "P_AT_10": 0.21678321678321677, "P_AT_K": 0.5244755244755245, "P_AT_K_positive": 0.0, "P_AT_K_negative": 0.0}], "P276": [{"MRR": 0.13920320567460287, "MRR_negative": 0.0, "MRR_positive": 0.0, "P_AT_1": 0.20668058455114824, "P_AT_10": 0.44676409185803756, "P_AT_K": 0.6691022964509394, "P_AT_K_positive": 0.0, "P_AT_K_negative": 0.0}], "P937": [{"MRR": 0.14350341431402544, "MRR_negative": 0.0, "MRR_positive": 0.0, "P_AT_1": 0.129979035639413, "P_AT_10": 0.42348008385744235, "P_AT_K": 0.7064989517819706, "P_AT_K_positive": 0.0, "P_AT_K_negative": 0.0}], "P140": [{"MRR": 0.07392844147137463, "MRR_negative": 0.0, "MRR_positive": 0.0, "P_AT_1": 0.0021141649048625794, "P_AT_10": 0.3361522198731501, "P_AT_K": 0.7357293868921776, "P_AT_K_positive": 0.0, "P_AT_K_negative": 0.0}], "P1303": [{"MRR": 0.15364110755417523, "MRR_negative": 0.0, "MRR_positive": 0.0, "P_AT_1": 0.032665964172813484, "P_AT_10": 0.32982086406743943, "P_AT_K": 0.6332982086406744, "P_AT_K_positive": 0.0, "P_AT_K_negative": 0.0}], "P127": [{"MRR": 0.09582064317934717, "MRR_negative": 0.0, "MRR_positive": 0.0, "P_AT_1": 0.22416302765647744, "P_AT_10": 0.3930131004366812, "P_AT_K": 0.5574963609898108,