{"Google_RE": {"means": ["Mean P@1,10,k: 0.019746151064489997, 0.11312889069220068, 0.44915610857117505"], "place_of_birth": [{"MRR": 0.05114767982920858, "MRR_negative": 0.0, "MRR_positive": 0.05114767982920858, "P_AT_1": 0.025876744977868574, "P_AT_10": 0.1355124276472591, "P_AT_K": 0.446033367381682, "P_AT_K_positive": 0.446033367381682, "P_AT_K_negative": 0.0}], "date_of_birth": [{"MRR": 0.04685734165682118, "MRR_negative": 0.0, "MRR_positive": 0.04685734165682118, "P_AT_1": 0.009863013698630137, "P_AT_10": 0.10465753424657534, "P_AT_K": 0.6416438356164383, "P_AT_K_positive": 0.6416438356164383, "P_AT_K_negative": 0.0}], "place_of_death": [{"MRR": 0.0320188080353091, "MRR_negative": 0.0, "MRR_positive": 0.0320188080353091, "P_AT_1": 0.02349869451697128, "P_AT_10": 0.09921671018276762, "P_AT_K": 0.2597911227154047, "P_AT_K_positive": 0.2597911227154047, "P_AT_K_negative": 0.0}]}, "TREx": {"means": ["Mean P@1,10,k: 0.060334480396524164, 0.20148299544479387, 0.45571002220620954"], "P19": [{"MRR": 0.07254144112494607, "MRR_negative": 0.0, "MRR_positive": 0.0, "P_AT_1": 0.03072033898305085, "P_AT_10": 0.1641949152542373, "P_AT_K": 0.4788135593220339, "P_AT_K_positive": 0.0, "P_AT_K_negative": 0.0}], "P20": [{"MRR": 0.06214874427184197, "MRR_negative": 0.0, "MRR_positive": 0.0, "P_AT_1": 0.046169989506820566, "P_AT_10": 0.18363064008394545, "P_AT_K": 0.4197271773347324, "P_AT_K_positive": 0.0, "P_AT_K_negative": 0.0}], "P279": [{"MRR": 0.07874677450682702, "MRR_negative": 0.0, "MRR_positive": 0.0, "P_AT_1": 0.05705394190871369, "P_AT_10": 0.21265560165975103, "P_AT_K": 0.37136929460580914, "P_AT_K_positive": 0.0, "P_AT_K_negative": 0.0}], "P37": [{"MRR": 0.0867612835646928, "MRR_negative": 0.0, "MRR_positive": 0.0, "P_AT_1": 0.16563146997929606, "P_AT_10": 0.37991718426501037, "P_AT_K": 0.6904761904761905, "P_AT_K_positive": 0.0, "P_AT_K_negative": 0.0}], "P413": [{"MRR": 0.006093310480889019, "MRR_negative": 0.0, "MRR_positive": 0.0, "P_AT_1": 0.0, "P_AT_10": 0.0, "P_AT_K": 0.18277310924369747, "P_AT_K_positive": 0.0, "P_AT_K_negative": 0.0}], "P449": [{"MRR": 0.23354296595356178, "MRR_negative": 0.0, "MRR_positive": 0.0, "P_AT_1": 0.28863636363636364, "P_AT_10": 0.7363636363636363, "P_AT_K": 0.8534090909090909, "P_AT_K_positive": 0.0, "P_AT_K_negative": 0.0}], "P47": [{"MRR": 0.03546740779746623, "MRR_negative": 0.0, "MRR_positive": 0.0, "P_AT_1": 0.009782608695652175, "P_AT_10": 0.08369565217391305, "P_AT_K": 0.35543478260869565, "P_AT_K_positive": 0.0, "P_AT_K_negative": 0.0}], "P138": [{"MRR": 0.0028236923911655453, "MRR_negative": 0.0, "MRR_positive": 0.0, "P_AT_1": 0.0, "P_AT_10": 0.006230529595015576, "P_AT_K": 0.03894080996884735, "P_AT_K_positive": 0.0, "P_AT_K_negative": 0.0}], "P364": [{"MRR": 0.12183723753223462, "MRR_negative": 0.0, "MRR_positive": 0.0, "P_AT_1": 0.18925233644859812, "P_AT_10": 0.4696261682242991, "P_AT_K": 0.7780373831775701, "P_AT_K_positive": 0.0, "P_AT_K_negative": 0.0}], "P463": [{"MRR": 0.07816196391205886, "MRR_negative": 0.0, "MRR_positive": 0.0, "P_AT_1": 0.4444444444444444, "P_AT_10": 0.5733333333333334, "P_AT_K": 0.7022222222222222, "P_AT_K_positive": 0.0, "P_AT_K_negative": 0.0}], "P101": [{"MRR": 0.08706158753656655, "MRR_negative": 0.0, "MRR_positive": 0.0, "P_AT_1": 0.04597701149425287, "P_AT_10": 0.23419540229885058, "P_AT_K": 0.5991379310344828, "P_AT_K_positive": 0.0, "P_AT_K_negative": 0.0}], "P106": [{"MRR": 0.08591691513909737, "MRR_negative": 0.0, "MRR_positive": 0.0, "P_AT_1": 0.012526096033402923, "P_AT_10": 0.23382045929018788, "P_AT_K": 0.7077244258872651, "P_AT_K_positive": 0.0, "P_AT_K_negative": 0.0}], "P527": [{"MRR": 0.025882621175486283, "MRR_negative": 0.0, "MRR_positive": 0.0, "P_AT_1": 0.0030737704918032786, "P_AT_10": 0.07479508196721311, "P_AT_K": 0.367827868852459, "P_AT_K_positive": 0.0, "P_AT_K_negative": 0.0}], "P530": [{"MRR": 0.062237571821427126, "MRR_negative": 0.0, "MRR_positive": 0.0, "P_AT_1": 0.006024096385542169, "P_AT_10": 0.15461847389558234, "P_AT_K": 0.7038152610441767, "P_AT_K_positive": 0.0, "P_AT_K_negative": 0.0}], "P176": [{"MRR": 0.015585946232404781, "MRR_negative": 0.0, "MRR_positive": 0.0, "P_AT_1": 0.011305241521068859, "P_AT_10": 0.04316546762589928, "P_AT_K": 0.14696813977389517, "P_AT_K_positive": 0.0, "P_AT_K_negative": 0.0}], "P27": [{"MRR": 0.004747122205997216, "MRR_negative": 0.0, "MRR_positive": 0.0, "P_AT_1": 0.0, "P_AT_10": 0.0010351966873706005, "P_AT_K": 0.11283643892339544, "P_AT_K_positive": 0.0, "P_AT_K_negative": 0.0}], "P407": [{"MRR": 0.11674559051478563, "MRR_negative": 0.0, "MRR_positive": 0.0, "P_AT_1": 0.44811858608893956, "P_AT_10": 0.7126567844925884, "P_AT_K": 0.8494868871151653, "P_AT_K_positive": 0.0, "P_AT_K_negative": 0.0}], "P30": [{"MRR": 0.010538095775929457, "MRR_negative": 0.0, "MRR_positive": 0.0, "P_AT_1": 0.0, "P_AT_10": 0.014358974358974359, "P_AT_K": 0.19384615384615383, "P_AT_K_positive": 0.0, "P_AT_K_negative": 0.0}], "P178": [{"MRR": 0.02100455632716888, "MRR_negative": 0.0, "MRR_positive": 0.0, "P_AT_1": 0.008460236886632826, "P_AT_10": 0.05414551607445008, "P_AT_K": 0.3096446700507614, "P_AT_K_positive": 0.0, "P_AT_K_negative": 0.0}], "P1376": [{"MRR": 0.04420988111886592, "MRR_negative": 0.0, "MRR_positive": 0.0, "P_AT_1": 0.012875536480686695, "P_AT_10": 0.12875536480686695, "P_AT_K": 0.33047210300429186, "P_AT_K_positive": 0.0, "P_AT_K_negative": 0.0}], "P131": [{"MRR": 0.02931194471707596, "MRR_negative": 0.0, "MRR_positive": 0.0, "P_AT_1": 0.0022701475595913734, "P_AT_10": 0.06583427922814983, "P_AT_K": 0.35414301929625425, "P_AT_K_positive": 0.0, "P_AT_K_negative": 0.0}], "P1412": [{"MRR": 0.16757023177823444, "MRR_negative": 0.0, "MRR_positive": 0.0, "P_AT_1": 0.15789473684210525, "P_AT_10": 0.47471620227038186, "P_AT_K": 0.6924664602683178, "P_AT_K_positive": 0.0, "P_AT_K_negative": 0.0}], "P108": [{"MRR": 0.022437037278336885, "MRR_negative": 0.0, "MRR_positive": 0.0, "P_AT_1": 0.005221932114882507, "P_AT_10": 0.05483028720626632, "P_AT_K": 0.4830287206266319, "P_AT_K_positive": 0.0, "P_AT_K_negative": 0.0}], "P136": [{"MRR": 0.03719142560017711, "MRR_negative": 0.0, "MRR_positive": 0.0, "P_AT_1": 0.0, "P_AT_10": 0.08700322234156821, "P_AT_K": 0.5886143931256713, "P_AT_K_positive": 0.0, "P_AT_K_negative": 0.0}], "P17": [{"MRR": 0.03670639423474125, "MRR_negative": 0.0, "MRR_positive": 0.0, "P_AT_1": 0.013978494623655914, "P_AT_10": 0.0913978494623656, "P_AT_K": 0.33978494623655914, "P_AT_K_positive": 0.0, "P_AT_K_negative": 0.0}], "P39": [{"MRR": 0.2166778993465524, "MRR_negative": 0.0, "MRR_positive": 0.0, "P_AT_1": 0.10538116591928251, "P_AT_10": 0.6188340807174888, "P_AT_K": 0.8901345291479821, "P_AT_K_positive": 0.0, "P_AT_K_negative": 0.0}], "P264": [{"MRR": 0.0793311418504517, "MRR_negative": 0.0, "MRR_positive": 0.0, "P_AT_1": 0.0979020979020979, "P_AT_10": 0.20512820512820512, "P_AT_K": 0.3916083916083916, "P_AT_K_positive": 0.0, "P_AT_K_negative": 0.0}], "P276": [{"MRR": 0.01929979013126416, "MRR_negative": 0.0, "MRR_positive": 0.0, "P_AT_1": 0.0010438413361169101, "P_AT_10": 0.04175365344467641, "P_AT_K": 0.2536534446764092, "P_AT_K_positive": 0.0, "P_AT_K_negative": 0.0}], "P937": [{"MRR": 0.10939474792535725, "MRR_negative": 0.0, "MRR_positive": 0.0, "P_AT_1": 0.06708595387840671, "P_AT_10": 0.2641509433962264, "P_AT_K": 0.5094339622641509, "P_AT_K_positive": 0.0, "P_AT_K_negative": 0.0}], "P140": [{"MRR": 0.01651044062078174, "MRR_negative": 0.0, "MRR_positive": 0.0, "P_AT_1": 0.0, "P_AT_10": 0.006342494714587738, "P_AT_K": 0.5687103594080338, "P_AT_K_positive": 0.0, "P_AT_K_negative": 0.0}], "P1303": [{"MRR": 0.10636233771556695, "MRR_negative": 0.0, "MRR_positive": 0.0, "P_AT_1": 0.006322444678609062, "P_AT_10": 0.2802950474183351, "P_AT_K": 0.5690200210748156, "P_AT_K_positive": 0.0, "P_AT_K_negative": 0.0}], "P127": [{"MRR": 0.02164450072630996, "MRR_negative": 0.0, "MRR_positive": 0.0, "P_AT_1": 0.004366812227074236, "P_AT_10": 0.049490538573508006, "P_AT_K": 0.2547307132459971,