{"Google_RE": {"means": [], "place_of_birth": [{"MRR": 0.020985939671506883, "MRR_negative": 0.0, "MRR_positive": 0.020985939671506883, "P_AT_1": 0.009193054136874362, "P_AT_10": 0.054477357848144364, "P_AT_K": 0.15560095335376234, "P_AT_K_positive": 0.15560095335376234, "P_AT_K_negative": 0.0}], "date_of_birth": [{"MRR": 0.022324005561456525, "MRR_negative": 0.0, "MRR_positive": 0.022324005561456525, "P_AT_1": 0.0016438356164383563, "P_AT_10": 0.03780821917808219, "P_AT_K": 0.3084931506849315, "P_AT_K_positive": 0.3084931506849315, "P_AT_K_negative": 0.0}], "place_of_death": [{"MRR": 0.013285503327736353, "MRR_negative": 0.0, "MRR_positive": 0.013285503327736353, "P_AT_1": 0.0026109660574412533, "P_AT_10": 0.03524804177545692, "P_AT_K": 0.11357702349869452, "P_AT_K_positive": 0.11357702349869452, "P_AT_K_negative": 0.0}]}, "TREx": {"means": [], "P19": [{"MRR": 0.028352027675502753, "MRR_negative": 0.0, "MRR_positive": 0.0, "P_AT_1": 0.020127118644067795, "P_AT_10": 0.07309322033898305, "P_AT_K": 0.13347457627118645, "P_AT_K_positive": 0.0, "P_AT_K_negative": 0.0}], "P20": [{"MRR": 0.020875551937162572, "MRR_negative": 0.0, "MRR_positive": 0.0, "P_AT_1": 0.008394543546694649, "P_AT_10": 0.05246589716684155, "P_AT_K": 0.20041972717733472, "P_AT_K_positive": 0.0, "P_AT_K_negative": 0.0}], "P279": [{"MRR": 0.047008764173915286, "MRR_negative": 0.0, "MRR_positive": 0.0, "P_AT_1": 0.017634854771784232, "P_AT_10": 0.1078838174273859, "P_AT_K": 0.23029045643153526, "P_AT_K_positive": 0.0, "P_AT_K_negative": 0.0}], "P37": [{"MRR": 0.0001491622447455545, "MRR_negative": 0.0, "MRR_positive": 0.0, "P_AT_1": 0.0, "P_AT_10": 0.0, "P_AT_K": 0.0, "P_AT_K_positive": 0.0, "P_AT_K_negative": 0.0}], "P413": [{"MRR": 0.00013416397212577844, "MRR_negative": 0.0, "MRR_positive": 0.0, "P_AT_1": 0.0, "P_AT_10": 0.0, "P_AT_K": 0.0010504201680672268, "P_AT_K_positive": 0.0, "P_AT_K_negative": 0.0}], "P449": [{"MRR": 0.17873169692477942, "MRR_negative": 0.0, "MRR_positive": 0.0, "P_AT_1": 0.09772727272727273, "P_AT_10": 0.3375, "P_AT_K": 0.5284090909090909, "P_AT_K_positive": 0.0, "P_AT_K_negative": 0.0}], "P47": [{"MRR": 0.008466994392982624, "MRR_negative": 0.0, "MRR_positive": 0.0, "P_AT_1": 0.002173913043478261, "P_AT_10": 0.01956521739130435, "P_AT_K": 0.1108695652173913, "P_AT_K_positive": 0.0, "P_AT_K_negative": 0.0}], "P138": [{"MRR": 0.004414712044126324, "MRR_negative": 0.0, "MRR_positive": 0.0, "P_AT_1": 0.0, "P_AT_10": 0.003115264797507788, "P_AT_K": 0.07009345794392523, "P_AT_K_positive": 0.0, "P_AT_K_negative": 0.0}], "P364": [{"MRR": 0.00024510648896584615, "MRR_negative": 0.0, "MRR_positive": 0.0, "P_AT_1": 0.0, "P_AT_10": 0.0, "P_AT_K": 0.002336448598130841, "P_AT_K_positive": 0.0, "P_AT_K_negative": 0.0}], "P463": [{"MRR": 0.004446497654013969, "MRR_negative": 0.0, "MRR_positive": 0.0, "P_AT_1": 0.0, "P_AT_10": 0.0, "P_AT_K": 0.1111111111111111, "P_AT_K_positive": 0.0, "P_AT_K_negative": 0.0}], "P101": [{"MRR": 0.010063576115697904, "MRR_negative": 0.0, "MRR_positive": 0.0, "P_AT_1": 0.0, "P_AT_10": 0.01293103448275862, "P_AT_K": 0.2543103448275862, "P_AT_K_positive": 0.0, "P_AT_K_negative": 0.0}], "P106": [{"MRR": 0.01731845559988041, "MRR_negative": 0.0, "MRR_positive": 0.0, "P_AT_1": 0.011482254697286013, "P_AT_10": 0.04384133611691023, "P_AT_K": 0.10647181628392484, "P_AT_K_positive": 0.0, "P_AT_K_negative": 0.0}], "P527": [{"MRR": 0.014121706016025833, "MRR_negative": 0.0, "MRR_positive": 0.0, "P_AT_1": 0.0020491803278688526, "P_AT_10": 0.03381147540983607, "P_AT_K": 0.23668032786885246, "P_AT_K_positive": 0.0, "P_AT_K_negative": 0.0}], "P530": [{"MRR": 0.023772523185044747, "MRR_negative": 0.0, "MRR_positive": 0.0, "P_AT_1": 0.008032128514056224, "P_AT_10": 0.04618473895582329, "P_AT_K": 0.45582329317269077, "P_AT_K_positive": 0.0, "P_AT_K_negative": 0.0}], "P176": [{"MRR": 0.0019414743655221767, "MRR_negative": 0.0, "MRR_positive": 0.0, "P_AT_1": 0.0, "P_AT_10": 0.0041109969167523125, "P_AT_K": 0.03494347379239465, "P_AT_K_positive": 0.0, "P_AT_K_negative": 0.0}], "P27": [{"MRR": 5.845872731170377e-05, "MRR_negative": 0.0, "MRR_positive": 0.0, "P_AT_1": 0.0, "P_AT_10": 0.0, "P_AT_K": 0.0, "P_AT_K_positive": 0.0, "P_AT_K_negative": 0.0}], "P407": [{"MRR": 0.013045140741185455, "MRR_negative": 0.0, "MRR_positive": 0.0, "P_AT_1": 0.0011402508551881414, "P_AT_10": 0.020524515393386546, "P_AT_K": 0.2702394526795895, "P_AT_K_positive": 0.0, "P_AT_K_negative": 0.0}], "P30": [{"MRR": 0.03351729457486717, "MRR_negative": 0.0, "MRR_positive": 0.0, "P_AT_1": 0.0041025641025641026, "P_AT_10": 0.09538461538461539, "P_AT_K": 0.2564102564102564, "P_AT_K_positive": 0.0, "P_AT_K_negative": 0.0}], "P178": [{"MRR": 0.03070614743794943, "MRR_negative": 0.0, "MRR_positive": 0.0, "P_AT_1": 0.0, "P_AT_10": 0.09475465313028765, "P_AT_K": 0.3333333333333333, "P_AT_K_positive": 0.0, "P_AT_K_negative": 0.0}], "P1376": [{"MRR": 0.02302911451808905, "MRR_negative": 0.0, "MRR_positive": 0.0, "P_AT_1": 0.004291845493562232, "P_AT_10": 0.07296137339055794, "P_AT_K": 0.2703862660944206, "P_AT_K_positive": 0.0, "P_AT_K_negative": 0.0}], "P131": [{"MRR": 0.03736758923126063, "MRR_negative": 0.0, "MRR_positive": 0.0, "P_AT_1": 0.02383654937570942, "P_AT_10": 0.09648127128263337, "P_AT_K": 0.37230419977298523, "P_AT_K_positive": 0.0, "P_AT_K_negative": 0.0}], "P1412": [{"MRR": 0.007309000418042547, "MRR_negative": 0.0, "MRR_positive": 0.0, "P_AT_1": 0.0, "P_AT_10": 0.007223942208462332, "P_AT_K": 0.18988648090815274, "P_AT_K_positive": 0.0, "P_AT_K_negative": 0.0}], "P108": [{"MRR": 0.0005188519476287854, "MRR_negative": 0.0, "MRR_positive": 0.0, "P_AT_1": 0.0, "P_AT_10": 0.0, "P_AT_K": 0.0026109660574412533, "P_AT_K_positive": 0.0, "P_AT_K_negative": 0.0}], "P136": [{"MRR": 0.006995804910452577, "MRR_negative": 0.0, "MRR_positive": 0.0, "P_AT_1": 0.0, "P_AT_10": 0.0, "P_AT_K": 0.2513426423200859, "P_AT_K_positive": 0.0, "P_AT_K_negative": 0.0}], "P17": [{"MRR": 0.0523464133897165, "MRR_negative": 0.0, "MRR_positive": 0.0, "P_AT_1": 0.06236559139784946, "P_AT_10": 0.16451612903225807, "P_AT_K": 0.5924731182795699, "P_AT_K_positive": 0.0, "P_AT_K_negative": 0.0}], "P39": [{"MRR": 0.0003390107701842365, "MRR_negative": 0.0, "MRR_positive": 0.0, "P_AT_1": 0.0011210762331838565, "P_AT_10": 0.0011210762331838565, "P_AT_K": 0.0011210762331838565, "P_AT_K_positive": 0.0, "P_AT_K_negative": 0.0}], "P264": [{"MRR": 0.00038023036393708333, "MRR_negative": 0.0, "MRR_positive": 0.0, "P_AT_1": 0.0, "P_AT_10": 0.0, "P_AT_K": 0.002331002331002331, "P_AT_K_positive": 0.0, "P_AT_K_negative": 0.0}], "P276": [{"MRR": 0.018086103667133917, "MRR_negative": 0.0, "MRR_positive": 0.0, "P_AT_1": 0.011482254697286013, "P_AT_10": 0.05741127348643006, "P_AT_K": 0.2035490605427975, "P_AT_K_positive": 0.0, "P_AT_K_negative": 0.0}], "P937": [{"MRR": 0.05595199529990391, "MRR_negative": 0.0, "MRR_positive": 0.0, "P_AT_1": 0.09119496855345911, "P_AT_10": 0.21174004192872117, "P_AT_K": 0.2851153039832285, "P_AT_K_positive": 0.0, "P_AT_K_negative": 0.0}], "P140": [{"MRR": 0.0013698025256154618, "MRR_negative": 0.0, "MRR_positive": 0.0, "P_AT_1": 0.0021141649048625794, "P_AT_10": 0.004228329809725159, "P_AT_K": 0.010570824524312896, "P_AT_K_positive": 0.0, "P_AT_K_negative": 0.0}], "P1303": [{"MRR": 0.005362403207095814, "MRR_negative": 0.0, "MRR_positive": 0.0, "P_AT_1": 0.0, "P_AT_10": 0.007376185458377239, "P_AT_K": 0.13382507903055849, "P_AT_K_positive": 0.0, "P_AT_K_negative": 0.0}], "P127": [{"MRR": 0.0122505687776594, "MRR_negative": 0.0, "MRR_positive": 0.0, "P_AT_1": 0.0, "P_AT_10": 0.024745269286754003, "P_AT_K": 0.19941775836972345, "P_AT_K_positive": 0.0, "P_AT_K_negative": 0.0}], "P103": [{"MRR": 8.238099578242754e-05, "MRR_negative": 0.0, "MRR_positive": 0.0, "P_AT_1": 0.0, "P_AT_10": 0.0, "P_AT_K": 0.0010235414534288639, "P_AT_K_positive": 0.0, "P_AT_K_negative": 0.0}], "P190": [{"MRR": 0.00030719422884678327, "MRR_negative": 0.0, "MRR_positive": 0.0, "P_AT_1": 0.0, "P_AT_10": 0.0010080645161290322,