{
    "Google_RE": {
        "means": [
            "Mean P@1,10,k: 0.0036318238565429574, 0.03278468343010283, 0.18989013952849035"
        ],
        "place_of_birth": [
            {
                "MRR": 0.02122594915434746,
                "MRR_negative": 0.0,
                "MRR_positive": 0.02122594915434746,
                "P_AT_1": 0.010895471569628872,
                "P_AT_10": 0.04766768811712632,
                "P_AT_K": 0.1651344909771876,
                "P_AT_K_positive": 0.1651344909771876,
                "P_AT_K_negative": 0.0
            }
        ],
        "date_of_birth": [
            {
                "MRR": 0.01557416261777788,
                "MRR_negative": 0.0,
                "MRR_positive": 0.01557416261777788,
                "P_AT_1": 0.0,
                "P_AT_10": 0.028493150684931506,
                "P_AT_K": 0.290958904109589,
                "P_AT_K_positive": 0.290958904109589,
                "P_AT_K_negative": 0.0
            }
        ],
        "place_of_death": [
            {
                "MRR": 0.014061838052129244,
                "MRR_negative": 0.0,
                "MRR_positive": 0.014061838052129244,
                "P_AT_1": 0.0,
                "P_AT_10": 0.022193211488250653,
                "P_AT_K": 0.11357702349869452,
                "P_AT_K_positive": 0.11357702349869452,
                "P_AT_K_negative": 0.0
            }
        ]
    },
    "TREx": {
        "means": [
            "Mean P@1,10,k: 0.013402451151034328, 0.04900781818485508, 0.17515337535075642"
        ],
        "P19": [
            {
                "MRR": 0.024983148828660522,
                "MRR_negative": 0.0,
                "MRR_positive": 0.0,
                "P_AT_1": 0.01059322033898305,
                "P_AT_10": 0.05402542372881356,
                "P_AT_K": 0.15677966101694915,
                "P_AT_K_positive": 0.0,
                "P_AT_K_negative": 0.0
            }
        ],
        "P20": [
            {
                "MRR": 0.016548058274741827,
                "MRR_negative": 0.0,
                "MRR_positive": 0.0,
                "P_AT_1": 0.002098635886673662,
                "P_AT_10": 0.033578174186778595,
                "P_AT_K": 0.1930745015739769,
                "P_AT_K_positive": 0.0,
                "P_AT_K_negative": 0.0
            }
        ],
        "P279": [
            {
                "MRR": 0.046929327723180835,
                "MRR_negative": 0.0,
                "MRR_positive": 0.0,
                "P_AT_1": 0.03008298755186722,
                "P_AT_10": 0.11514522821576763,
                "P_AT_K": 0.22821576763485477,
                "P_AT_K_positive": 0.0,
                "P_AT_K_negative": 0.0
            }
        ],
        "P37": [
            {
                "MRR": 0.00017819948770519628,
                "MRR_negative": 0.0,
                "MRR_positive": 0.0,
                "P_AT_1": 0.0,
                "P_AT_10": 0.0,
                "P_AT_K": 0.0,
                "P_AT_K_positive": 0.0,
                "P_AT_K_negative": 0.0
            }
        ],
        "P413": [
            {
                "MRR": 8.876079967845672e-05,
                "MRR_negative": 0.0,
                "MRR_positive": 0.0,
                "P_AT_1": 0.0,
                "P_AT_10": 0.0,
                "P_AT_K": 0.0,
                "P_AT_K_positive": 0.0,
                "P_AT_K_negative": 0.0
            }
        ],
        "P449": [
            {
                "MRR": 0.0899852061443808,
                "MRR_negative": 0.0,
                "MRR_positive": 0.0,
                "P_AT_1": 0.21136363636363636,
                "P_AT_10": 0.3443181818181818,
                "P_AT_K": 0.5795454545454546,
                "P_AT_K_positive": 0.0,
                "P_AT_K_negative": 0.0
            }
        ],
        "P47": [
            {
                "MRR": 0.00492316608620115,
                "MRR_negative": 0.0,
                "MRR_positive": 0.0,
                "P_AT_1": 0.0010869565217391304,
                "P_AT_10": 0.006521739130434782,
                "P_AT_K": 0.10326086956521739,
                "P_AT_K_positive": 0.0,
                "P_AT_K_negative": 0.0
            }
        ],
        "P138": [
            {
                "MRR": 0.005368970057937895,
                "MRR_negative": 0.0,
                "MRR_positive": 0.0,
                "P_AT_1": 0.0,
                "P_AT_10": 0.00778816199376947,
                "P_AT_K": 0.0794392523364486,
                "P_AT_K_positive": 0.0,
                "P_AT_K_negative": 0.0
            }
        ],
        "P364": [
            {
                "MRR": 0.0002907180003735652,
                "MRR_negative": 0.0,
                "MRR_positive": 0.0,
                "P_AT_1": 0.0,
                "P_AT_10": 0.0,
                "P_AT_K": 0.0035046728971962616,
                "P_AT_K_positive": 0.0,
                "P_AT_K_negative": 0.0
            }
        ],
        "P463": [
            {
                "MRR": 0.0045556902358302905,
                "MRR_negative": 0.0,
                "MRR_positive": 0.0,
                "P_AT_1": 0.0,
                "P_AT_10": 0.0,
                "P_AT_K": 0.14222222222222222,
                "P_AT_K_positive": 0.0,
                "P_AT_K_negative": 0.0
            }
        ],
        "P101": [
            {
                "MRR": 0.00826284754090828,
                "MRR_negative": 0.0,
                "MRR_positive": 0.0,
                "P_AT_1": 0.0014367816091954023,
                "P_AT_10": 0.008620689655172414,
                "P_AT_K": 0.2025862068965517,
                "P_AT_K_positive": 0.0,
                "P_AT_K_negative": 0.0
            }
        ],
        "P106": [
            {
                "MRR": 0.016154786197446754,
                "MRR_negative": 0.0,
                "MRR_positive": 0.0,
                "P_AT_1": 0.003131524008350731,
                "P_AT_10": 0.033402922755741124,
                "P_AT_K": 0.1931106471816284,
                "P_AT_K_positive": 0.0,
                "P_AT_K_negative": 0.0
            }
        ],
        "P527": [
            {
                "MRR": 0.014706168754623498,
                "MRR_negative": 0.0,
                "MRR_positive": 0.0,
                "P_AT_1": 0.0020491803278688526,
                "P_AT_10": 0.027663934426229508,
                "P_AT_K": 0.19467213114754098,
                "P_AT_K_positive": 0.0,
                "P_AT_K_negative": 0.0
            }
        ],
        "P530": [
            {
                "MRR": 0.01846609246899274,
                "MRR_negative": 0.0,
                "MRR_positive": 0.0,
                "P_AT_1": 0.004016064257028112,
                "P_AT_10": 0.04417670682730924,
                "P_AT_K": 0.33634538152610444,
                "P_AT_K_positive": 0.0,
                "P_AT_K_negative": 0.0
            }
        ],
        "P176": [
            {
                "MRR": 0.003534908195313534,
                "MRR_negative": 0.0,
                "MRR_positive": 0.0,
                "P_AT_1": 0.0010277492291880781,
                "P_AT_10": 0.009249743062692703,
                "P_AT_K": 0.03802672147995889,
                "P_AT_K_positive": 0.0,
                "P_AT_K_negative": 0.0
            }
        ],
        "P27": [
            {
                "MRR": 0.00013612825640768716,
                "MRR_negative": 0.0,
                "MRR_positive": 0.0,
                "P_AT_1": 0.0,
                "P_AT_10": 0.0,
                "P_AT_K": 0.002070393374741201,
                "P_AT_K_positive": 0.0,
                "P_AT_K_negative": 0.0
            }
        ],
        "P407": [
            {
                "MRR": 0.01077940338982552,
                "MRR_negative": 0.0,
                "MRR_positive": 0.0,
                "P_AT_1": 0.0,
                "P_AT_10": 0.021664766248574687,
                "P_AT_K": 0.27137970353477764,