{
    "Google_RE": {
        "means": [
            "Mean P@1,10,k: 0.02847039333163678, 0.14209661358267, 0.5430024879281034"
        ],
        "place_of_birth": [
            {
                "MRR": 0.07104457343098765,
                "MRR_negative": 0.0,
                "MRR_positive": 0.07104457343098765,
                "P_AT_1": 0.05549880830779707,
                "P_AT_10": 0.1954375212802179,
                "P_AT_K": 0.5325161729656112,
                "P_AT_K_positive": 0.5325161729656112,
                "P_AT_K_negative": 0.0
            }
        ],
        "date_of_birth": [
            {
                "MRR": 0.05560558554015713,
                "MRR_negative": 0.0,
                "MRR_positive": 0.05560558554015713,
                "P_AT_1": 0.014246575342465753,
                "P_AT_10": 0.13424657534246576,
                "P_AT_K": 0.7753424657534247,
                "P_AT_K_positive": 0.7753424657534247,
                "P_AT_K_negative": 0.0
            }
        ],
        "place_of_death": [
            {
                "MRR": 0.04123307259939779,
                "MRR_negative": 0.0,
                "MRR_positive": 0.04123307259939779,
                "P_AT_1": 0.015665796344647518,
                "P_AT_10": 0.09660574412532637,
                "P_AT_K": 0.32114882506527415,
                "P_AT_K_positive": 0.32114882506527415,
                "P_AT_K_negative": 0.0
            }
        ]
    },
    "TREx": {
        "means": [
            "Mean P@1,10,k: 0.07353146374297159, 0.2608286629950441, 0.5801461651931761"
        ],
        "P19": [
            {
                "MRR": 0.08742806184819464,
                "MRR_negative": 0.0,
                "MRR_positive": 0.0,
                "P_AT_1": 0.0635593220338983,
                "P_AT_10": 0.25,
                "P_AT_K": 0.565677966101695,
                "P_AT_K_positive": 0.0,
                "P_AT_K_negative": 0.0
            }
        ],
        "P20": [
            {
                "MRR": 0.0842726705269292,
                "MRR_negative": 0.0,
                "MRR_positive": 0.0,
                "P_AT_1": 0.03252885624344176,
                "P_AT_10": 0.2161594963273872,
                "P_AT_K": 0.5120671563483735,
                "P_AT_K_positive": 0.0,
                "P_AT_K_negative": 0.0
            }
        ],
        "P279": [
            {
                "MRR": 0.10143201337603658,
                "MRR_negative": 0.0,
                "MRR_positive": 0.0,
                "P_AT_1": 0.06327800829875518,
                "P_AT_10": 0.2800829875518672,
                "P_AT_K": 0.483402489626556,
                "P_AT_K_positive": 0.0,
                "P_AT_K_negative": 0.0
            }
        ],
        "P37": [
            {
                "MRR": 0.1565756374993324,
                "MRR_negative": 0.0,
                "MRR_positive": 0.0,
                "P_AT_1": 0.16770186335403728,
                "P_AT_10": 0.4803312629399586,
                "P_AT_K": 0.943064182194617,
                "P_AT_K_positive": 0.0,
                "P_AT_K_negative": 0.0
            }
        ],
        "P413": [
            {
                "MRR": 0.031487161349554045,
                "MRR_negative": 0.0,
                "MRR_positive": 0.0,
                "P_AT_1": 0.0021008403361344537,
                "P_AT_10": 0.06512605042016807,
                "P_AT_K": 0.4170168067226891,
                "P_AT_K_positive": 0.0,
                "P_AT_K_negative": 0.0
            }
        ],
        "P449": [
            {
                "MRR": 0.29417578302475084,
                "MRR_negative": 0.0,
                "MRR_positive": 0.0,
                "P_AT_1": 0.3215909090909091,
                "P_AT_10": 0.7681818181818182,
                "P_AT_K": 0.8863636363636364,
                "P_AT_K_positive": 0.0,
                "P_AT_K_negative": 0.0
            }
        ],
        "P47": [
            {
                "MRR": 0.05833304664556209,
                "MRR_negative": 0.0,
                "MRR_positive": 0.0,
                "P_AT_1": 0.021739130434782608,
                "P_AT_10": 0.15543478260869564,
                "P_AT_K": 0.4956521739130435,
                "P_AT_K_positive": 0.0,
                "P_AT_K_negative": 0.0
            }
        ],
        "P138": [
            {
                "MRR": 0.012060561998091029,
                "MRR_negative": 0.0,
                "MRR_positive": 0.0,
                "P_AT_1": 0.0,
                "P_AT_10": 0.0264797507788162,
                "P_AT_K": 0.09813084112149532,
                "P_AT_K_positive": 0.0,
                "P_AT_K_negative": 0.0
            }
        ],
        "P364": [
            {
                "MRR": 0.18181708275717312,
                "MRR_negative": 0.0,
                "MRR_positive": 0.0,
                "P_AT_1": 0.10747663551401869,
                "P_AT_10": 0.48364485981308414,
                "P_AT_K": 0.8060747663551402,
                "P_AT_K_positive": 0.0,
                "P_AT_K_negative": 0.0
            }
        ],
        "P463": [
            {
                "MRR": 0.10949841838002934,
                "MRR_negative": 0.0,
                "MRR_positive": 0.0,
                "P_AT_1": 0.5733333333333334,
                "P_AT_10": 0.6977777777777778,
                "P_AT_K": 0.7377777777777778,
                "P_AT_K_positive": 0.0,
                "P_AT_K_negative": 0.0
            }
        ],
        "P101": [
            {
                "MRR": 0.07782846917332785,
                "MRR_negative": 0.0,
                "MRR_positive": 0.0,
                "P_AT_1": 0.028735632183908046,
                "P_AT_10": 0.22270114942528735,
                "P_AT_K": 0.6364942528735632,
                "P_AT_K_positive": 0.0,
                "P_AT_K_negative": 0.0
            }
        ],
        "P106": [
            {
                "MRR": 0.03553464927928121,
                "MRR_negative": 0.0,
                "MRR_positive": 0.0,
                "P_AT_1": 0.0010438413361169101,
                "P_AT_10": 0.081419624217119,
                "P_AT_K": 0.6555323590814196,
                "P_AT_K_positive": 0.0,
                "P_AT_K_negative": 0.0
            }
        ],
        "P527": [
            {
                "MRR": 0.04113774534918719,
                "MRR_negative": 0.0,
                "MRR_positive": 0.0,
                "P_AT_1": 0.014344262295081968,
                "P_AT_10": 0.10860655737704918,
                "P_AT_K": 0.3729508196721312,
                "P_AT_K_positive": 0.0,
                "P_AT_K_negative": 0.0
            }
        ],
        "P530": [
            {
                "MRR": 0.061374934094533165,
                "MRR_negative": 0.0,
                "MRR_positive": 0.0,
                "P_AT_1": 0.015060240963855422,
                "P_AT_10": 0.15863453815261044,
                "P_AT_K": 0.7831325301204819,
                "P_AT_K_positive": 0.0,
                "P_AT_K_negative": 0.0
            }
        ],
        "P176": [
            {
                "MRR": 0.08587659566206397,
                "MRR_negative": 0.0,
                "MRR_positive": 0.0,
                "P_AT_1": 0.1510791366906475,
                "P_AT_10": 0.33504624871531347,
                "P_AT_K": 0.5210688591983555,
                "P_AT_K_positive": 0.0,
                "P_AT_K_negative": 0.0
            }
        ],
        "P27": [
            {
                "MRR": 0.006494629500402431,
                "MRR_negative": 0.0,
                "MRR_positive": 0.0,
                "P_AT_1": 0.0,
                "P_AT_10": 0.002070393374741201,
                "P_AT_K": 0.2070393374741201,
                "P_AT_K_positive": 0.0,
                "P_AT_K_negative": 0.0
            }
        ],
        "P407": [
            {
                "MRR": 0.2076531297890833,
                "MRR_negative": 0.0,
                "MRR_positive": 0.0,