{"Google_RE": {"means": ["Mean P@1,10,k: 0.008408336819577839, 0.09932614909401545, 0.4296986834601986"], "place_of_birth": [{"MRR": 0.04483548520385194, "MRR_negative": 0.0, "MRR_positive": 0.04483548520385194, "P_AT_1": 0.011235955056179775, "P_AT_10": 0.11338100102145046, "P_AT_K": 0.42219952332311883, "P_AT_K_positive": 0.42219952332311883, "P_AT_K_negative": 0.0}], "date_of_birth": [{"MRR": 0.04972586171739442, "MRR_negative": 0.0, "MRR_positive": 0.04972586171739442, "P_AT_1": 0.008767123287671232, "P_AT_10": 0.11671232876712329, "P_AT_K": 0.6345205479452055, "P_AT_K_positive": 0.6345205479452055, "P_AT_K_negative": 0.0}], "place_of_death": [{"MRR": 0.025977703471851916, "MRR_negative": 0.0, "MRR_positive": 0.025977703471851916, "P_AT_1": 0.005221932114882507, "P_AT_10": 0.06788511749347259, "P_AT_K": 0.23237597911227154, "P_AT_K_positive": 0.23237597911227154, "P_AT_K_negative": 0.0}]}, "TREx": {"means": ["Mean P@1,10,k: 0.05148622834191804, 0.16247785544713164, 0.46527790933612373"], "P19": [{"MRR": 0.05271200202520557, "MRR_negative": 0.0, "MRR_positive": 0.0, "P_AT_1": 0.012711864406779662, "P_AT_10": 0.1027542372881356, "P_AT_K": 0.4141949152542373, "P_AT_K_positive": 0.0, "P_AT_K_negative": 0.0}], "P20": [{"MRR": 0.04486458638792544, "MRR_negative": 0.0, "MRR_positive": 0.0, "P_AT_1": 0.02098635886673662, "P_AT_10": 0.15110178384050368, "P_AT_K": 0.37985309548793283, "P_AT_K_positive": 0.0, "P_AT_K_negative": 0.0}], "P279": [{"MRR": 0.054341404887412154, "MRR_negative": 0.0, "MRR_positive": 0.0, "P_AT_1": 0.008298755186721992, "P_AT_10": 0.1441908713692946, "P_AT_K": 0.3029045643153527, "P_AT_K_positive": 0.0, "P_AT_K_negative": 0.0}], "P37": [{"MRR": 0.0897306705751048, "MRR_negative": 0.0, "MRR_positive": 0.0, "P_AT_1": 0.07142857142857142, "P_AT_10": 0.18840579710144928, "P_AT_K": 0.41304347826086957, "P_AT_K_positive": 0.0, "P_AT_K_negative": 0.0}], "P413": [{"MRR": 0.02945681294101727, "MRR_negative": 0.0, "MRR_positive": 0.0, "P_AT_1": 0.0010504201680672268, "P_AT_10": 0.05042016806722689, "P_AT_K": 0.6281512605042017, "P_AT_K_positive": 0.0, "P_AT_K_negative": 0.0}], "P449": [{"MRR": 0.20759917292362495, "MRR_negative": 0.0, "MRR_positive": 0.0, "P_AT_1": 0.32386363636363635, "P_AT_10": 0.7011363636363637, "P_AT_K": 0.8704545454545455, "P_AT_K_positive": 0.0, "P_AT_K_negative": 0.0}], "P47": [{"MRR": 0.03404744543890109, "MRR_negative": 0.0, "MRR_positive": 0.0, "P_AT_1": 0.014130434782608696, "P_AT_10": 0.09239130434782608, "P_AT_K": 0.34347826086956523, "P_AT_K_positive": 0.0, "P_AT_K_negative": 0.0}], "P138": [{"MRR": 0.005440683806346356, "MRR_negative": 0.0, "MRR_positive": 0.0, "P_AT_1": 0.0, "P_AT_10": 0.006230529595015576, "P_AT_K": 0.04361370716510903, "P_AT_K_positive": 0.0, "P_AT_K_negative": 0.0}], "P364": [{"MRR": 0.0692393971512204, "MRR_negative": 0.0, "MRR_positive": 0.0, "P_AT_1": 0.15771028037383178, "P_AT_10": 0.26869158878504673, "P_AT_K": 0.5467289719626168, "P_AT_K_positive": 0.0, "P_AT_K_negative": 0.0}], "P463": [{"MRR": 0.07338532431111727, "MRR_negative": 0.0, "MRR_positive": 0.0, "P_AT_1": 0.49333333333333335, "P_AT_10": 0.6755555555555556, "P_AT_K": 0.7288888888888889, "P_AT_K_positive": 0.0, "P_AT_K_negative": 0.0}], "P101": [{"MRR": 0.0508650188334859, "MRR_negative": 0.0, "MRR_positive": 0.0, "P_AT_1": 0.033045977011494254, "P_AT_10": 0.13218390804597702, "P_AT_K": 0.5905172413793104, "P_AT_K_positive": 0.0, "P_AT_K_negative": 0.0}], "P106": [{"MRR": 0.03847099793568575, "MRR_negative": 0.0, "MRR_positive": 0.0, "P_AT_1": 0.014613778705636743, "P_AT_10": 0.07306889352818371, "P_AT_K": 0.5605427974947808, "P_AT_K_positive": 0.0, "P_AT_K_negative": 0.0}], "P527": [{"MRR": 0.012742636739136465, "MRR_negative": 0.0, "MRR_positive": 0.0, "P_AT_1": 0.004098360655737705, "P_AT_10": 0.02971311475409836, "P_AT_K": 0.25922131147540983, "P_AT_K_positive": 0.0, "P_AT_K_negative": 0.0}], "P530": [{"MRR": 0.055330232386909026, "MRR_negative": 0.0, "MRR_positive": 0.0, "P_AT_1": 0.009036144578313253, "P_AT_10": 0.1706827309236948, "P_AT_K": 0.677710843373494, "P_AT_K_positive": 0.0, "P_AT_K_negative": 0.0}], "P176": [{"MRR": 0.0201008641372962, "MRR_negative": 0.0, "MRR_positive": 0.0, "P_AT_1": 0.0041109969167523125, "P_AT_10": 0.06680369989722508, "P_AT_K": 0.25488180883864336, "P_AT_K_positive": 0.0, "P_AT_K_negative": 0.0}], "P27": [{"MRR": 0.0014460458625724195, "MRR_negative": 0.0, "MRR_positive": 0.0, "P_AT_1": 0.0, "P_AT_10": 0.0, "P_AT_K": 0.021739130434782608, "P_AT_K_positive": 0.0, "P_AT_K_negative": 0.0}], "P407": [{"MRR": 0.07046298853777089, "MRR_negative": 0.0, "MRR_positive": 0.0, "P_AT_1": 0.40935005701254273, "P_AT_10": 0.5632839224629419, "P_AT_K": 0.7673888255416191, "P_AT_K_positive": 0.0, "P_AT_K_negative": 0.0}], "P30": [{"MRR": 0.016656324770739927, "MRR_negative": 0.0, "MRR_positive": 0.0, "P_AT_1": 0.0010256410256410256, "P_AT_10": 0.03076923076923077, "P_AT_K": 0.40717948717948715, "P_AT_K_positive": 0.0, "P_AT_K_negative": 0.0}], "P178": [{"MRR": 0.10191551001632831, "MRR_negative": 0.0, "MRR_positive": 0.0, "P_AT_1": 0.018612521150592216, "P_AT_10": 0.32318104906937395, "P_AT_K": 0.5803722504230119, "P_AT_K_positive": 0.0, "P_AT_K_negative": 0.0}], "P1376": [{"MRR": 0.03433294185051249, "MRR_negative": 0.0, "MRR_positive": 0.0, "P_AT_1": 0.012875536480686695, "P_AT_10": 0.08583690987124463, "P_AT_K": 0.3562231759656652, "P_AT_K_positive": 0.0, "P_AT_K_negative": 0.0}], "P131": [{"MRR": 0.042883055117766765, "MRR_negative": 0.0, "MRR_positive": 0.0, "P_AT_1": 0.01362088535754824, "P_AT_10": 0.11237230419977298, "P_AT_K": 0.5266742338251986, "P_AT_K_positive": 0.0, "P_AT_K_negative": 0.0}], "P1412": [{"MRR": 0.07531745806685901, "MRR_negative": 0.0, "MRR_positive": 0.0, "P_AT_1": 0.0041279669762641896, "P_AT_10": 0.21052631578947367, "P_AT_K": 0.5655314757481941, "P_AT_K_positive": 0.0, "P_AT_K_negative": 0.0}], "P108": [{"MRR": 0.036182172499969904, "MRR_negative": 0.0, "MRR_positive": 0.0, "P_AT_1": 0.010443864229765013, "P_AT_10": 0.09138381201044386, "P_AT_K": 0.5352480417754569, "P_AT_K_positive": 0.0, "P_AT_K_negative": 0.0}], "P136": [{"MRR": 0.02035698783605126, "MRR_negative": 0.0, "MRR_positive": 0.0, "P_AT_1": 0.0, "P_AT_10": 0.015037593984962405, "P_AT_K": 0.5424274973147154, "P_AT_K_positive": 0.0, "P_AT_K_negative": 0.0}], "P17": [{"MRR": 0.03541362663381307, "MRR_negative": 0.0, "MRR_positive": 0.0, "P_AT_1": 0.011827956989247311, "P_AT_10": 0.08924731182795699, "P_AT_K": 0.4666666666666667, "P_AT_K_positive": 0.0, "P_AT_K_negative": 0.0}], "P39": [{"MRR": 0.135887161418001, "MRR_negative": 0.0, "MRR_positive": 0.0, "P_AT_1": 0.04484304932735426, "P_AT_10": 0.3598654708520179, "P_AT_K": 0.9562780269058296, "P_AT_K_positive": 0.0, "P_AT_K_negative": 0.0}], "P264": [{"MRR": 0.03192235591587265, "MRR_negative": 0.0, "MRR_positive": 0.0, "P_AT_1": 0.1445221445221445, "P_AT_10": 0.19813519813519814, "P_AT_K": 0.23076923076923078, "P_AT_K_positive": 0.0, "P_AT_K_negative": 0.0}], "P276": [{"MRR": 0.02155052530637628, "MRR_negative": 0.0, "MRR_positive": 0.0, "P_AT_1": 0.0010438413361169101, "P_AT_10": 0.04488517745302714, "P_AT_K": 0.33611691022964507, "P_AT_K_positive": 0.0, "P_AT_K_negative": 0.0}], "P937": [{"MRR": 0.051066268907135684, "MRR_negative": 0.0, "MRR_positive": 0.0, "P_AT_1": 0.018867924528301886, "P_AT_10": 0.14465408805031446, "P_AT_K": 0.4224318658280922, "P_AT_K_positive": 0.0, "P_AT_K_negative": 0.0}], "P140": [{"MRR": 0.02495461763336816, "MRR_negative": 0.0, "MRR_positive": 0.0, "P_AT_1": 0.0, "P_AT_10": 0.006342494714587738, "P_AT_K": 0.718816067653277, "P_AT_K_positive": 0.0, "P_AT_K_negative": 0.0}], "P1303": [{"MRR": 0.1125893397319599, "MRR_negative": 0.0, "MRR_positive": 0.0, "P_AT_1": 0.008429926238145416, "P_AT_10": 0.2845100105374078, "P_AT_K": 0.6059009483667018, "P_AT_K_positive": 0.0, "P_AT_K_negative": 0.0}], "P127": [{"MRR": 0.04153158151971272, "MRR_negative": 0.0, "MRR_positive": 0.0, "P_AT_1": 0.00727802037845706,