{"Google_RE": {"means": ["Mean P@1,10,k: 0.0037196770962867466, 0.024534064056189353, 0.1819003563144241"], "place_of_birth": [{"MRR": 0.01292407618125457, "MRR_negative": 0.0, "MRR_positive": 0.01292407618125457, "P_AT_1": 0.003745318352059925, "P_AT_10": 0.029281579843377595, "P_AT_K": 0.13210759278175008, "P_AT_K_positive": 0.13210759278175008, "P_AT_K_negative": 0.0}], "date_of_birth": [{"MRR": 0.014970480075149754, "MRR_negative": 0.0, "MRR_positive": 0.014970480075149754, "P_AT_1": 0.002191780821917808, "P_AT_10": 0.020821917808219178, "P_AT_K": 0.2947945205479452, "P_AT_K_positive": 0.2947945205479452, "P_AT_K_negative": 0.0}], "place_of_death": [{"MRR": 0.013113433289137319, "MRR_negative": 0.0, "MRR_positive": 0.013113433289137319, "P_AT_1": 0.005221932114882507, "P_AT_10": 0.02349869451697128, "P_AT_K": 0.11879895561357702, "P_AT_K_positive": 0.11879895561357702, "P_AT_K_negative": 0.0}]}, "TREx": {"means": ["Mean P@1,10,k: 0.011748538105808412, 0.04265253834270865, 0.16189299831659545"], "P19": [{"MRR": 0.016517175485191233, "MRR_negative": 0.0, "MRR_positive": 0.0, "P_AT_1": 0.007415254237288136, "P_AT_10": 0.03919491525423729, "P_AT_K": 0.1260593220338983, "P_AT_K_positive": 0.0, "P_AT_K_negative": 0.0}], "P20": [{"MRR": 0.017324398567164195, "MRR_negative": 0.0, "MRR_positive": 0.0, "P_AT_1": 0.005246589716684155, "P_AT_10": 0.03987408184679958, "P_AT_K": 0.18048268625393493, "P_AT_K_positive": 0.0, "P_AT_K_negative": 0.0}], "P279": [{"MRR": 0.05909133513591594, "MRR_negative": 0.0, "MRR_positive": 0.0, "P_AT_1": 0.012448132780082987, "P_AT_10": 0.1275933609958506, "P_AT_K": 0.23340248962655602, "P_AT_K_positive": 0.0, "P_AT_K_negative": 0.0}], "P37": [{"MRR": 0.0002628848150940849, "MRR_negative": 0.0, "MRR_positive": 0.0, "P_AT_1": 0.0, "P_AT_10": 0.0, "P_AT_K": 0.004140786749482402, "P_AT_K_positive": 0.0, "P_AT_K_negative": 0.0}], "P413": [{"MRR": 3.093017690728307e-05, "MRR_negative": 0.0, "MRR_positive": 0.0, "P_AT_1": 0.0, "P_AT_10": 0.0, "P_AT_K": 0.0, "P_AT_K_positive": 0.0, "P_AT_K_negative": 0.0}], "P449": [{"MRR": 0.11277673152654995, "MRR_negative": 0.0, "MRR_positive": 0.0, "P_AT_1": 0.26704545454545453, "P_AT_10": 0.4863636363636364, "P_AT_K": 0.6943181818181818, "P_AT_K_positive": 0.0, "P_AT_K_negative": 0.0}], "P47": [{"MRR": 0.005768556062266325, "MRR_negative": 0.0, "MRR_positive": 0.0, "P_AT_1": 0.0, "P_AT_10": 0.010869565217391304, "P_AT_K": 0.08260869565217391, "P_AT_K_positive": 0.0, "P_AT_K_negative": 0.0}], "P138": [{"MRR": 0.004288274900462454, "MRR_negative": 0.0, "MRR_positive": 0.0, "P_AT_1": 0.0, "P_AT_10": 0.009345794392523364, "P_AT_K": 0.045171339563862926, "P_AT_K_positive": 0.0, "P_AT_K_negative": 0.0}], "P364": [{"MRR": 0.00014552974655025175, "MRR_negative": 0.0, "MRR_positive": 0.0, "P_AT_1": 0.0, "P_AT_10": 0.0, "P_AT_K": 0.0011682242990654205, "P_AT_K_positive": 0.0, "P_AT_K_negative": 0.0}], "P463": [{"MRR": 0.006364903268492313, "MRR_negative": 0.0, "MRR_positive": 0.0, "P_AT_1": 0.0, "P_AT_10": 0.008888888888888889, "P_AT_K": 0.1288888888888889, "P_AT_K_positive": 0.0, "P_AT_K_negative": 0.0}], "P101": [{"MRR": 0.005037626571744909, "MRR_negative": 0.0, "MRR_positive": 0.0, "P_AT_1": 0.0, "P_AT_10": 0.004310344827586207, "P_AT_K": 0.1206896551724138, "P_AT_K_positive": 0.0, "P_AT_K_negative": 0.0}], "P106": [{"MRR": 0.006649724577331214, "MRR_negative": 0.0, "MRR_positive": 0.0, "P_AT_1": 0.0, "P_AT_10": 0.013569937369519834, "P_AT_K": 0.12317327766179541, "P_AT_K_positive": 0.0, "P_AT_K_negative": 0.0}], "P527": [{"MRR": 0.010807005029506609, "MRR_negative": 0.0, "MRR_positive": 0.0, "P_AT_1": 0.0010245901639344263, "P_AT_10": 0.018442622950819672, "P_AT_K": 0.1598360655737705, "P_AT_K_positive": 0.0, "P_AT_K_negative": 0.0}], "P530": [{"MRR": 0.011890171080847901, "MRR_negative": 0.0, "MRR_positive": 0.0, "P_AT_1": 0.002008032128514056, "P_AT_10": 0.019076305220883535, "P_AT_K": 0.2419678714859438, "P_AT_K_positive": 0.0, "P_AT_K_negative": 0.0}], "P176": [{"MRR": 0.0015387700443558689, "MRR_negative": 0.0, "MRR_positive": 0.0, "P_AT_1": 0.0010277492291880781, "P_AT_10": 0.0041109969167523125, "P_AT_K": 0.02158273381294964, "P_AT_K_positive": 0.0, "P_AT_K_negative": 0.0}], "P27": [{"MRR": 2.1019749374612754e-05, "MRR_negative": 0.0, "MRR_positive": 0.0, "P_AT_1": 0.0, "P_AT_10": 0.0, "P_AT_K": 0.0, "P_AT_K_positive": 0.0, "P_AT_K_negative": 0.0}], "P407": [{"MRR": 0.0037163035626342164, "MRR_negative": 0.0, "MRR_positive": 0.0, "P_AT_1": 0.0, "P_AT_10": 0.0034207525655644243, "P_AT_K": 0.05131128848346636, "P_AT_K_positive": 0.0, "P_AT_K_negative": 0.0}], "P30": [{"MRR": 0.034925988683250066, "MRR_negative": 0.0, "MRR_positive": 0.0, "P_AT_1": 0.005128205128205128, "P_AT_10": 0.07179487179487179, "P_AT_K": 0.3958974358974359, "P_AT_K_positive": 0.0, "P_AT_K_negative": 0.0}], "P178": [{"MRR": 0.031458778336506024, "MRR_negative": 0.0, "MRR_positive": 0.0, "P_AT_1": 0.001692047377326565, "P_AT_10": 0.09644670050761421, "P_AT_K": 0.3299492385786802, "P_AT_K_positive": 0.0, "P_AT_K_negative": 0.0}], "P1376": [{"MRR": 0.020129594718863827, "MRR_negative": 0.0, "MRR_positive": 0.0, "P_AT_1": 0.008583690987124463, "P_AT_10": 0.055793991416309016, "P_AT_K": 0.21888412017167383, "P_AT_K_positive": 0.0, "P_AT_K_negative": 0.0}], "P131": [{"MRR": 0.023589344343001067, "MRR_negative": 0.0, "MRR_positive": 0.0, "P_AT_1": 0.028376844494892167, "P_AT_10": 0.07491486946651532, "P_AT_K": 0.2814982973893303, "P_AT_K_positive": 0.0, "P_AT_K_negative": 0.0}], "P1412": [{"MRR": 0.00227834862314407, "MRR_negative": 0.0, "MRR_positive": 0.0, "P_AT_1": 0.0, "P_AT_10": 0.0, "P_AT_K": 0.0412796697626419, "P_AT_K_positive": 0.0, "P_AT_K_negative": 0.0}], "P108": [{"MRR": 0.0034283476245415626, "MRR_negative": 0.0, "MRR_positive": 0.0, "P_AT_1": 0.0, "P_AT_10": 0.0026109660574412533, "P_AT_K": 0.04699738903394256, "P_AT_K_positive": 0.0, "P_AT_K_negative": 0.0}], "P136": [{"MRR": 0.010005605525319143, "MRR_negative": 0.0, "MRR_positive": 0.0, "P_AT_1": 0.0, "P_AT_10": 0.00644468313641246, "P_AT_K": 0.34156820622986034, "P_AT_K_positive": 0.0, "P_AT_K_negative": 0.0}], "P17": [{"MRR": 0.04943049175703981, "MRR_negative": 0.0, "MRR_positive": 0.0, "P_AT_1": 0.010752688172043012, "P_AT_10": 0.11827956989247312, "P_AT_K": 0.4967741935483871, "P_AT_K_positive": 0.0, "P_AT_K_negative": 0.0}], "P39": [{"MRR": 0.000972048736502531, "MRR_negative": 0.0, "MRR_positive": 0.0, "P_AT_1": 0.0011210762331838565, "P_AT_10": 0.0011210762331838565, "P_AT_K": 0.011210762331838564, "P_AT_K_positive": 0.0, "P_AT_K_negative": 0.0}], "P264": [{"MRR": 0.0003850912001985746, "MRR_negative": 0.0, "MRR_positive": 0.0, "P_AT_1": 0.0, "P_AT_10": 0.0, "P_AT_K": 0.002331002331002331, "P_AT_K_positive": 0.0, "P_AT_K_negative": 0.0}], "P276": [{"MRR": 0.013599291745660668, "MRR_negative": 0.0, "MRR_positive": 0.0, "P_AT_1": 0.005219206680584551, "P_AT_10": 0.033402922755741124, "P_AT_K": 0.1544885177453027, "P_AT_K_positive": 0.0, "P_AT_K_negative": 0.0}], "P937": [{"MRR": 0.037322507071961865, "MRR_negative": 0.0, "MRR_positive": 0.0, "P_AT_1": 0.06289308176100629, "P_AT_10": 0.1289308176100629, "P_AT_K": 0.30712788259958074, "P_AT_K_positive": 0.0, "P_AT_K_negative": 0.0}], "P140": [{"MRR": 0.0006575786854228446, "MRR_negative": 0.0, "MRR_positive": 0.0, "P_AT_1": 0.0, "P_AT_10": 0.004228329809725159, "P_AT_K": 0.010570824524312896, "P_AT_K_positive": 0.0, "P_AT_K_negative": 0.0}], "P1303": [{"MRR": 0.015263470651428773, "MRR_negative": 0.0, "MRR_positive": 0.0, "P_AT_1": 0.002107481559536354, "P_AT_10": 0.037934668071654375, "P_AT_K": 0.18967334035827185, "P_AT_K_positive": 0.0, "P_AT_K_negative": 0.0}], "P127": [{"MRR": 0.008704220711282771, "MRR_negative": 0.0, "MRR_positive": 0.0, "P_AT_1": 0.004366812227074236, "P_AT_10": 0.020378457059679767, "P_AT_K": 0.15283842794759825, "P_AT_K_positive": 0.0, "P_AT_K_negative": 0.0}], "P103": [{"MRR": 6.375060804786825e-05, "MRR_negative": 0.0, "MRR_positive": 0.0, "P_AT_1": 0.0, "P_AT_10": 0.0,