{"Google_RE": {"means": ["Mean P@1,10,k: 0.00262165578649467, 0.021730784115198534, 0.1860117956742348"], "place_of_birth": [{"MRR": 0.009666143099534159, "MRR_negative": 0.0, "MRR_positive": 0.009666143099534159, "P_AT_1": 0.002723867892407218, "P_AT_10": 0.021790943139257744, "P_AT_K": 0.1198501872659176, "P_AT_K_positive": 0.1198501872659176, "P_AT_K_negative": 0.0}], "date_of_birth": [{"MRR": 0.020940123491608724, "MRR_negative": 0.0, "MRR_positive": 0.020940123491608724, "P_AT_1": 0.0038356164383561643, "P_AT_10": 0.02904109589041096, "P_AT_K": 0.3402739726027397, "P_AT_K_positive": 0.3402739726027397, "P_AT_K_negative": 0.0}], "place_of_death": [{"MRR": 0.007087970755495803, "MRR_negative": 0.0, "MRR_positive": 0.007087970755495803, "P_AT_1": 0.0013054830287206266, "P_AT_10": 0.014360313315926894, "P_AT_K": 0.097911227154047, "P_AT_K_positive": 0.097911227154047, "P_AT_K_negative": 0.0}]}, "TREx": {"means": ["Mean P@1,10,k: 0.009958223646147506, 0.03781195770967119, 0.13388153191496388"], "P19": [{"MRR": 0.007621379201629476, "MRR_negative": 0.0, "MRR_positive": 0.0, "P_AT_1": 0.0, "P_AT_10": 0.013771186440677966, "P_AT_K": 0.1048728813559322, "P_AT_K_positive": 0.0, "P_AT_K_negative": 0.0}], "P20": [{"MRR": 0.010325010169917976, "MRR_negative": 0.0, "MRR_positive": 0.0, "P_AT_1": 0.0031479538300104933, "P_AT_10": 0.01993704092339979, "P_AT_K": 0.155299055613851, "P_AT_K_positive": 0.0, "P_AT_K_negative": 0.0}], "P279": [{"MRR": 0.02091097967225384, "MRR_negative": 0.0, "MRR_positive": 0.0, "P_AT_1": 0.001037344398340249, "P_AT_10": 0.05186721991701245, "P_AT_K": 0.18360995850622408, "P_AT_K_positive": 0.0, "P_AT_K_negative": 0.0}], "P37": [{"MRR": 6.84061556580558e-05, "MRR_negative": 0.0, "MRR_positive": 0.0, "P_AT_1": 0.0, "P_AT_10": 0.0, "P_AT_K": 0.0010351966873706005, "P_AT_K_positive": 0.0, "P_AT_K_negative": 0.0}], "P413": [{"MRR": 3.6090403180298495e-05, "MRR_negative": 0.0, "MRR_positive": 0.0, "P_AT_1": 0.0, "P_AT_10": 0.0, "P_AT_K": 0.0, "P_AT_K_positive": 0.0, "P_AT_K_negative": 0.0}], "P449": [{"MRR": 0.06295140920635034, "MRR_negative": 0.0, "MRR_positive": 0.0, "P_AT_1": 0.24659090909090908, "P_AT_10": 0.36818181818181817, "P_AT_K": 0.6056818181818182, "P_AT_K_positive": 0.0, "P_AT_K_negative": 0.0}], "P47": [{"MRR": 0.006786180568850713, "MRR_negative": 0.0, "MRR_positive": 0.0, "P_AT_1": 0.0010869565217391304, "P_AT_10": 0.013043478260869565, "P_AT_K": 0.07934782608695652, "P_AT_K_positive": 0.0, "P_AT_K_negative": 0.0}], "P138": [{"MRR": 0.005333097060882696, "MRR_negative": 0.0, "MRR_positive": 0.0, "P_AT_1": 0.0, "P_AT_10": 0.009345794392523364, "P_AT_K": 0.06697819314641744, "P_AT_K_positive": 0.0, "P_AT_K_negative": 0.0}], "P364": [{"MRR": 0.0001189105509428888, "MRR_negative": 0.0, "MRR_positive": 0.0, "P_AT_1": 0.0, "P_AT_10": 0.0, "P_AT_K": 0.002336448598130841, "P_AT_K_positive": 0.0, "P_AT_K_negative": 0.0}], "P463": [{"MRR": 0.0029923097461628453, "MRR_negative": 0.0, "MRR_positive": 0.0, "P_AT_1": 0.0, "P_AT_10": 0.0, "P_AT_K": 0.05333333333333334, "P_AT_K_positive": 0.0, "P_AT_K_negative": 0.0}], "P101": [{"MRR": 0.006388642165310806, "MRR_negative": 0.0, "MRR_positive": 0.0, "P_AT_1": 0.0, "P_AT_10": 0.017241379310344827, "P_AT_K": 0.10632183908045977, "P_AT_K_positive": 0.0, "P_AT_K_negative": 0.0}], "P106": [{"MRR": 0.00301570021746665, "MRR_negative": 0.0, "MRR_positive": 0.0, "P_AT_1": 0.0, "P_AT_10": 0.003131524008350731, "P_AT_K": 0.04592901878914405, "P_AT_K_positive": 0.0, "P_AT_K_negative": 0.0}], "P527": [{"MRR": 0.0059490050412132536, "MRR_negative": 0.0, "MRR_positive": 0.0, "P_AT_1": 0.0, "P_AT_10": 0.00819672131147541, "P_AT_K": 0.09118852459016394, "P_AT_K_positive": 0.0, "P_AT_K_negative": 0.0}], "P530": [{"MRR": 0.009066113239515452, "MRR_negative": 0.0, "MRR_positive": 0.0, "P_AT_1": 0.001004016064257028, "P_AT_10": 0.01104417670682731, "P_AT_K": 0.15863453815261044, "P_AT_K_positive": 0.0, "P_AT_K_negative": 0.0}], "P176": [{"MRR": 0.0024262448938610695, "MRR_negative": 0.0, "MRR_positive": 0.0, "P_AT_1": 0.0010277492291880781, "P_AT_10": 0.006166495375128468, "P_AT_K": 0.02877697841726619, "P_AT_K_positive": 0.0, "P_AT_K_negative": 0.0}], "P27": [{"MRR": 2.7679439733496103e-05, "MRR_negative": 0.0, "MRR_positive": 0.0, "P_AT_1": 0.0, "P_AT_10": 0.0, "P_AT_K": 0.0, "P_AT_K_positive": 0.0, "P_AT_K_negative": 0.0}], "P407": [{"MRR": 0.0018905943246291003, "MRR_negative": 0.0, "MRR_positive": 0.0, "P_AT_1": 0.0011402508551881414, "P_AT_10": 0.0011402508551881414, "P_AT_K": 0.0068415051311288486, "P_AT_K_positive": 0.0, "P_AT_K_negative": 0.0}], "P30": [{"MRR": 0.04822629969293583, "MRR_negative": 0.0, "MRR_positive": 0.0, "P_AT_1": 0.02666666666666667, "P_AT_10": 0.12410256410256411, "P_AT_K": 0.23692307692307693, "P_AT_K_positive": 0.0, "P_AT_K_negative": 0.0}], "P178": [{"MRR": 0.036507201560940505, "MRR_negative": 0.0, "MRR_positive": 0.0, "P_AT_1": 0.0, "P_AT_10": 0.077834179357022, "P_AT_K": 0.3011844331641286, "P_AT_K_positive": 0.0, "P_AT_K_negative": 0.0}], "P1376": [{"MRR": 0.013573061840928257, "MRR_negative": 0.0, "MRR_positive": 0.0, "P_AT_1": 0.004291845493562232, "P_AT_10": 0.030042918454935622, "P_AT_K": 0.18454935622317598, "P_AT_K_positive": 0.0, "P_AT_K_negative": 0.0}], "P131": [{"MRR": 0.03190160727275065, "MRR_negative": 0.0, "MRR_positive": 0.0, "P_AT_1": 0.022701475595913734, "P_AT_10": 0.08286038592508513, "P_AT_K": 0.2690124858115778, "P_AT_K_positive": 0.0, "P_AT_K_negative": 0.0}], "P1412": [{"MRR": 0.0013764107477091461, "MRR_negative": 0.0, "MRR_positive": 0.0, "P_AT_1": 0.0, "P_AT_10": 0.0, "P_AT_K": 0.008255933952528379, "P_AT_K_positive": 0.0, "P_AT_K_negative": 0.0}], "P108": [{"MRR": 0.00039078272359070667, "MRR_negative": 0.0, "MRR_positive": 0.0, "P_AT_1": 0.0, "P_AT_10": 0.0, "P_AT_K": 0.0, "P_AT_K_positive": 0.0, "P_AT_K_negative": 0.0}], "P136": [{"MRR": 0.00443226169310571, "MRR_negative": 0.0, "MRR_positive": 0.0, "P_AT_1": 0.0, "P_AT_10": 0.0010741138560687433, "P_AT_K": 0.13426423200859292, "P_AT_K_positive": 0.0, "P_AT_K_negative": 0.0}], "P17": [{"MRR": 0.06716119503703218, "MRR_negative": 0.0, "MRR_positive": 0.0, "P_AT_1": 0.017204301075268817, "P_AT_10": 0.15698924731182795, "P_AT_K": 0.489247311827957, "P_AT_K_positive": 0.0, "P_AT_K_negative": 0.0}], "P39": [{"MRR": 0.0014899494117223736, "MRR_negative": 0.0, "MRR_positive": 0.0, "P_AT_1": 0.0011210762331838565, "P_AT_10": 0.0011210762331838565, "P_AT_K": 0.021300448430493273, "P_AT_K_positive": 0.0, "P_AT_K_negative": 0.0}], "P264": [{"MRR": 0.00044614807206503384, "MRR_negative": 0.0, "MRR_positive": 0.0, "P_AT_1": 0.0, "P_AT_10": 0.0, "P_AT_K": 0.002331002331002331, "P_AT_K_positive": 0.0, "P_AT_K_negative": 0.0}], "P276": [{"MRR": 0.012493303994411592, "MRR_negative": 0.0, "MRR_positive": 0.0, "P_AT_1": 0.007306889352818371, "P_AT_10": 0.030271398747390398, "P_AT_K": 0.13778705636743216, "P_AT_K_positive": 0.0, "P_AT_K_negative": 0.0}], "P937": [{"MRR": 0.056361922508729775, "MRR_negative": 0.0, "MRR_positive": 0.0, "P_AT_1": 0.02410901467505241, "P_AT_10": 0.14255765199161424, "P_AT_K": 0.31551362683438156, "P_AT_K_positive": 0.0, "P_AT_K_negative": 0.0}], "P140": [{"MRR": 0.000231854594167472, "MRR_negative": 0.0, "MRR_positive": 0.0, "P_AT_1": 0.0, "P_AT_10": 0.0, "P_AT_K": 0.004228329809725159, "P_AT_K_positive": 0.0, "P_AT_K_negative": 0.0}], "P1303": [{"MRR": 0.0032104587233292192, "MRR_negative": 0.0, "MRR_positive": 0.0, "P_AT_1": 0.0, "P_AT_10": 0.003161222339304531, "P_AT_K": 0.07165437302423604, "P_AT_K_positive": 0.0, "P_AT_K_negative": 0.0}], "P127": [{"MRR": 0.012918384384142185, "MRR_negative": 0.0, "MRR_positive": 0.0, "P_AT_1": 0.0, "P_AT_10": 0.02911208151382824, "P_AT_K": 0.17467248908296942, "P_AT_K_positive": 0.0, "P_AT_K_negative": 0.0}], "P103": [{"MRR": 1.8951732898560964e-05, "MRR_negative": 0.0, "MRR_positive": 0.0, "P_AT_1": 0.0, "P_AT_10": 0.0, "P_AT_K": 0.0, "P_AT_K_positive": 0.0, "P_AT_K_negative": 0.0}], "P190": [{"MRR": 7.249605234607025e-05,