{"Google_RE": {"means": ["Mean P@1,10,k: 0.006554908585377759, 0.04633822044065213, 0.22637985427605542"], "place_of_birth": [{"MRR": 0.03138556334261724, "MRR_negative": 0.0, "MRR_positive": 0.03138556334261724, "P_AT_1": 0.011235955056179775, "P_AT_10": 0.07184201566224038, "P_AT_K": 0.2233571671773919, "P_AT_K_positive": 0.2233571671773919, "P_AT_K_negative": 0.0}], "date_of_birth": [{"MRR": 0.027070547033700928, "MRR_negative": 0.0, "MRR_positive": 0.027070547033700928, "P_AT_1": 0.007123287671232876, "P_AT_10": 0.05150684931506849, "P_AT_K": 0.38136986301369863, "P_AT_K_positive": 0.38136986301369863, "P_AT_K_negative": 0.0}], "place_of_death": [{"MRR": 0.009141433333328489, "MRR_negative": 0.0, "MRR_positive": 0.009141433333328489, "P_AT_1": 0.0013054830287206266, "P_AT_10": 0.015665796344647518, "P_AT_K": 0.07441253263707572, "P_AT_K_positive": 0.07441253263707572, "P_AT_K_negative": 0.0}]}, "TREx": {"means": ["Mean P@1,10,k: 0.015205260420127906, 0.10586261510601343, 0.32233624439312836"], "P19": [{"MRR": 0.030023449264714373, "MRR_negative": 0.0, "MRR_positive": 0.0, "P_AT_1": 0.007415254237288136, "P_AT_10": 0.06779661016949153, "P_AT_K": 0.23622881355932204, "P_AT_K_positive": 0.0, "P_AT_K_negative": 0.0}], "P20": [{"MRR": 0.012515233190666318, "MRR_negative": 0.0, "MRR_positive": 0.0, "P_AT_1": 0.0, "P_AT_10": 0.023084994753410283, "P_AT_K": 0.1385099685204617, "P_AT_K_positive": 0.0, "P_AT_K_negative": 0.0}], "P279": [{"MRR": 0.02904307273472309, "MRR_negative": 0.0, "MRR_positive": 0.0, "P_AT_1": 0.0031120331950207467, "P_AT_10": 0.08298755186721991, "P_AT_K": 0.258298755186722, "P_AT_K_positive": 0.0, "P_AT_K_negative": 0.0}], "P37": [{"MRR": 0.014314119648780427, "MRR_negative": 0.0, "MRR_positive": 0.0, "P_AT_1": 0.0010351966873706005, "P_AT_10": 0.024844720496894408, "P_AT_K": 0.2111801242236025, "P_AT_K_positive": 0.0, "P_AT_K_negative": 0.0}], "P413": [{"MRR": 0.003659157371027573, "MRR_negative": 0.0, "MRR_positive": 0.0, "P_AT_1": 0.0, "P_AT_10": 0.0, "P_AT_K": 0.07563025210084033, "P_AT_K_positive": 0.0, "P_AT_K_negative": 0.0}], "P449": [{"MRR": 0.20618940822962037, "MRR_negative": 0.0, "MRR_positive": 0.0, "P_AT_1": 0.17727272727272728, "P_AT_10": 0.6204545454545455, "P_AT_K": 0.8022727272727272, "P_AT_K_positive": 0.0, "P_AT_K_negative": 0.0}], "P47": [{"MRR": 0.03419458857565776, "MRR_negative": 0.0, "MRR_positive": 0.0, "P_AT_1": 0.014130434782608696, "P_AT_10": 0.08586956521739131, "P_AT_K": 0.3282608695652174, "P_AT_K_positive": 0.0, "P_AT_K_negative": 0.0}], "P138": [{"MRR": 0.007114087006403229, "MRR_negative": 0.0, "MRR_positive": 0.0, "P_AT_1": 0.001557632398753894, "P_AT_10": 0.021806853582554516, "P_AT_K": 0.09345794392523364, "P_AT_K_positive": 0.0, "P_AT_K_negative": 0.0}], "P364": [{"MRR": 0.008689176742448113, "MRR_negative": 0.0, "MRR_positive": 0.0, "P_AT_1": 0.0, "P_AT_10": 0.014018691588785047, "P_AT_K": 0.15070093457943926, "P_AT_K_positive": 0.0, "P_AT_K_negative": 0.0}], "P463": [{"MRR": 0.030389481178212937, "MRR_negative": 0.0, "MRR_positive": 0.0, "P_AT_1": 0.0, "P_AT_10": 0.035555555555555556, "P_AT_K": 0.5733333333333334, "P_AT_K_positive": 0.0, "P_AT_K_negative": 0.0}], "P101": [{"MRR": 0.02104777566102074, "MRR_negative": 0.0, "MRR_positive": 0.0, "P_AT_1": 0.004310344827586207, "P_AT_10": 0.04741379310344827, "P_AT_K": 0.3031609195402299, "P_AT_K_positive": 0.0, "P_AT_K_negative": 0.0}], "P106": [{"MRR": 0.02848164984036695, "MRR_negative": 0.0, "MRR_positive": 0.0, "P_AT_1": 0.007306889352818371, "P_AT_10": 0.05845511482254697, "P_AT_K": 0.37891440501043844, "P_AT_K_positive": 0.0, "P_AT_K_negative": 0.0}], "P527": [{"MRR": 0.016794225296035727, "MRR_negative": 0.0, "MRR_positive": 0.0, "P_AT_1": 0.007172131147540984, "P_AT_10": 0.045081967213114756, "P_AT_K": 0.21413934426229508, "P_AT_K_positive": 0.0, "P_AT_K_negative": 0.0}], "P530": [{"MRR": 0.0803358661069997, "MRR_negative": 0.0, "MRR_positive": 0.0, "P_AT_1": 0.008032128514056224, "P_AT_10": 0.2429718875502008, "P_AT_K": 0.6546184738955824, "P_AT_K_positive": 0.0, "P_AT_K_negative": 0.0}], "P176": [{"MRR": 0.012333596644800871, "MRR_negative": 0.0, "MRR_positive": 0.0, "P_AT_1": 0.0010277492291880781, "P_AT_10": 0.023638232271325797, "P_AT_K": 0.08735868448098665, "P_AT_K_positive": 0.0, "P_AT_K_negative": 0.0}], "P27": [{"MRR": 0.00022446546401481315, "MRR_negative": 0.0, "MRR_positive": 0.0, "P_AT_1": 0.0, "P_AT_10": 0.0, "P_AT_K": 0.002070393374741201, "P_AT_K_positive": 0.0, "P_AT_K_negative": 0.0}], "P407": [{"MRR": 0.06608782993633545, "MRR_negative": 0.0, "MRR_positive": 0.0, "P_AT_1": 0.02508551881413911, "P_AT_10": 0.16875712656784492, "P_AT_K": 0.4572405929304447, "P_AT_K_positive": 0.0, "P_AT_K_negative": 0.0}], "P30": [{"MRR": 0.034676068211043715, "MRR_negative": 0.0, "MRR_positive": 0.0, "P_AT_1": 0.0041025641025641026, "P_AT_10": 0.07179487179487179, "P_AT_K": 0.38974358974358975, "P_AT_K_positive": 0.0, "P_AT_K_negative": 0.0}], "P178": [{"MRR": 0.12581456559516813, "MRR_negative": 0.0, "MRR_positive": 0.0, "P_AT_1": 0.011844331641285956, "P_AT_10": 0.2927241962774958, "P_AT_K": 0.4805414551607445, "P_AT_K_positive": 0.0, "P_AT_K_negative": 0.0}], "P1376": [{"MRR": 0.0372652164486998, "MRR_negative": 0.0, "MRR_positive": 0.0, "P_AT_1": 0.012875536480686695, "P_AT_10": 0.11158798283261803, "P_AT_K": 0.34334763948497854, "P_AT_K_positive": 0.0, "P_AT_K_negative": 0.0}], "P131": [{"MRR": 0.07109685807084307, "MRR_negative": 0.0, "MRR_positive": 0.0, "P_AT_1": 0.00681044267877412, "P_AT_10": 0.14982973893303064, "P_AT_K": 0.46538024971623154, "P_AT_K_positive": 0.0, "P_AT_K_negative": 0.0}], "P1412": [{"MRR": 0.1495108451629516, "MRR_negative": 0.0, "MRR_positive": 0.0, "P_AT_1": 0.029927760577915376, "P_AT_10": 0.3673890608875129, "P_AT_K": 0.5737874097007224, "P_AT_K_positive": 0.0, "P_AT_K_negative": 0.0}], "P108": [{"MRR": 0.00844288844471587, "MRR_negative": 0.0, "MRR_positive": 0.0, "P_AT_1": 0.0, "P_AT_10": 0.010443864229765013, "P_AT_K": 0.08616187989556136, "P_AT_K_positive": 0.0, "P_AT_K_negative": 0.0}], "P136": [{"MRR": 0.024164565787848792, "MRR_negative": 0.0, "MRR_positive": 0.0, "P_AT_1": 0.0010741138560687433, "P_AT_10": 0.047261009667024706, "P_AT_K": 0.5080558539205156, "P_AT_K_positive": 0.0, "P_AT_K_negative": 0.0}], "P17": [{"MRR": 0.10653753131451277, "MRR_negative": 0.0, "MRR_positive": 0.0, "P_AT_1": 0.046236559139784944, "P_AT_10": 0.2752688172043011, "P_AT_K": 0.6440860215053763, "P_AT_K_positive": 0.0, "P_AT_K_negative": 0.0}], "P39": [{"MRR": 0.060730974480879635, "MRR_negative": 0.0, "MRR_positive": 0.0, "P_AT_1": 0.030269058295964126, "P_AT_10": 0.17376681614349776, "P_AT_K": 0.47757847533632286, "P_AT_K_positive": 0.0, "P_AT_K_negative": 0.0}], "P264": [{"MRR": 0.01958060726396285, "MRR_negative": 0.0, "MRR_positive": 0.0, "P_AT_1": 0.0, "P_AT_10": 0.06526806526806526, "P_AT_K": 0.20279720279720279, "P_AT_K_positive": 0.0, "P_AT_K_negative": 0.0}], "P276": [{"MRR": 0.03404574745585077, "MRR_negative": 0.0, "MRR_positive": 0.0, "P_AT_1": 0.011482254697286013, "P_AT_10": 0.08977035490605428, "P_AT_K": 0.3444676409185804, "P_AT_K_positive": 0.0, "P_AT_K_negative": 0.0}], "P937": [{"MRR": 0.08267106530643632, "MRR_negative": 0.0, "MRR_positive": 0.0, "P_AT_1": 0.005241090146750524, "P_AT_10": 0.2138364779874214, "P_AT_K": 0.4727463312368973, "P_AT_K_positive": 0.0, "P_AT_K_negative": 0.0}], "P140": [{"MRR": 0.0077691410052511825, "MRR_negative": 0.0, "MRR_positive": 0.0, "P_AT_1": 0.0021141649048625794, "P_AT_10": 0.006342494714587738, "P_AT_K": 0.22832980972515857, "P_AT_K_positive": 0.0, "P_AT_K_negative": 0.0}], "P1303": [{"MRR": 0.04311977439480769, "MRR_negative": 0.0, "MRR_positive": 0.0, "P_AT_1": 0.015806111696522657, "P_AT_10": 0.10642781875658588, "P_AT_K": 0.3287671232876712, "P_AT_K_positive": 0.0, "P_AT_K_negative": 0.0}], "P127": [{"MRR": 0.03305627024087342, "MRR_negative": 0.0, "MRR_positive": 0.0, "P_AT_1": 0.011644832605531296, "P_AT_10": 0.10771470160116449,