{"Google_RE": {"means": ["Mean P@1,10,k: 0.007326687635727638, 0.06602508312378826, 0.2603008327907749"], "place_of_birth": [{"MRR": 0.04422455140414435, "MRR_negative": 0.0, "MRR_positive": 0.04422455140414435, "P_AT_1": 0.015662240381341504, "P_AT_10": 0.12427647259107934, "P_AT_K": 0.27987742594484166, "P_AT_K_positive": 0.27987742594484166, "P_AT_K_negative": 0.0}], "date_of_birth": [{"MRR": 0.015677593009896594, "MRR_negative": 0.0, "MRR_positive": 0.015677593009896594, "P_AT_1": 0.001095890410958904, "P_AT_10": 0.020273972602739727, "P_AT_K": 0.3495890410958904, "P_AT_K_positive": 0.3495890410958904, "P_AT_K_negative": 0.0}], "place_of_death": [{"MRR": 0.02057402718389779, "MRR_negative": 0.0, "MRR_positive": 0.02057402718389779, "P_AT_1": 0.005221932114882507, "P_AT_10": 0.05352480417754569, "P_AT_K": 0.1514360313315927, "P_AT_K_positive": 0.1514360313315927, "P_AT_K_negative": 0.0}]}, "TREx": {"means": ["Mean P@1,10,k: 0.01638589267928408, 0.09287769005541757, 0.31077890370616124"], "P19": [{"MRR": 0.04769878902721559, "MRR_negative": 0.0, "MRR_positive": 0.0, "P_AT_1": 0.001059322033898305, "P_AT_10": 0.1260593220338983, "P_AT_K": 0.2680084745762712, "P_AT_K_positive": 0.0, "P_AT_K_negative": 0.0}], "P20": [{"MRR": 0.03571909651811042, "MRR_negative": 0.0, "MRR_positive": 0.0, "P_AT_1": 0.0062959076600209865, "P_AT_10": 0.07974816369359916, "P_AT_K": 0.25918153200419725, "P_AT_K_positive": 0.0, "P_AT_K_negative": 0.0}], "P279": [{"MRR": 0.022927941310137867, "MRR_negative": 0.0, "MRR_positive": 0.0, "P_AT_1": 0.0, "P_AT_10": 0.07157676348547717, "P_AT_K": 0.21058091286307054, "P_AT_K_positive": 0.0, "P_AT_K_negative": 0.0}], "P37": [{"MRR": 0.0356765674138118, "MRR_negative": 0.0, "MRR_positive": 0.0, "P_AT_1": 0.007246376811594203, "P_AT_10": 0.09834368530020704, "P_AT_K": 0.2795031055900621, "P_AT_K_positive": 0.0, "P_AT_K_negative": 0.0}], "P413": [{"MRR": 0.0007281496975874114, "MRR_negative": 0.0, "MRR_positive": 0.0, "P_AT_1": 0.0, "P_AT_10": 0.0, "P_AT_K": 0.0031512605042016808, "P_AT_K_positive": 0.0, "P_AT_K_negative": 0.0}], "P449": [{"MRR": 0.1856536803631843, "MRR_negative": 0.0, "MRR_positive": 0.0, "P_AT_1": 0.32386363636363635, "P_AT_10": 0.6068181818181818, "P_AT_K": 0.7909090909090909, "P_AT_K_positive": 0.0, "P_AT_K_negative": 0.0}], "P47": [{"MRR": 0.02438718839670202, "MRR_negative": 0.0, "MRR_positive": 0.0, "P_AT_1": 0.004347826086956522, "P_AT_10": 0.04673913043478261, "P_AT_K": 0.24239130434782608, "P_AT_K_positive": 0.0, "P_AT_K_negative": 0.0}], "P138": [{"MRR": 0.0070862023813544435, "MRR_negative": 0.0, "MRR_positive": 0.0, "P_AT_1": 0.003115264797507788, "P_AT_10": 0.017133956386292833, "P_AT_K": 0.06853582554517133, "P_AT_K_positive": 0.0, "P_AT_K_negative": 0.0}], "P364": [{"MRR": 0.033507185835663984, "MRR_negative": 0.0, "MRR_positive": 0.0, "P_AT_1": 0.005841121495327103, "P_AT_10": 0.08644859813084112, "P_AT_K": 0.3925233644859813, "P_AT_K_positive": 0.0, "P_AT_K_negative": 0.0}], "P463": [{"MRR": 0.012050941044797911, "MRR_negative": 0.0, "MRR_positive": 0.0, "P_AT_1": 0.0, "P_AT_10": 0.0044444444444444444, "P_AT_K": 0.4222222222222222, "P_AT_K_positive": 0.0, "P_AT_K_negative": 0.0}], "P101": [{"MRR": 0.045739302177337224, "MRR_negative": 0.0, "MRR_positive": 0.0, "P_AT_1": 0.0014367816091954023, "P_AT_10": 0.07614942528735633, "P_AT_K": 0.29454022988505746, "P_AT_K_positive": 0.0, "P_AT_K_negative": 0.0}], "P106": [{"MRR": 0.021876610822629535, "MRR_negative": 0.0, "MRR_positive": 0.0, "P_AT_1": 0.0, "P_AT_10": 0.031315240083507306, "P_AT_K": 0.5407098121085595, "P_AT_K_positive": 0.0, "P_AT_K_negative": 0.0}], "P527": [{"MRR": 0.02022593888401646, "MRR_negative": 0.0, "MRR_positive": 0.0, "P_AT_1": 0.004098360655737705, "P_AT_10": 0.036885245901639344, "P_AT_K": 0.23258196721311475, "P_AT_K_positive": 0.0, "P_AT_K_negative": 0.0}], "P530": [{"MRR": 0.060097908611172084, "MRR_negative": 0.0, "MRR_positive": 0.0, "P_AT_1": 0.013052208835341365, "P_AT_10": 0.17670682730923695, "P_AT_K": 0.6194779116465864, "P_AT_K_positive": 0.0, "P_AT_K_negative": 0.0}], "P176": [{"MRR": 0.015072728233058713, "MRR_negative": 0.0, "MRR_positive": 0.0, "P_AT_1": 0.011305241521068859, "P_AT_10": 0.044193216855087356, "P_AT_K": 0.10071942446043165, "P_AT_K_positive": 0.0, "P_AT_K_negative": 0.0}], "P27": [{"MRR": 0.0003165441541211427, "MRR_negative": 0.0, "MRR_positive": 0.0, "P_AT_1": 0.0, "P_AT_10": 0.0, "P_AT_K": 0.005175983436853002, "P_AT_K_positive": 0.0, "P_AT_K_negative": 0.0}], "P407": [{"MRR": 0.03727784525336072, "MRR_negative": 0.0, "MRR_positive": 0.0, "P_AT_1": 0.0068415051311288486, "P_AT_10": 0.09122006841505131, "P_AT_K": 0.43671607753705816, "P_AT_K_positive": 0.0, "P_AT_K_negative": 0.0}], "P30": [{"MRR": 0.029543014660579934, "MRR_negative": 0.0, "MRR_positive": 0.0, "P_AT_1": 0.0, "P_AT_10": 0.08717948717948718, "P_AT_K": 0.25743589743589745, "P_AT_K_positive": 0.0, "P_AT_K_negative": 0.0}], "P178": [{"MRR": 0.1029730599416788, "MRR_negative": 0.0, "MRR_positive": 0.0, "P_AT_1": 0.00676818950930626, "P_AT_10": 0.29780033840947545, "P_AT_K": 0.544839255499154, "P_AT_K_positive": 0.0, "P_AT_K_negative": 0.0}], "P1376": [{"MRR": 0.0321807386093363, "MRR_negative": 0.0, "MRR_positive": 0.0, "P_AT_1": 0.012875536480686695, "P_AT_10": 0.07296137339055794, "P_AT_K": 0.30042918454935624, "P_AT_K_positive": 0.0, "P_AT_K_negative": 0.0}], "P131": [{"MRR": 0.06388248769912601, "MRR_negative": 0.0, "MRR_positive": 0.0, "P_AT_1": 0.01021566401816118, "P_AT_10": 0.15664018161180476, "P_AT_K": 0.5096481271282634, "P_AT_K_positive": 0.0, "P_AT_K_negative": 0.0}], "P1412": [{"MRR": 0.049274387384624946, "MRR_negative": 0.0, "MRR_positive": 0.0, "P_AT_1": 0.0020639834881320948, "P_AT_10": 0.1197110423116615, "P_AT_K": 0.49948400412796695, "P_AT_K_positive": 0.0, "P_AT_K_negative": 0.0}], "P108": [{"MRR": 0.00223217067448551, "MRR_negative": 0.0, "MRR_positive": 0.0, "P_AT_1": 0.0, "P_AT_10": 0.005221932114882507, "P_AT_K": 0.02610966057441253, "P_AT_K_positive": 0.0, "P_AT_K_negative": 0.0}], "P136": [{"MRR": 0.01110951642019252, "MRR_negative": 0.0, "MRR_positive": 0.0, "P_AT_1": 0.0, "P_AT_10": 0.0021482277121374865, "P_AT_K": 0.4027926960257787, "P_AT_K_positive": 0.0, "P_AT_K_negative": 0.0}], "P17": [{"MRR": 0.08492903611638765, "MRR_negative": 0.0, "MRR_positive": 0.0, "P_AT_1": 0.06344086021505377, "P_AT_10": 0.24731182795698925, "P_AT_K": 0.624731182795699, "P_AT_K_positive": 0.0, "P_AT_K_negative": 0.0}], "P39": [{"MRR": 0.011929534869041938, "MRR_negative": 0.0, "MRR_positive": 0.0, "P_AT_1": 0.002242152466367713, "P_AT_10": 0.02242152466367713, "P_AT_K": 0.2600896860986547, "P_AT_K_positive": 0.0, "P_AT_K_negative": 0.0}], "P264": [{"MRR": 0.0022865148561152216, "MRR_negative": 0.0, "MRR_positive": 0.0, "P_AT_1": 0.0, "P_AT_10": 0.0, "P_AT_K": 0.06060606060606061, "P_AT_K_positive": 0.0, "P_AT_K_negative": 0.0}], "P276": [{"MRR": 0.030953118911062005, "MRR_negative": 0.0, "MRR_positive": 0.0, "P_AT_1": 0.005219206680584551, "P_AT_10": 0.06471816283924843, "P_AT_K": 0.30167014613778703, "P_AT_K_positive": 0.0, "P_AT_K_negative": 0.0}], "P937": [{"MRR": 0.05989185766794707, "MRR_negative": 0.0, "MRR_positive": 0.0, "P_AT_1": 0.006289308176100629, "P_AT_10": 0.12159329140461216, "P_AT_K": 0.36058700209643607, "P_AT_K_positive": 0.0, "P_AT_K_negative": 0.0}], "P140": [{"MRR": 0.003300807968748581, "MRR_negative": 0.0, "MRR_positive": 0.0, "P_AT_1": 0.0021141649048625794, "P_AT_10": 0.006342494714587738, "P_AT_K": 0.012684989429175475, "P_AT_K_positive": 0.0, "P_AT_K_negative": 0.0}], "P1303": [{"MRR": 0.015296218879895367, "MRR_negative": 0.0, "MRR_positive": 0.0, "P_AT_1": 0.004214963119072708, "P_AT_10": 0.029504741833508957, "P_AT_K": 0.18440463645943098, "P_AT_K_positive": 0.0, "P_AT_K_negative": 0.0}], "P127": [{"MRR": 0.0359156001615177, "MRR_negative": 0.0, "MRR_positive": 0.0, "P_AT_1": 0.008733624454148471, "P_AT_10": 0.09461426491994178, "P_AT_K": 0.36681222707423583, "P_AT_K_positive": 0.0,