{"Google_RE": {"means": ["Mean P@1,10,k: 0.013710230208883331, 0.10945583795790219, 0.44567726534113916"], "place_of_birth": [{"MRR": 0.05851233863672618, "MRR_negative": 0.0, "MRR_positive": 0.05851233863672618, "P_AT_1": 0.021790943139257744, "P_AT_10": 0.13925774599931903, "P_AT_K": 0.4419475655430712, "P_AT_K_positive": 0.4419475655430712, "P_AT_K_negative": 0.0}], "date_of_birth": [{"MRR": 0.055799802022603116, "MRR_negative": 0.0, "MRR_positive": 0.055799802022603116, "P_AT_1": 0.011506849315068493, "P_AT_10": 0.12383561643835617, "P_AT_K": 0.650958904109589, "P_AT_K_positive": 0.650958904109589, "P_AT_K_negative": 0.0}], "place_of_death": [{"MRR": 0.03219045177660225, "MRR_negative": 0.0, "MRR_positive": 0.03219045177660225, "P_AT_1": 0.007832898172323759, "P_AT_10": 0.06527415143603134, "P_AT_K": 0.24412532637075718, "P_AT_K_positive": 0.24412532637075718, "P_AT_K_negative": 0.0}]}, "TREx": {"means": ["Mean P@1,10,k: 0.030879510387987773, 0.14946834635778625, 0.4139568532585885"], "P19": [{"MRR": 0.05915438712612315, "MRR_negative": 0.0, "MRR_positive": 0.0, "P_AT_1": 0.0413135593220339, "P_AT_10": 0.16101694915254236, "P_AT_K": 0.4650423728813559, "P_AT_K_positive": 0.0, "P_AT_K_negative": 0.0}], "P20": [{"MRR": 0.05292896839273063, "MRR_negative": 0.0, "MRR_positive": 0.0, "P_AT_1": 0.01049317943336831, "P_AT_10": 0.14690451206715635, "P_AT_K": 0.3955928646379853, "P_AT_K_positive": 0.0, "P_AT_K_negative": 0.0}], "P279": [{"MRR": 0.029884283967915246, "MRR_negative": 0.0, "MRR_positive": 0.0, "P_AT_1": 0.001037344398340249, "P_AT_10": 0.11203319502074689, "P_AT_K": 0.27074688796680496, "P_AT_K_positive": 0.0, "P_AT_K_negative": 0.0}], "P37": [{"MRR": 0.04171352993739574, "MRR_negative": 0.0, "MRR_positive": 0.0, "P_AT_1": 0.008281573498964804, "P_AT_10": 0.11801242236024845, "P_AT_K": 0.2815734989648033, "P_AT_K_positive": 0.0, "P_AT_K_negative": 0.0}], "P413": [{"MRR": 0.007630024865028374, "MRR_negative": 0.0, "MRR_positive": 0.0, "P_AT_1": 0.0, "P_AT_10": 0.0, "P_AT_K": 0.24054621848739496, "P_AT_K_positive": 0.0, "P_AT_K_negative": 0.0}], "P449": [{"MRR": 0.11308006860420637, "MRR_negative": 0.0, "MRR_positive": 0.0, "P_AT_1": 0.32272727272727275, "P_AT_10": 0.7034090909090909, "P_AT_K": 0.865909090909091, "P_AT_K_positive": 0.0, "P_AT_K_negative": 0.0}], "P47": [{"MRR": 0.033694803372814296, "MRR_negative": 0.0, "MRR_positive": 0.0, "P_AT_1": 0.010869565217391304, "P_AT_10": 0.09347826086956522, "P_AT_K": 0.33369565217391306, "P_AT_K_positive": 0.0, "P_AT_K_negative": 0.0}], "P138": [{"MRR": 0.003906251765624786, "MRR_negative": 0.0, "MRR_positive": 0.0, "P_AT_1": 0.0, "P_AT_10": 0.004672897196261682, "P_AT_K": 0.04672897196261682, "P_AT_K_positive": 0.0, "P_AT_K_negative": 0.0}], "P364": [{"MRR": 0.051460397759916975, "MRR_negative": 0.0, "MRR_positive": 0.0, "P_AT_1": 0.008177570093457943, "P_AT_10": 0.13901869158878505, "P_AT_K": 0.3621495327102804, "P_AT_K_positive": 0.0, "P_AT_K_negative": 0.0}], "P463": [{"MRR": 0.2553583079883962, "MRR_negative": 0.0, "MRR_positive": 0.0, "P_AT_1": 0.2577777777777778, "P_AT_10": 0.5733333333333334, "P_AT_K": 0.72, "P_AT_K_positive": 0.0, "P_AT_K_negative": 0.0}], "P101": [{"MRR": 0.04612991131386163, "MRR_negative": 0.0, "MRR_positive": 0.0, "P_AT_1": 0.04310344827586207, "P_AT_10": 0.15948275862068967, "P_AT_K": 0.5459770114942529, "P_AT_K_positive": 0.0, "P_AT_K_negative": 0.0}], "P106": [{"MRR": 0.03505777584241003, "MRR_negative": 0.0, "MRR_positive": 0.0, "P_AT_1": 0.014613778705636743, "P_AT_10": 0.06576200417536535, "P_AT_K": 0.44154488517745305, "P_AT_K_positive": 0.0, "P_AT_K_negative": 0.0}], "P527": [{"MRR": 0.01658554030555741, "MRR_negative": 0.0, "MRR_positive": 0.0, "P_AT_1": 0.0020491803278688526, "P_AT_10": 0.039959016393442626, "P_AT_K": 0.27049180327868855, "P_AT_K_positive": 0.0, "P_AT_K_negative": 0.0}], "P530": [{"MRR": 0.05478694077243904, "MRR_negative": 0.0, "MRR_positive": 0.0, "P_AT_1": 0.008032128514056224, "P_AT_10": 0.17670682730923695, "P_AT_K": 0.7028112449799196, "P_AT_K_positive": 0.0, "P_AT_K_negative": 0.0}], "P176": [{"MRR": 0.028249329128510133, "MRR_negative": 0.0, "MRR_positive": 0.0, "P_AT_1": 0.012332990750256937, "P_AT_10": 0.07810894141829394, "P_AT_K": 0.29907502569373073, "P_AT_K_positive": 0.0, "P_AT_K_negative": 0.0}], "P27": [{"MRR": 0.0005290070356935654, "MRR_negative": 0.0, "MRR_positive": 0.0, "P_AT_1": 0.0, "P_AT_10": 0.0, "P_AT_K": 0.008281573498964804, "P_AT_K_positive": 0.0, "P_AT_K_negative": 0.0}], "P407": [{"MRR": 0.1688373611449505, "MRR_negative": 0.0, "MRR_positive": 0.0, "P_AT_1": 0.08893956670467502, "P_AT_10": 0.41733181299885974, "P_AT_K": 0.6556442417331813, "P_AT_K_positive": 0.0, "P_AT_K_negative": 0.0}], "P30": [{"MRR": 0.023356446146677232, "MRR_negative": 0.0, "MRR_positive": 0.0, "P_AT_1": 0.0, "P_AT_10": 0.06256410256410257, "P_AT_K": 0.25743589743589745, "P_AT_K_positive": 0.0, "P_AT_K_negative": 0.0}], "P178": [{"MRR": 0.11135685179544429, "MRR_negative": 0.0, "MRR_positive": 0.0, "P_AT_1": 0.04230118443316413, "P_AT_10": 0.30456852791878175, "P_AT_K": 0.5888324873096447, "P_AT_K_positive": 0.0, "P_AT_K_negative": 0.0}], "P1376": [{"MRR": 0.03957848191989181, "MRR_negative": 0.0, "MRR_positive": 0.0, "P_AT_1": 0.012875536480686695, "P_AT_10": 0.08583690987124463, "P_AT_K": 0.31759656652360513, "P_AT_K_positive": 0.0, "P_AT_K_negative": 0.0}], "P131": [{"MRR": 0.054063610738561495, "MRR_negative": 0.0, "MRR_positive": 0.0, "P_AT_1": 0.00681044267877412, "P_AT_10": 0.13166855845629966, "P_AT_K": 0.5323496027241771, "P_AT_K_positive": 0.0, "P_AT_K_negative": 0.0}], "P1412": [{"MRR": 0.03707713241069402, "MRR_negative": 0.0, "MRR_positive": 0.0, "P_AT_1": 0.0, "P_AT_10": 0.09700722394220847, "P_AT_K": 0.49019607843137253, "P_AT_K_positive": 0.0, "P_AT_K_negative": 0.0}], "P108": [{"MRR": 0.018062608731305295, "MRR_negative": 0.0, "MRR_positive": 0.0, "P_AT_1": 0.0, "P_AT_10": 0.033942558746736295, "P_AT_K": 0.19321148825065274, "P_AT_K_positive": 0.0, "P_AT_K_negative": 0.0}], "P136": [{"MRR": 0.08302009068353304, "MRR_negative": 0.0, "MRR_positive": 0.0, "P_AT_1": 0.007518796992481203, "P_AT_10": 0.2663802363050483, "P_AT_K": 0.611170784103115, "P_AT_K_positive": 0.0, "P_AT_K_negative": 0.0}], "P17": [{"MRR": 0.03468687131545068, "MRR_negative": 0.0, "MRR_positive": 0.0, "P_AT_1": 0.007526881720430108, "P_AT_10": 0.07634408602150537, "P_AT_K": 0.4860215053763441, "P_AT_K_positive": 0.0, "P_AT_K_negative": 0.0}], "P39": [{"MRR": 0.18650060117617087, "MRR_negative": 0.0, "MRR_positive": 0.0, "P_AT_1": 0.09977578475336323, "P_AT_10": 0.40919282511210764, "P_AT_K": 0.875560538116592, "P_AT_K_positive": 0.0, "P_AT_K_negative": 0.0}], "P264": [{"MRR": 0.034373610650233345, "MRR_negative": 0.0, "MRR_positive": 0.0, "P_AT_1": 0.04428904428904429, "P_AT_10": 0.1048951048951049, "P_AT_K": 0.17715617715617715, "P_AT_K_positive": 0.0, "P_AT_K_negative": 0.0}], "P276": [{"MRR": 0.026082537521658043, "MRR_negative": 0.0, "MRR_positive": 0.0, "P_AT_1": 0.005219206680584551, "P_AT_10": 0.07306889352818371, "P_AT_K": 0.3653444676409186, "P_AT_K_positive": 0.0, "P_AT_K_negative": 0.0}], "P937": [{"MRR": 0.06009666463549449, "MRR_negative": 0.0, "MRR_positive": 0.0, "P_AT_1": 0.014675052410901468, "P_AT_10": 0.1540880503144654, "P_AT_K": 0.46016771488469604, "P_AT_K_positive": 0.0, "P_AT_K_negative": 0.0}], "P140": [{"MRR": 0.014770642271782356, "MRR_negative": 0.0, "MRR_positive": 0.0, "P_AT_1": 0.0021141649048625794, "P_AT_10": 0.006342494714587738, "P_AT_K": 0.48414376321353064, "P_AT_K_positive": 0.0, "P_AT_K_negative": 0.0}], "P1303": [{"MRR": 0.10835483552717114, "MRR_negative": 0.0, "MRR_positive": 0.0, "P_AT_1": 0.01053740779768177, "P_AT_10": 0.2697576396206533, "P_AT_K": 0.5637513171759747, "P_AT_K_positive": 0.0, "P_AT_K_negative": 0.0}], "P127": [{"MRR": 0.03782678997608574, "MRR_negative": 0.0, "MRR_positive": 0.0, "P_AT_1": 0.004366812227074236, "P_AT_10": 0.10189228529839883, "P_AT_K": 0.34643377001455605,