{"Google_RE": {"means": ["Mean P@1,10,k: 0.009357792174476798, 0.08879060141361962, 0.43289802269726724"], "place_of_birth": [{"MRR": 0.04458905490323361, "MRR_negative": 0.0, "MRR_positive": 0.04458905490323361, "P_AT_1": 0.013278855975485188, "P_AT_10": 0.12155260469867211, "P_AT_K": 0.41334695267279536, "P_AT_K_positive": 0.41334695267279536, "P_AT_K_negative": 0.0}], "date_of_birth": [{"MRR": 0.05706322210429733, "MRR_negative": 0.0, "MRR_positive": 0.05706322210429733, "P_AT_1": 0.014794520547945205, "P_AT_10": 0.136986301369863, "P_AT_K": 0.6882191780821918, "P_AT_K_positive": 0.6882191780821918, "P_AT_K_negative": 0.0}], "place_of_death": [{"MRR": 0.008044014040456805, "MRR_negative": 0.0, "MRR_positive": 0.008044014040456805, "P_AT_1": 0.0, "P_AT_10": 0.007832898172323759, "P_AT_K": 0.19712793733681463, "P_AT_K_positive": 0.19712793733681463, "P_AT_K_negative": 0.0}]}, "TREx": {"means": ["Mean P@1,10,k: 0.03672682894589149, 0.1442272383125528, 0.43020237542613415"], "P19": [{"MRR": 0.054123918941574554, "MRR_negative": 0.0, "MRR_positive": 0.0, "P_AT_1": 0.013771186440677966, "P_AT_10": 0.1440677966101695, "P_AT_K": 0.4597457627118644, "P_AT_K_positive": 0.0, "P_AT_K_negative": 0.0}], "P20": [{"MRR": 0.017112970335068443, "MRR_negative": 0.0, "MRR_positive": 0.0, "P_AT_1": 0.0, "P_AT_10": 0.03252885624344176, "P_AT_K": 0.33263378803777544, "P_AT_K_positive": 0.0, "P_AT_K_negative": 0.0}], "P279": [{"MRR": 0.023183348283056668, "MRR_negative": 0.0, "MRR_positive": 0.0, "P_AT_1": 0.007261410788381743, "P_AT_10": 0.06016597510373444, "P_AT_K": 0.3049792531120332, "P_AT_K_positive": 0.0, "P_AT_K_negative": 0.0}], "P37": [{"MRR": 0.021292318196335324, "MRR_negative": 0.0, "MRR_positive": 0.0, "P_AT_1": 0.002070393374741201, "P_AT_10": 0.045548654244306416, "P_AT_K": 0.34057971014492755, "P_AT_K_positive": 0.0, "P_AT_K_negative": 0.0}], "P413": [{"MRR": 0.008659643957468696, "MRR_negative": 0.0, "MRR_positive": 0.0, "P_AT_1": 0.0, "P_AT_10": 0.0021008403361344537, "P_AT_K": 0.29936974789915966, "P_AT_K_positive": 0.0, "P_AT_K_negative": 0.0}], "P449": [{"MRR": 0.13214896668864098, "MRR_negative": 0.0, "MRR_positive": 0.0, "P_AT_1": 0.3215909090909091, "P_AT_10": 0.6943181818181818, "P_AT_K": 0.8590909090909091, "P_AT_K_positive": 0.0, "P_AT_K_negative": 0.0}], "P47": [{"MRR": 0.03477437853861101, "MRR_negative": 0.0, "MRR_positive": 0.0, "P_AT_1": 0.011956521739130435, "P_AT_10": 0.10434782608695652, "P_AT_K": 0.40108695652173915, "P_AT_K_positive": 0.0, "P_AT_K_negative": 0.0}], "P138": [{"MRR": 0.003790010493486727, "MRR_negative": 0.0, "MRR_positive": 0.0, "P_AT_1": 0.001557632398753894, "P_AT_10": 0.006230529595015576, "P_AT_K": 0.04205607476635514, "P_AT_K_positive": 0.0, "P_AT_K_negative": 0.0}], "P364": [{"MRR": 0.029918016489691238, "MRR_negative": 0.0, "MRR_positive": 0.0, "P_AT_1": 0.0011682242990654205, "P_AT_10": 0.06775700934579439, "P_AT_K": 0.37850467289719625, "P_AT_K_positive": 0.0, "P_AT_K_negative": 0.0}], "P463": [{"MRR": 0.08289303950432944, "MRR_negative": 0.0, "MRR_positive": 0.0, "P_AT_1": 0.5066666666666667, "P_AT_10": 0.6844444444444444, "P_AT_K": 0.7466666666666667, "P_AT_K_positive": 0.0, "P_AT_K_negative": 0.0}], "P101": [{"MRR": 0.04522314369155998, "MRR_negative": 0.0, "MRR_positive": 0.0, "P_AT_1": 0.011494252873563218, "P_AT_10": 0.1235632183908046, "P_AT_K": 0.5502873563218391, "P_AT_K_positive": 0.0, "P_AT_K_negative": 0.0}], "P106": [{"MRR": 0.03550199261427152, "MRR_negative": 0.0, "MRR_positive": 0.0, "P_AT_1": 0.003131524008350731, "P_AT_10": 0.08663883089770355, "P_AT_K": 0.3768267223382046, "P_AT_K_positive": 0.0, "P_AT_K_negative": 0.0}], "P527": [{"MRR": 0.029058516994503382, "MRR_negative": 0.0, "MRR_positive": 0.0, "P_AT_1": 0.00819672131147541, "P_AT_10": 0.0706967213114754, "P_AT_K": 0.35655737704918034, "P_AT_K_positive": 0.0, "P_AT_K_negative": 0.0}], "P530": [{"MRR": 0.054851642337450615, "MRR_negative": 0.0, "MRR_positive": 0.0, "P_AT_1": 0.008032128514056224, "P_AT_10": 0.1495983935742972, "P_AT_K": 0.7530120481927711, "P_AT_K_positive": 0.0, "P_AT_K_negative": 0.0}], "P176": [{"MRR": 0.09890863474139164, "MRR_negative": 0.0, "MRR_positive": 0.0, "P_AT_1": 0.013360739979445015, "P_AT_10": 0.2569373072970195, "P_AT_K": 0.5354573484069887, "P_AT_K_positive": 0.0, "P_AT_K_negative": 0.0}], "P27": [{"MRR": 0.00022444174950056358, "MRR_negative": 0.0, "MRR_positive": 0.0, "P_AT_1": 0.0, "P_AT_10": 0.0, "P_AT_K": 0.002070393374741201, "P_AT_K_positive": 0.0, "P_AT_K_negative": 0.0}], "P407": [{"MRR": 0.0723173220552019, "MRR_negative": 0.0, "MRR_positive": 0.0, "P_AT_1": 0.00798175598631699, "P_AT_10": 0.17559863169897377, "P_AT_K": 0.5553021664766249, "P_AT_K_positive": 0.0, "P_AT_K_negative": 0.0}], "P30": [{"MRR": 0.03659594118368141, "MRR_negative": 0.0, "MRR_positive": 0.0, "P_AT_1": 0.009230769230769232, "P_AT_10": 0.08717948717948718, "P_AT_K": 0.4451282051282051, "P_AT_K_positive": 0.0, "P_AT_K_negative": 0.0}], "P178": [{"MRR": 0.1517189490120407, "MRR_negative": 0.0, "MRR_positive": 0.0, "P_AT_1": 0.05922165820642978, "P_AT_10": 0.4365482233502538, "P_AT_K": 0.6869712351945855, "P_AT_K_positive": 0.0, "P_AT_K_negative": 0.0}], "P1376": [{"MRR": 0.047571273924449986, "MRR_negative": 0.0, "MRR_positive": 0.0, "P_AT_1": 0.030042918454935622, "P_AT_10": 0.12017167381974249, "P_AT_K": 0.41201716738197425, "P_AT_K_positive": 0.0, "P_AT_K_negative": 0.0}], "P131": [{"MRR": 0.0678655511218984, "MRR_negative": 0.0, "MRR_positive": 0.0, "P_AT_1": 0.02043132803632236, "P_AT_10": 0.16912599318955732, "P_AT_K": 0.5720771850170261, "P_AT_K_positive": 0.0, "P_AT_K_negative": 0.0}], "P1412": [{"MRR": 0.0314135311023713, "MRR_negative": 0.0, "MRR_positive": 0.0, "P_AT_1": 0.0010319917440660474, "P_AT_10": 0.07223942208462332, "P_AT_K": 0.4375644994840041, "P_AT_K_positive": 0.0, "P_AT_K_negative": 0.0}], "P108": [{"MRR": 0.012721438820208946, "MRR_negative": 0.0, "MRR_positive": 0.0, "P_AT_1": 0.0026109660574412533, "P_AT_10": 0.03655352480417755, "P_AT_K": 0.2454308093994778, "P_AT_K_positive": 0.0, "P_AT_K_negative": 0.0}], "P136": [{"MRR": 0.014084705220100746, "MRR_negative": 0.0, "MRR_positive": 0.0, "P_AT_1": 0.0, "P_AT_10": 0.008592910848549946, "P_AT_K": 0.42105263157894735, "P_AT_K_positive": 0.0, "P_AT_K_negative": 0.0}], "P17": [{"MRR": 0.07109632900810602, "MRR_negative": 0.0, "MRR_positive": 0.0, "P_AT_1": 0.017204301075268817, "P_AT_10": 0.16881720430107527, "P_AT_K": 0.6634408602150538, "P_AT_K_positive": 0.0, "P_AT_K_negative": 0.0}], "P39": [{"MRR": 0.08828808084158589, "MRR_negative": 0.0, "MRR_positive": 0.0, "P_AT_1": 0.03811659192825112, "P_AT_10": 0.25672645739910316, "P_AT_K": 0.6760089686098655, "P_AT_K_positive": 0.0, "P_AT_K_negative": 0.0}], "P264": [{"MRR": 0.03713831111143059, "MRR_negative": 0.0, "MRR_positive": 0.0, "P_AT_1": 0.16083916083916083, "P_AT_10": 0.21212121212121213, "P_AT_K": 0.22144522144522144, "P_AT_K_positive": 0.0, "P_AT_K_negative": 0.0}], "P276": [{"MRR": 0.038040599155776664, "MRR_negative": 0.0, "MRR_positive": 0.0, "P_AT_1": 0.006263048016701462, "P_AT_10": 0.08977035490605428, "P_AT_K": 0.4352818371607516, "P_AT_K_positive": 0.0, "P_AT_K_negative": 0.0}], "P937": [{"MRR": 0.05000728793143511, "MRR_negative": 0.0, "MRR_positive": 0.0, "P_AT_1": 0.014675052410901468, "P_AT_10": 0.1320754716981132, "P_AT_K": 0.44758909853249473, "P_AT_K_positive": 0.0, "P_AT_K_negative": 0.0}], "P140": [{"MRR": 0.05321579908606078, "MRR_negative": 0.0, "MRR_positive": 0.0, "P_AT_1": 0.0, "P_AT_10": 0.15856236786469344, "P_AT_K": 0.5940803382663847, "P_AT_K_positive": 0.0, "P_AT_K_negative": 0.0}], "P1303": [{"MRR": 0.06651583720021052, "MRR_negative": 0.0, "MRR_positive": 0.0, "P_AT_1": 0.011591148577449948, "P_AT_10": 0.1833508956796628, "P_AT_K": 0.4488935721812434, "P_AT_K_positive": 0.0, "P_AT_K_negative": 0.0}], "P127": [{"MRR": 0.0297209119101825, "MRR_negative": 0.0, "MRR_positive": 0.0, "P_AT_1": 0.005822416302765648, "P_AT_10": 0.08442503639010189,