{"Google_RE": {"means": ["Mean P@1,10,k: 0.007033699884547694, 0.04217067934596531, 0.2379495037703948"], "place_of_birth": [{"MRR": 0.02907904225326535, "MRR_negative": 0.0, "MRR_positive": 0.02907904225326535, "P_AT_1": 0.011576438542730678, "P_AT_10": 0.07252298263534218, "P_AT_K": 0.24957439564181136, "P_AT_K_positive": 0.24957439564181136, "P_AT_K_negative": 0.0}], "date_of_birth": [{"MRR": 0.023732864466851106, "MRR_negative": 0.0, "MRR_positive": 0.023732864466851106, "P_AT_1": 0.00821917808219178, "P_AT_10": 0.04876712328767123, "P_AT_K": 0.41205479452054794, "P_AT_K_positive": 0.41205479452054794, "P_AT_K_negative": 0.0}], "place_of_death": [{"MRR": 0.004258288378318419, "MRR_negative": 0.0, "MRR_positive": 0.004258288378318419, "P_AT_1": 0.0013054830287206266, "P_AT_10": 0.005221932114882507, "P_AT_K": 0.05221932114882506, "P_AT_K_positive": 0.05221932114882506, "P_AT_K_negative": 0.0}]}, "TREx": {"means": ["Mean P@1,10,k: 0.040252607314958846, 0.162010809719389, 0.394683589573668"], "P19": [{"MRR": 0.02805176503783602, "MRR_negative": 0.0, "MRR_positive": 0.0, "P_AT_1": 0.0031779661016949155, "P_AT_10": 0.0635593220338983, "P_AT_K": 0.2521186440677966, "P_AT_K_positive": 0.0, "P_AT_K_negative": 0.0}], "P20": [{"MRR": 0.009586965053730667, "MRR_negative": 0.0, "MRR_positive": 0.0, "P_AT_1": 0.004197271773347324, "P_AT_10": 0.023084994753410283, "P_AT_K": 0.1248688352570829, "P_AT_K_positive": 0.0, "P_AT_K_negative": 0.0}], "P279": [{"MRR": 0.04609722096636501, "MRR_negative": 0.0, "MRR_positive": 0.0, "P_AT_1": 0.024896265560165973, "P_AT_10": 0.12344398340248963, "P_AT_K": 0.2966804979253112, "P_AT_K_positive": 0.0, "P_AT_K_negative": 0.0}], "P37": [{"MRR": 0.0799783501357001, "MRR_negative": 0.0, "MRR_positive": 0.0, "P_AT_1": 0.06935817805383022, "P_AT_10": 0.2308488612836439, "P_AT_K": 0.6024844720496895, "P_AT_K_positive": 0.0, "P_AT_K_negative": 0.0}], "P413": [{"MRR": 0.0028228012847283388, "MRR_negative": 0.0, "MRR_positive": 0.0, "P_AT_1": 0.0, "P_AT_10": 0.0, "P_AT_K": 0.05357142857142857, "P_AT_K_positive": 0.0, "P_AT_K_negative": 0.0}], "P449": [{"MRR": 0.054194857751047064, "MRR_negative": 0.0, "MRR_positive": 0.0, "P_AT_1": 0.2806818181818182, "P_AT_10": 0.3784090909090909, "P_AT_K": 0.6806818181818182, "P_AT_K_positive": 0.0, "P_AT_K_negative": 0.0}], "P47": [{"MRR": 0.054156536655707646, "MRR_negative": 0.0, "MRR_positive": 0.0, "P_AT_1": 0.015217391304347827, "P_AT_10": 0.1391304347826087, "P_AT_K": 0.42282608695652174, "P_AT_K_positive": 0.0, "P_AT_K_negative": 0.0}], "P138": [{"MRR": 0.025394920750044396, "MRR_negative": 0.0, "MRR_positive": 0.0, "P_AT_1": 0.009345794392523364, "P_AT_10": 0.0529595015576324, "P_AT_K": 0.1822429906542056, "P_AT_K_positive": 0.0, "P_AT_K_negative": 0.0}], "P364": [{"MRR": 0.09721366290603439, "MRR_negative": 0.0, "MRR_positive": 0.0, "P_AT_1": 0.07476635514018691, "P_AT_10": 0.30257009345794394, "P_AT_K": 0.6939252336448598, "P_AT_K_positive": 0.0, "P_AT_K_negative": 0.0}], "P463": [{"MRR": 0.16798640743185997, "MRR_negative": 0.0, "MRR_positive": 0.0, "P_AT_1": 0.05333333333333334, "P_AT_10": 0.4622222222222222, "P_AT_K": 0.5733333333333334, "P_AT_K_positive": 0.0, "P_AT_K_negative": 0.0}], "P101": [{"MRR": 0.043435157803265734, "MRR_negative": 0.0, "MRR_positive": 0.0, "P_AT_1": 0.008620689655172414, "P_AT_10": 0.11781609195402298, "P_AT_K": 0.4224137931034483, "P_AT_K_positive": 0.0, "P_AT_K_negative": 0.0}], "P106": [{"MRR": 0.10900405890160839, "MRR_negative": 0.0, "MRR_positive": 0.0, "P_AT_1": 0.0709812108559499, "P_AT_10": 0.2870563674321503, "P_AT_K": 0.5438413361169102, "P_AT_K_positive": 0.0, "P_AT_K_negative": 0.0}], "P527": [{"MRR": 0.030421726668110306, "MRR_negative": 0.0, "MRR_positive": 0.0, "P_AT_1": 0.03278688524590164, "P_AT_10": 0.1014344262295082, "P_AT_K": 0.2766393442622951, "P_AT_K_positive": 0.0, "P_AT_K_negative": 0.0}], "P530": [{"MRR": 0.04832394217962397, "MRR_negative": 0.0, "MRR_positive": 0.0, "P_AT_1": 0.009036144578313253, "P_AT_10": 0.11044176706827309, "P_AT_K": 0.7048192771084337, "P_AT_K_positive": 0.0, "P_AT_K_negative": 0.0}], "P176": [{"MRR": 0.05586020423554381, "MRR_negative": 0.0, "MRR_positive": 0.0, "P_AT_1": 0.048304213771839674, "P_AT_10": 0.15210688591983557, "P_AT_K": 0.40698869475847893, "P_AT_K_positive": 0.0, "P_AT_K_negative": 0.0}], "P27": [{"MRR": 0.0008605621357729182, "MRR_negative": 0.0, "MRR_positive": 0.0, "P_AT_1": 0.0, "P_AT_10": 0.0, "P_AT_K": 0.006211180124223602, "P_AT_K_positive": 0.0, "P_AT_K_negative": 0.0}], "P407": [{"MRR": 0.07916399883284371, "MRR_negative": 0.0, "MRR_positive": 0.0, "P_AT_1": 0.036488027366020526, "P_AT_10": 0.23033067274800456, "P_AT_K": 0.6659064994298746, "P_AT_K_positive": 0.0, "P_AT_K_negative": 0.0}], "P30": [{"MRR": 0.014666941313466231, "MRR_negative": 0.0, "MRR_positive": 0.0, "P_AT_1": 0.0020512820512820513, "P_AT_10": 0.019487179487179488, "P_AT_K": 0.26256410256410256, "P_AT_K_positive": 0.0, "P_AT_K_negative": 0.0}], "P178": [{"MRR": 0.10582147029028462, "MRR_negative": 0.0, "MRR_positive": 0.0, "P_AT_1": 0.2521150592216582, "P_AT_10": 0.4213197969543147, "P_AT_K": 0.5820642978003384, "P_AT_K_positive": 0.0, "P_AT_K_negative": 0.0}], "P1376": [{"MRR": 0.0948430087270062, "MRR_negative": 0.0, "MRR_positive": 0.0, "P_AT_1": 0.02145922746781116, "P_AT_10": 0.22317596566523606, "P_AT_K": 0.5536480686695279, "P_AT_K_positive": 0.0, "P_AT_K_negative": 0.0}], "P131": [{"MRR": 0.06816060220282044, "MRR_negative": 0.0, "MRR_positive": 0.0, "P_AT_1": 0.036322360953461974, "P_AT_10": 0.188422247446084, "P_AT_K": 0.4801362088535755, "P_AT_K_positive": 0.0, "P_AT_K_negative": 0.0}], "P1412": [{"MRR": 0.11175720093948013, "MRR_negative": 0.0, "MRR_positive": 0.0, "P_AT_1": 0.08359133126934984, "P_AT_10": 0.34674922600619196, "P_AT_K": 0.6346749226006192, "P_AT_K_positive": 0.0, "P_AT_K_negative": 0.0}], "P108": [{"MRR": 0.01300944771375916, "MRR_negative": 0.0, "MRR_positive": 0.0, "P_AT_1": 0.0026109660574412533, "P_AT_10": 0.02349869451697128, "P_AT_K": 0.1409921671018277, "P_AT_K_positive": 0.0, "P_AT_K_negative": 0.0}], "P136": [{"MRR": 0.00949012711948469, "MRR_negative": 0.0, "MRR_positive": 0.0, "P_AT_1": 0.0, "P_AT_10": 0.007518796992481203, "P_AT_K": 0.3157894736842105, "P_AT_K_positive": 0.0, "P_AT_K_negative": 0.0}], "P17": [{"MRR": 0.1442113149921086, "MRR_negative": 0.0, "MRR_positive": 0.0, "P_AT_1": 0.05698924731182796, "P_AT_10": 0.34838709677419355, "P_AT_K": 0.7096774193548387, "P_AT_K_positive": 0.0, "P_AT_K_negative": 0.0}], "P39": [{"MRR": 0.09453194898062355, "MRR_negative": 0.0, "MRR_positive": 0.0, "P_AT_1": 0.034753363228699555, "P_AT_10": 0.2522421524663677, "P_AT_K": 0.6154708520179372, "P_AT_K_positive": 0.0, "P_AT_K_negative": 0.0}], "P264": [{"MRR": 0.005633172639393441, "MRR_negative": 0.0, "MRR_positive": 0.0, "P_AT_1": 0.0, "P_AT_10": 0.006993006993006993, "P_AT_K": 0.12121212121212122, "P_AT_K_positive": 0.0, "P_AT_K_negative": 0.0}], "P276": [{"MRR": 0.06558955401793726, "MRR_negative": 0.0, "MRR_positive": 0.0, "P_AT_1": 0.029227557411273485, "P_AT_10": 0.18058455114822547, "P_AT_K": 0.46242171189979125, "P_AT_K_positive": 0.0, "P_AT_K_negative": 0.0}], "P937": [{"MRR": 0.05552772672760407, "MRR_negative": 0.0, "MRR_positive": 0.0, "P_AT_1": 0.033542976939203356, "P_AT_10": 0.16352201257861634, "P_AT_K": 0.42872117400419285, "P_AT_K_positive": 0.0, "P_AT_K_negative": 0.0}], "P140": [{"MRR": 0.00391856991430027, "MRR_negative": 0.0, "MRR_positive": 0.0, "P_AT_1": 0.0, "P_AT_10": 0.008456659619450317, "P_AT_K": 0.046511627906976744, "P_AT_K_positive": 0.0, "P_AT_K_negative": 0.0}], "P1303": [{"MRR": 0.06117812992076191, "MRR_negative": 0.0, "MRR_positive": 0.0, "P_AT_1": 0.0737618545837724, "P_AT_10": 0.19072708113804004, "P_AT_K": 0.3519494204425711, "P_AT_K_positive": 0.0, "P_AT_K_negative": 0.0}], "P127": [{"MRR": 0.04249646724236972, "MRR_negative": 0.0, "MRR_positive": 0.0, "P_AT_1": 0.033478893740902474, "P_AT_10": 0.13828238719068414,