{"Google_RE": {"means": ["Mean P@1,10,k: 0.026838315126293793, 0.17984030550368657, 0.5661458606056132"], "place_of_birth": [{"MRR": 0.0918621319370758, "MRR_negative": 0.0, "MRR_positive": 0.0918621319370758, "P_AT_1": 0.03438883214164113, "P_AT_10": 0.23765747361252978, "P_AT_K": 0.5835886959482465, "P_AT_K_positive": 0.5835886959482465, "P_AT_K_negative": 0.0}], "date_of_birth": [{"MRR": 0.05995217492428684, "MRR_negative": 0.0, "MRR_positive": 0.05995217492428684, "P_AT_1": 0.014794520547945205, "P_AT_10": 0.14520547945205478, "P_AT_K": 0.7715068493150685, "P_AT_K_positive": 0.7715068493150685, "P_AT_K_negative": 0.0}], "place_of_death": [{"MRR": 0.06004744436690169, "MRR_negative": 0.0, "MRR_positive": 0.06004744436690169, "P_AT_1": 0.031331592689295036, "P_AT_10": 0.1566579634464752, "P_AT_K": 0.3433420365535248, "P_AT_K_positive": 0.3433420365535248, "P_AT_K_negative": 0.0}]}, "TREx": {"means": ["Mean P@1,10,k: 0.08887679751260975, 0.30654467767783483, 0.6679672189170361"], "P19": [{"MRR": 0.10322162654835432, "MRR_negative": 0.0, "MRR_positive": 0.0, "P_AT_1": 0.045550847457627115, "P_AT_10": 0.2701271186440678, "P_AT_K": 0.6313559322033898, "P_AT_K_positive": 0.0, "P_AT_K_negative": 0.0}], "P20": [{"MRR": 0.10946496945381101, "MRR_negative": 0.0, "MRR_positive": 0.0, "P_AT_1": 0.08394543546694648, "P_AT_10": 0.3389296956977964, "P_AT_K": 0.6033578174186779, "P_AT_K_positive": 0.0, "P_AT_K_negative": 0.0}], "P279": [{"MRR": 0.15558705831198247, "MRR_negative": 0.0, "MRR_positive": 0.0, "P_AT_1": 0.05394190871369295, "P_AT_10": 0.36618257261410786, "P_AT_K": 0.5933609958506224, "P_AT_K_positive": 0.0, "P_AT_K_negative": 0.0}], "P37": [{"MRR": 0.16974503052964252, "MRR_negative": 0.0, "MRR_positive": 0.0, "P_AT_1": 0.08488612836438923, "P_AT_10": 0.5175983436853002, "P_AT_K": 0.9513457556935818, "P_AT_K_positive": 0.0, "P_AT_K_negative": 0.0}], "P413": [{"MRR": 0.08935776676482377, "MRR_negative": 0.0, "MRR_positive": 0.0, "P_AT_1": 0.27310924369747897, "P_AT_10": 0.4170168067226891, "P_AT_K": 0.7710084033613446, "P_AT_K_positive": 0.0, "P_AT_K_negative": 0.0}], "P449": [{"MRR": 0.17543885458929925, "MRR_negative": 0.0, "MRR_positive": 0.0, "P_AT_1": 0.3181818181818182, "P_AT_10": 0.7340909090909091, "P_AT_K": 0.95, "P_AT_K_positive": 0.0, "P_AT_K_negative": 0.0}], "P47": [{"MRR": 0.09976688132867516, "MRR_negative": 0.0, "MRR_positive": 0.0, "P_AT_1": 0.034782608695652174, "P_AT_10": 0.2717391304347826, "P_AT_K": 0.6228260869565218, "P_AT_K_positive": 0.0, "P_AT_K_negative": 0.0}], "P138": [{"MRR": 0.005231755526268941, "MRR_negative": 0.0, "MRR_positive": 0.0, "P_AT_1": 0.0, "P_AT_10": 0.00778816199376947, "P_AT_K": 0.11214953271028037, "P_AT_K_positive": 0.0, "P_AT_K_negative": 0.0}], "P364": [{"MRR": 0.1689103824988346, "MRR_negative": 0.0, "MRR_positive": 0.0, "P_AT_1": 0.11682242990654206, "P_AT_10": 0.48130841121495327, "P_AT_K": 0.8866822429906542, "P_AT_K_positive": 0.0, "P_AT_K_negative": 0.0}], "P463": [{"MRR": 0.09763287252607246, "MRR_negative": 0.0, "MRR_positive": 0.0, "P_AT_1": 0.56, "P_AT_10": 0.7511111111111111, "P_AT_K": 0.7733333333333333, "P_AT_K_positive": 0.0, "P_AT_K_negative": 0.0}], "P101": [{"MRR": 0.08482460539997122, "MRR_negative": 0.0, "MRR_positive": 0.0, "P_AT_1": 0.031609195402298854, "P_AT_10": 0.23850574712643677, "P_AT_K": 0.6566091954022989, "P_AT_K_positive": 0.0, "P_AT_K_negative": 0.0}], "P106": [{"MRR": 0.05357484163076786, "MRR_negative": 0.0, "MRR_positive": 0.0, "P_AT_1": 0.005219206680584551, "P_AT_10": 0.10855949895615867, "P_AT_K": 0.6346555323590815, "P_AT_K_positive": 0.0, "P_AT_K_negative": 0.0}], "P527": [{"MRR": 0.1045815830666419, "MRR_negative": 0.0, "MRR_positive": 0.0, "P_AT_1": 0.05225409836065574, "P_AT_10": 0.2797131147540984, "P_AT_K": 0.625, "P_AT_K_positive": 0.0, "P_AT_K_negative": 0.0}], "P530": [{"MRR": 0.05039013125549907, "MRR_negative": 0.0, "MRR_positive": 0.0, "P_AT_1": 0.013052208835341365, "P_AT_10": 0.10642570281124498, "P_AT_K": 0.8283132530120482, "P_AT_K_positive": 0.0, "P_AT_K_negative": 0.0}], "P176": [{"MRR": 0.16445798131110703, "MRR_negative": 0.0, "MRR_positive": 0.0, "P_AT_1": 0.11408016443987667, "P_AT_10": 0.460431654676259, "P_AT_K": 0.775950668036999, "P_AT_K_positive": 0.0, "P_AT_K_negative": 0.0}], "P27": [{"MRR": 0.004128542988833305, "MRR_negative": 0.0, "MRR_positive": 0.0, "P_AT_1": 0.0, "P_AT_10": 0.0, "P_AT_K": 0.09316770186335403, "P_AT_K_positive": 0.0, "P_AT_K_negative": 0.0}], "P407": [{"MRR": 0.24280663754254814, "MRR_negative": 0.0, "MRR_positive": 0.0, "P_AT_1": 0.27366020524515394, "P_AT_10": 0.7035347776510832, "P_AT_K": 0.895096921322691, "P_AT_K_positive": 0.0, "P_AT_K_negative": 0.0}], "P30": [{"MRR": 0.06604574246055625, "MRR_negative": 0.0, "MRR_positive": 0.0, "P_AT_1": 0.020512820512820513, "P_AT_10": 0.16205128205128205, "P_AT_K": 0.5846153846153846, "P_AT_K_positive": 0.0, "P_AT_K_negative": 0.0}], "P178": [{"MRR": 0.19749980284518376, "MRR_negative": 0.0, "MRR_positive": 0.0, "P_AT_1": 0.24027072758037224, "P_AT_10": 0.5736040609137056, "P_AT_K": 0.8578680203045685, "P_AT_K_positive": 0.0, "P_AT_K_negative": 0.0}], "P1376": [{"MRR": 0.14712529387704873, "MRR_negative": 0.0, "MRR_positive": 0.0, "P_AT_1": 0.11158798283261803, "P_AT_10": 0.41630901287553645, "P_AT_K": 0.7982832618025751, "P_AT_K_positive": 0.0, "P_AT_K_negative": 0.0}], "P131": [{"MRR": 0.0965530428178464, "MRR_negative": 0.0, "MRR_positive": 0.0, "P_AT_1": 0.03518728717366629, "P_AT_10": 0.24858115777525538, "P_AT_K": 0.674233825198638, "P_AT_K_positive": 0.0, "P_AT_K_negative": 0.0}], "P1412": [{"MRR": 0.12309207928103975, "MRR_negative": 0.0, "MRR_positive": 0.0, "P_AT_1": 0.033023735810113516, "P_AT_10": 0.3302373581011352, "P_AT_K": 0.803921568627451, "P_AT_K_positive": 0.0, "P_AT_K_negative": 0.0}], "P108": [{"MRR": 0.04161035493239116, "MRR_negative": 0.0, "MRR_positive": 0.0, "P_AT_1": 0.0026109660574412533, "P_AT_10": 0.08093994778067885, "P_AT_K": 0.46475195822454307, "P_AT_K_positive": 0.0, "P_AT_K_negative": 0.0}], "P136": [{"MRR": 0.03175503399108231, "MRR_negative": 0.0, "MRR_positive": 0.0, "P_AT_1": 0.0, "P_AT_10": 0.050483351235230935, "P_AT_K": 0.6745435016111708, "P_AT_K_positive": 0.0, "P_AT_K_negative": 0.0}], "P17": [{"MRR": 0.10806022004468342, "MRR_negative": 0.0, "MRR_positive": 0.0, "P_AT_1": 0.03763440860215054, "P_AT_10": 0.28279569892473116, "P_AT_K": 0.7526881720430108, "P_AT_K_positive": 0.0, "P_AT_K_negative": 0.0}], "P39": [{"MRR": 0.22003040779162275, "MRR_negative": 0.0, "MRR_positive": 0.0, "P_AT_1": 0.09865470852017937, "P_AT_10": 0.5582959641255605, "P_AT_K": 0.929372197309417, "P_AT_K_positive": 0.0, "P_AT_K_negative": 0.0}], "P264": [{"MRR": 0.03989162514155654, "MRR_negative": 0.0, "MRR_positive": 0.0, "P_AT_1": 0.1958041958041958, "P_AT_10": 0.28205128205128205, "P_AT_K": 0.5337995337995338, "P_AT_K_positive": 0.0, "P_AT_K_negative": 0.0}], "P276": [{"MRR": 0.1018977790082498, "MRR_negative": 0.0, "MRR_positive": 0.0, "P_AT_1": 0.07306889352818371, "P_AT_10": 0.2860125260960334, "P_AT_K": 0.6450939457202505, "P_AT_K_positive": 0.0, "P_AT_K_negative": 0.0}], "P937": [{"MRR": 0.0618544304944842, "MRR_negative": 0.0, "MRR_positive": 0.0, "P_AT_1": 0.11635220125786164, "P_AT_10": 0.25052410901467503, "P_AT_K": 0.6436058700209644, "P_AT_K_positive": 0.0, "P_AT_K_negative": 0.0}], "P140": [{"MRR": 0.051470506163384326, "MRR_negative": 0.0, "MRR_positive": 0.0, "P_AT_1": 0.0, "P_AT_10": 0.0824524312896406, "P_AT_K": 0.8837209302325582, "P_AT_K_positive": 0.0, "P_AT_K_negative": 0.0}], "P1303": [{"MRR": 0.06332883335458371, "MRR_negative": 0.0, "MRR_positive": 0.0, "P_AT_1": 0.005268703898840885, "P_AT_10": 0.14963119072708114, "P_AT_K": 0.5426765015806112, "P_AT_K_positive": 0.0, "P_AT_K_negative": 0.0}], "P127": [{"MRR": 0.10917975845846657, "MRR_negative": 0.0, "MRR_positive": 0.0, "P_AT_1": 0.050946142649199416, "P_AT_10": 0.2692867540029112, "P_AT_K": 0.5473071324599709, "P_AT_K_positive": 0.0, "P_AT_K_negative": 0.0}],