{"Google_RE": {"means": ["Mean P@1,10,k: 0.007190824669661055, 0.0681447040326073, 0.33779664191955705"], "place_of_birth": [{"MRR": 0.04300289432909322, "MRR_negative": 0.0, "MRR_positive": 0.04300289432909322, "P_AT_1": 0.012257405515832482, "P_AT_10": 0.10214504596527069, "P_AT_K": 0.3476336397684712, "P_AT_K_positive": 0.3476336397684712, "P_AT_K_negative": 0.0}], "date_of_birth": [{"MRR": 0.04077791957057178, "MRR_negative": 0.0, "MRR_positive": 0.04077791957057178, "P_AT_1": 0.009315068493150684, "P_AT_10": 0.09315068493150686, "P_AT_K": 0.6213698630136987, "P_AT_K_positive": 0.6213698630136987, "P_AT_K_negative": 0.0}], "place_of_death": [{"MRR": 0.004966000327918304, "MRR_negative": 0.0, "MRR_positive": 0.004966000327918304, "P_AT_1": 0.0, "P_AT_10": 0.009138381201044387, "P_AT_K": 0.044386422976501305, "P_AT_K_positive": 0.044386422976501305, "P_AT_K_negative": 0.0}]}, "TREx": {"means": ["Mean P@1,10,k: 0.0272682687546127, 0.1244990092550867, 0.3862415998628365"], "P19": [{"MRR": 0.03930977016726795, "MRR_negative": 0.0, "MRR_positive": 0.0, "P_AT_1": 0.015889830508474576, "P_AT_10": 0.10911016949152542, "P_AT_K": 0.3718220338983051, "P_AT_K_positive": 0.0, "P_AT_K_negative": 0.0}], "P20": [{"MRR": 0.006309238469147126, "MRR_negative": 0.0, "MRR_positive": 0.0, "P_AT_1": 0.002098635886673662, "P_AT_10": 0.011542497376705142, "P_AT_K": 0.09863588667366212, "P_AT_K_positive": 0.0, "P_AT_K_negative": 0.0}], "P279": [{"MRR": 0.06751015344673526, "MRR_negative": 0.0, "MRR_positive": 0.0, "P_AT_1": 0.013485477178423237, "P_AT_10": 0.1628630705394191, "P_AT_K": 0.32987551867219916, "P_AT_K_positive": 0.0, "P_AT_K_negative": 0.0}], "P37": [{"MRR": 0.018503291671482413, "MRR_negative": 0.0, "MRR_positive": 0.0, "P_AT_1": 0.002070393374741201, "P_AT_10": 0.037267080745341616, "P_AT_K": 0.2443064182194617, "P_AT_K_positive": 0.0, "P_AT_K_negative": 0.0}], "P413": [{"MRR": 0.015064927288291795, "MRR_negative": 0.0, "MRR_positive": 0.0, "P_AT_1": 0.0, "P_AT_10": 0.012605042016806723, "P_AT_K": 0.4117647058823529, "P_AT_K_positive": 0.0, "P_AT_K_negative": 0.0}], "P449": [{"MRR": 0.08873635945901583, "MRR_negative": 0.0, "MRR_positive": 0.0, "P_AT_1": 0.2818181818181818, "P_AT_10": 0.5488636363636363, "P_AT_K": 0.8113636363636364, "P_AT_K_positive": 0.0, "P_AT_K_negative": 0.0}], "P47": [{"MRR": 0.049867598616803815, "MRR_negative": 0.0, "MRR_positive": 0.0, "P_AT_1": 0.01956521739130435, "P_AT_10": 0.13478260869565217, "P_AT_K": 0.4597826086956522, "P_AT_K_positive": 0.0, "P_AT_K_negative": 0.0}], "P138": [{"MRR": 0.010609472504676028, "MRR_negative": 0.0, "MRR_positive": 0.0, "P_AT_1": 0.0, "P_AT_10": 0.018691588785046728, "P_AT_K": 0.11682242990654206, "P_AT_K_positive": 0.0, "P_AT_K_negative": 0.0}], "P364": [{"MRR": 0.019881514525103713, "MRR_negative": 0.0, "MRR_positive": 0.0, "P_AT_1": 0.0011682242990654205, "P_AT_10": 0.04205607476635514, "P_AT_K": 0.3002336448598131, "P_AT_K_positive": 0.0, "P_AT_K_negative": 0.0}], "P463": [{"MRR": 0.11008744573425165, "MRR_negative": 0.0, "MRR_positive": 0.0, "P_AT_1": 0.022222222222222223, "P_AT_10": 0.27555555555555555, "P_AT_K": 0.68, "P_AT_K_positive": 0.0, "P_AT_K_negative": 0.0}], "P101": [{"MRR": 0.0399209181007904, "MRR_negative": 0.0, "MRR_positive": 0.0, "P_AT_1": 0.0014367816091954023, "P_AT_10": 0.1206896551724138, "P_AT_K": 0.5086206896551724, "P_AT_K_positive": 0.0, "P_AT_K_negative": 0.0}], "P106": [{"MRR": 0.019886682810832806, "MRR_negative": 0.0, "MRR_positive": 0.0, "P_AT_1": 0.0010438413361169101, "P_AT_10": 0.031315240083507306, "P_AT_K": 0.4561586638830898, "P_AT_K_positive": 0.0, "P_AT_K_negative": 0.0}], "P527": [{"MRR": 0.04271017822416365, "MRR_negative": 0.0, "MRR_positive": 0.0, "P_AT_1": 0.011270491803278689, "P_AT_10": 0.09938524590163934, "P_AT_K": 0.39549180327868855, "P_AT_K_positive": 0.0, "P_AT_K_negative": 0.0}], "P530": [{"MRR": 0.04230812316892231, "MRR_negative": 0.0, "MRR_positive": 0.0, "P_AT_1": 0.006024096385542169, "P_AT_10": 0.11044176706827309, "P_AT_K": 0.7178714859437751, "P_AT_K_positive": 0.0, "P_AT_K_negative": 0.0}], "P176": [{"MRR": 0.07869505528896628, "MRR_negative": 0.0, "MRR_positive": 0.0, "P_AT_1": 0.05447070914696814, "P_AT_10": 0.2065775950668037, "P_AT_K": 0.408016443987667, "P_AT_K_positive": 0.0, "P_AT_K_negative": 0.0}], "P27": [{"MRR": 0.0007609073509526448, "MRR_negative": 0.0, "MRR_positive": 0.0, "P_AT_1": 0.0, "P_AT_10": 0.0, "P_AT_K": 0.008281573498964804, "P_AT_K_positive": 0.0, "P_AT_K_negative": 0.0}], "P407": [{"MRR": 0.018817518866138673, "MRR_negative": 0.0, "MRR_positive": 0.0, "P_AT_1": 0.002280501710376283, "P_AT_10": 0.04218928164196123, "P_AT_K": 0.3181299885974915, "P_AT_K_positive": 0.0, "P_AT_K_negative": 0.0}], "P30": [{"MRR": 0.013744912587175426, "MRR_negative": 0.0, "MRR_positive": 0.0, "P_AT_1": 0.0, "P_AT_10": 0.018461538461538463, "P_AT_K": 0.2605128205128205, "P_AT_K_positive": 0.0, "P_AT_K_negative": 0.0}], "P178": [{"MRR": 0.1856421469189734, "MRR_negative": 0.0, "MRR_positive": 0.0, "P_AT_1": 0.2131979695431472, "P_AT_10": 0.5482233502538071, "P_AT_K": 0.6649746192893401, "P_AT_K_positive": 0.0, "P_AT_K_negative": 0.0}], "P1376": [{"MRR": 0.0686847289722749, "MRR_negative": 0.0, "MRR_positive": 0.0, "P_AT_1": 0.02145922746781116, "P_AT_10": 0.1759656652360515, "P_AT_K": 0.5236051502145923, "P_AT_K_positive": 0.0, "P_AT_K_negative": 0.0}], "P131": [{"MRR": 0.06867133253060245, "MRR_negative": 0.0, "MRR_positive": 0.0, "P_AT_1": 0.02043132803632236, "P_AT_10": 0.19750283768444948, "P_AT_K": 0.5845629965947786, "P_AT_K_positive": 0.0, "P_AT_K_negative": 0.0}], "P1412": [{"MRR": 0.00879902409958597, "MRR_negative": 0.0, "MRR_positive": 0.0, "P_AT_1": 0.0, "P_AT_10": 0.0030959752321981426, "P_AT_K": 0.24251805985552116, "P_AT_K_positive": 0.0, "P_AT_K_negative": 0.0}], "P108": [{"MRR": 0.007081191059735481, "MRR_negative": 0.0, "MRR_positive": 0.0, "P_AT_1": 0.0, "P_AT_10": 0.010443864229765013, "P_AT_K": 0.1174934725848564, "P_AT_K_positive": 0.0, "P_AT_K_negative": 0.0}], "P136": [{"MRR": 0.013759511101328902, "MRR_negative": 0.0, "MRR_positive": 0.0, "P_AT_1": 0.0, "P_AT_10": 0.008592910848549946, "P_AT_K": 0.4113856068743287, "P_AT_K_positive": 0.0, "P_AT_K_negative": 0.0}], "P17": [{"MRR": 0.05095369691348497, "MRR_negative": 0.0, "MRR_positive": 0.0, "P_AT_1": 0.0064516129032258064, "P_AT_10": 0.13225806451612904, "P_AT_K": 0.5946236559139785, "P_AT_K_positive": 0.0, "P_AT_K_negative": 0.0}], "P39": [{"MRR": 0.132056381253876, "MRR_negative": 0.0, "MRR_positive": 0.0, "P_AT_1": 0.03811659192825112, "P_AT_10": 0.35650224215246634, "P_AT_K": 0.7533632286995515, "P_AT_K_positive": 0.0, "P_AT_K_negative": 0.0}], "P264": [{"MRR": 0.08444109218676002, "MRR_negative": 0.0, "MRR_positive": 0.0, "P_AT_1": 0.04895104895104895, "P_AT_10": 0.17715617715617715, "P_AT_K": 0.3543123543123543, "P_AT_K_positive": 0.0, "P_AT_K_negative": 0.0}], "P276": [{"MRR": 0.04579192567323305, "MRR_negative": 0.0, "MRR_positive": 0.0, "P_AT_1": 0.010438413361169102, "P_AT_10": 0.11691022964509394, "P_AT_K": 0.4384133611691023, "P_AT_K_positive": 0.0, "P_AT_K_negative": 0.0}], "P937": [{"MRR": 0.04203857091040058, "MRR_negative": 0.0, "MRR_positive": 0.0, "P_AT_1": 0.008385744234800839, "P_AT_10": 0.0859538784067086, "P_AT_K": 0.36058700209643607, "P_AT_K_positive": 0.0, "P_AT_K_negative": 0.0}], "P140": [{"MRR": 0.006792069087104599, "MRR_negative": 0.0, "MRR_positive": 0.0, "P_AT_1": 0.0021141649048625794, "P_AT_10": 0.010570824524312896, "P_AT_K": 0.07610993657505286, "P_AT_K_positive": 0.0, "P_AT_K_negative": 0.0}], "P1303": [{"MRR": 0.12308746875273131, "MRR_negative": 0.0, "MRR_positive": 0.0, "P_AT_1": 0.0821917808219178, "P_AT_10": 0.3656480505795574, "P_AT_K": 0.6396206533192834, "P_AT_K_positive": 0.0, "P_AT_K_negative": 0.0}], "P127": [{"MRR": 0.06472979042941206, "MRR_negative": 0.0, "MRR_positive": 0.0, "P_AT_1": 0.026200873362445413, "P_AT_10": 0.1703056768558952, "P_AT_K": 0.48034934497816595, "P_AT_K_positive": 0.0,