{
    "Google_RE": {
        "means": [
            "Mean P@1,10,k: 0.00011349449551696742, 0.004683256039234356, 0.10377882194012635"
        ],
        "place_of_birth": [
            {
                "MRR": 0.0036649738252051926,
                "MRR_negative": 0.0,
                "MRR_positive": 0.0036649738252051926,
                "P_AT_1": 0.00034048348655090226,
                "P_AT_10": 0.0020429009193054137,
                "P_AT_K": 0.05141300646918624,
                "P_AT_K_positive": 0.05141300646918624,
                "P_AT_K_negative": 0.0
            }
        ],
        "date_of_birth": [
            {
                "MRR": 0.0084645991370949,
                "MRR_negative": 0.0,
                "MRR_positive": 0.0084645991370949,
                "P_AT_1": 0.0,
                "P_AT_10": 0.005479452054794521,
                "P_AT_K": 0.19726027397260273,
                "P_AT_K_positive": 0.19726027397260273,
                "P_AT_K_negative": 0.0
            }
        ],
        "place_of_death": [
            {
                "MRR": 0.0046587589996229676,
                "MRR_negative": 0.0,
                "MRR_positive": 0.0046587589996229676,
                "P_AT_1": 0.0,
                "P_AT_10": 0.006527415143603133,
                "P_AT_K": 0.06266318537859007,
                "P_AT_K_positive": 0.06266318537859007,
                "P_AT_K_negative": 0.0
            }
        ]
    },
    "TREx": {
        "means": [
            "Mean P@1,10,k: 0.0017704898971110533, 0.01630013631646594, 0.0967131086523747"
        ],
        "P19": [
            {
                "MRR": 0.0028449750150838895,
                "MRR_negative": 0.0,
                "MRR_positive": 0.0,
                "P_AT_1": 0.0,
                "P_AT_10": 0.0031779661016949155,
                "P_AT_K": 0.03389830508474576,
                "P_AT_K_positive": 0.0,
                "P_AT_K_negative": 0.0
            }
        ],
        "P20": [
            {
                "MRR": 0.004564710067790736,
                "MRR_negative": 0.0,
                "MRR_positive": 0.0,
                "P_AT_1": 0.001049317943336831,
                "P_AT_10": 0.0062959076600209865,
                "P_AT_K": 0.08394543546694648,
                "P_AT_K_positive": 0.0,
                "P_AT_K_negative": 0.0
            }
        ],
        "P279": [
            {
                "MRR": 0.05728246247293949,
                "MRR_negative": 0.0,
                "MRR_positive": 0.0,
                "P_AT_1": 0.011410788381742738,
                "P_AT_10": 0.12448132780082988,
                "P_AT_K": 0.19190871369294607,
                "P_AT_K_positive": 0.0,
                "P_AT_K_negative": 0.0
            }
        ],
        "P37": [
            {
                "MRR": 9.432152979045255e-05,
                "MRR_negative": 0.0,
                "MRR_positive": 0.0,
                "P_AT_1": 0.0,
                "P_AT_10": 0.0,
                "P_AT_K": 0.0010351966873706005,
                "P_AT_K_positive": 0.0,
                "P_AT_K_negative": 0.0
            }
        ],
        "P413": [
            {
                "MRR": 8.48547398106427e-06,
                "MRR_negative": 0.0,
                "MRR_positive": 0.0,
                "P_AT_1": 0.0,
                "P_AT_10": 0.0,
                "P_AT_K": 0.0,
                "P_AT_K_positive": 0.0,
                "P_AT_K_negative": 0.0
            }
        ],
        "P449": [
            {
                "MRR": 0.00948653688093166,
                "MRR_negative": 0.0,
                "MRR_positive": 0.0,
                "P_AT_1": 0.0,
                "P_AT_10": 0.004545454545454545,
                "P_AT_K": 0.2863636363636364,
                "P_AT_K_positive": 0.0,
                "P_AT_K_negative": 0.0
            }
        ],
        "P47": [
            {
                "MRR": 0.005728769523556752,
                "MRR_negative": 0.0,
                "MRR_positive": 0.0,
                "P_AT_1": 0.0,
                "P_AT_10": 0.014130434782608696,
                "P_AT_K": 0.06630434782608696,
                "P_AT_K_positive": 0.0,
                "P_AT_K_negative": 0.0
            }
        ],
        "P138": [
            {
                "MRR": 0.002873646908406732,
                "MRR_negative": 0.0,
                "MRR_positive": 0.0,
                "P_AT_1": 0.0,
                "P_AT_10": 0.004672897196261682,
                "P_AT_K": 0.04205607476635514,
                "P_AT_K_positive": 0.0,
                "P_AT_K_negative": 0.0
            }
        ],
        "P364": [
            {
                "MRR": 0.0001311014242582418,
                "MRR_negative": 0.0,
                "MRR_positive": 0.0,
                "P_AT_1": 0.0,
                "P_AT_10": 0.0,
                "P_AT_K": 0.0011682242990654205,
                "P_AT_K_positive": 0.0,
                "P_AT_K_negative": 0.0
            }
        ],
        "P463": [
            {
                "MRR": 0.0004552608964693789,
                "MRR_negative": 0.0,
                "MRR_positive": 0.0,
                "P_AT_1": 0.0,
                "P_AT_10": 0.0,
                "P_AT_K": 0.0044444444444444444,
                "P_AT_K_positive": 0.0,
                "P_AT_K_negative": 0.0
            }
        ],
        "P101": [
            {
                "MRR": 0.002417816979132983,
                "MRR_negative": 0.0,
                "MRR_positive": 0.0,
                "P_AT_1": 0.0,
                "P_AT_10": 0.0014367816091954023,
                "P_AT_K": 0.05172413793103448,
                "P_AT_K_positive": 0.0,
                "P_AT_K_negative": 0.0
            }
        ],
        "P106": [
            {
                "MRR": 0.0004657730672883958,
                "MRR_negative": 0.0,
                "MRR_positive": 0.0,
                "P_AT_1": 0.0,
                "P_AT_10": 0.0,
                "P_AT_K": 0.006263048016701462,
                "P_AT_K_positive": 0.0,
                "P_AT_K_negative": 0.0
            }
        ],
        "P527": [
            {
                "MRR": 0.009913534395078515,
                "MRR_negative": 0.0,
                "MRR_positive": 0.0,
                "P_AT_1": 0.0,
                "P_AT_10": 0.017418032786885244,
                "P_AT_K": 0.20081967213114754,
                "P_AT_K_positive": 0.0,
                "P_AT_K_negative": 0.0
            }
        ],
        "P530": [
            {
                "MRR": 0.009109521157344046,
                "MRR_negative": 0.0,
                "MRR_positive": 0.0,
                "P_AT_1": 0.0,
                "P_AT_10": 0.01606425702811245,
                "P_AT_K": 0.18775100401606426,
                "P_AT_K_positive": 0.0,
                "P_AT_K_negative": 0.0
            }
        ],
        "P176": [
            {
                "MRR": 0.00038919780621143527,
                "MRR_negative": 0.0,
                "MRR_positive": 0.0,
                "P_AT_1": 0.0,
                "P_AT_10": 0.0010277492291880781,
                "P_AT_K": 0.008221993833504625,
                "P_AT_K_positive": 0.0,
                "P_AT_K_negative": 0.0
            }
        ],
        "P27": [
            {
                "MRR": 0.00013982417149041002,
                "MRR_negative": 0.0,
                "MRR_positive": 0.0,
                "P_AT_1": 0.0,
                "P_AT_10": 0.0,
                "P_AT_K": 0.002070393374741201,
                "P_AT_K_positive": 0.0,
                "P_AT_K_negative": 0.0
            }
        ],
        "P407": [
            {
                "MRR": 0.002245037430173338,
                "MRR_negative": 0.0,
                "MRR_positive": 0.0,
                "P_AT_1": 0.0,
                "P_AT_10": 0.0,
                "P_AT_K": 0.011402508551881414,
                "P_AT_K_positive": 0.0,
                "P_AT_K_negative": 0.0
            }
        ],