{
    "Google_RE": {
        "means": [
            "Mean P@1,10,k: 0.021087965078037216, 0.15347545219685443, 0.5712713416810709"
        ],
        "place_of_birth": [
            {
                "MRR": 0.08990931257578477,
                "MRR_negative": 0.0,
                "MRR_positive": 0.08990931257578477,
                "P_AT_1": 0.03609124957439564,
                "P_AT_10": 0.2254000680966973,
                "P_AT_K": 0.5594143684031324,
                "P_AT_K_positive": 0.5594143684031324,
                "P_AT_K_negative": 0.0
            }
        ],
        "date_of_birth": [
            {
                "MRR": 0.05873923729591059,
                "MRR_negative": 0.0,
                "MRR_positive": 0.05873923729591059,
                "P_AT_1": 0.011506849315068493,
                "P_AT_10": 0.13972602739726028,
                "P_AT_K": 0.7797260273972603,
                "P_AT_K_positive": 0.7797260273972603,
                "P_AT_K_negative": 0.0
            }
        ],
        "place_of_death": [
            {
                "MRR": 0.0439756862840794,
                "MRR_negative": 0.0,
                "MRR_positive": 0.0439756862840794,
                "P_AT_1": 0.015665796344647518,
                "P_AT_10": 0.09530026109660575,
                "P_AT_K": 0.37467362924281983,
                "P_AT_K_positive": 0.37467362924281983,
                "P_AT_K_negative": 0.0
            }
        ]
    },
    "TREx": {
        "means": [
            "Mean P@1,10,k: 0.09330836313238697, 0.31339806971618783, 0.6358126014763359"
        ],
        "P19": [
            {
                "MRR": 0.09868359388055531,
                "MRR_negative": 0.0,
                "MRR_positive": 0.0,
                "P_AT_1": 0.038135593220338986,
                "P_AT_10": 0.2680084745762712,
                "P_AT_K": 0.6027542372881356,
                "P_AT_K_positive": 0.0,
                "P_AT_K_negative": 0.0
            }
        ],
        "P20": [
            {
                "MRR": 0.0798129454478781,
                "MRR_negative": 0.0,
                "MRR_positive": 0.0,
                "P_AT_1": 0.03777544596012592,
                "P_AT_10": 0.2266526757607555,
                "P_AT_K": 0.5823714585519413,
                "P_AT_K_positive": 0.0,
                "P_AT_K_negative": 0.0
            }
        ],
        "P279": [
            {
                "MRR": 0.19040946306660592,
                "MRR_negative": 0.0,
                "MRR_positive": 0.0,
                "P_AT_1": 0.08506224066390042,
                "P_AT_10": 0.4408713692946058,
                "P_AT_K": 0.6203319502074689,
                "P_AT_K_positive": 0.0,
                "P_AT_K_negative": 0.0
            }
        ],
        "P37": [
            {
                "MRR": 0.14784777639704008,
                "MRR_negative": 0.0,
                "MRR_positive": 0.0,
                "P_AT_1": 0.07453416149068323,
                "P_AT_10": 0.38819875776397517,
                "P_AT_K": 0.9265010351966874,
                "P_AT_K_positive": 0.0,
                "P_AT_K_negative": 0.0
            }
        ],
        "P413": [
            {
                "MRR": 0.09703849444117554,
                "MRR_negative": 0.0,
                "MRR_positive": 0.0,
                "P_AT_1": 0.015756302521008403,
                "P_AT_10": 0.2846638655462185,
                "P_AT_K": 0.8466386554621849,
                "P_AT_K_positive": 0.0,
                "P_AT_K_negative": 0.0
            }
        ],
        "P449": [
            {
                "MRR": 0.21276664626937644,
                "MRR_negative": 0.0,
                "MRR_positive": 0.0,
                "P_AT_1": 0.26931818181818185,
                "P_AT_10": 0.7625,
                "P_AT_K": 0.8704545454545455,
                "P_AT_K_positive": 0.0,
                "P_AT_K_negative": 0.0
            }
        ],
        "P47": [
            {
                "MRR": 0.07034176497895701,
                "MRR_negative": 0.0,
                "MRR_positive": 0.0,
                "P_AT_1": 0.020652173913043477,
                "P_AT_10": 0.1815217391304348,
                "P_AT_K": 0.5467391304347826,
                "P_AT_K_positive": 0.0,
                "P_AT_K_negative": 0.0
            }
        ],
        "P138": [
            {
                "MRR": 0.009946666884906162,
                "MRR_negative": 0.0,
                "MRR_positive": 0.0,
                "P_AT_1": 0.0,
                "P_AT_10": 0.021806853582554516,
                "P_AT_K": 0.1557632398753894,
                "P_AT_K_positive": 0.0,
                "P_AT_K_negative": 0.0
            }
        ],
        "P364": [
            {
                "MRR": 0.1170474150270373,
                "MRR_negative": 0.0,
                "MRR_positive": 0.0,
                "P_AT_1": 0.17990654205607476,
                "P_AT_10": 0.4497663551401869,
                "P_AT_K": 0.8387850467289719,
                "P_AT_K_positive": 0.0,
                "P_AT_K_negative": 0.0
            }
        ],
        "P463": [
            {
                "MRR": 0.0898110960797405,
                "MRR_negative": 0.0,
                "MRR_positive": 0.0,
                "P_AT_1": 0.56,
                "P_AT_10": 0.6933333333333334,
                "P_AT_K": 0.7644444444444445,
                "P_AT_K_positive": 0.0,
                "P_AT_K_negative": 0.0
            }
        ],
        "P101": [
            {
                "MRR": 0.04338566167246403,
                "MRR_negative": 0.0,
                "MRR_positive": 0.0,
                "P_AT_1": 0.02586206896551724,
                "P_AT_10": 0.10919540229885058,
                "P_AT_K": 0.6221264367816092,
                "P_AT_K_positive": 0.0,
                "P_AT_K_negative": 0.0
            }
        ],
        "P106": [
            {
                "MRR": 0.030562461515763546,
                "MRR_negative": 0.0,
                "MRR_positive": 0.0,
                "P_AT_1": 0.0041753653444676405,
                "P_AT_10": 0.06367432150313153,
                "P_AT_K": 0.5083507306889353,
                "P_AT_K_positive": 0.0,
                "P_AT_K_negative": 0.0
            }
        ],
        "P527": [
            {
                "MRR": 0.037395191641116585,
                "MRR_negative": 0.0,
                "MRR_positive": 0.0,
                "P_AT_1": 0.012295081967213115,
                "P_AT_10": 0.08504098360655737,
                "P_AT_K": 0.38729508196721313,
                "P_AT_K_positive": 0.0,
                "P_AT_K_negative": 0.0
            }
        ],
        "P530": [
            {
                "MRR": 0.048817713207964505,
                "MRR_negative": 0.0,
                "MRR_positive": 0.0,
                "P_AT_1": 0.008032128514056224,
                "P_AT_10": 0.12349397590361445,
                "P_AT_K": 0.8142570281124498,
                "P_AT_K_positive": 0.0,
                "P_AT_K_negative": 0.0
            }
        ],
        "P176": [
            {
                "MRR": 0.11297842293477599,
                "MRR_negative": 0.0,
                "MRR_positive": 0.0,
                "P_AT_1": 0.32168550873586843,
                "P_AT_10": 0.5303186022610483,
                "P_AT_K": 0.7379239465570401,
                "P_AT_K_positive": 0.0,
                "P_AT_K_negative": 0.0
            }
        ],
        "P27": [
            {
                "MRR": 0.001990540724025485,
                "MRR_negative": 0.0,
                "MRR_positive": 0.0,
                "P_AT_1": 0.0,
                "P_AT_10": 0.0,
                "P_AT_K": 0.021739130434782608,
                "P_AT_K_positive": 0.0,
                "P_AT_K_negative": 0.0
            }
        ],
        "P407": [
            {
                "MRR": 0.22764377049694817,
                "MRR_negative": 0.0,
                "MRR_positive": 0.0,