{"Google_RE": {"means": ["Mean P@1,10,k: 0.009447183652502758, 0.053595240179118424, 0.2678907894985048"], "place_of_birth": [{"MRR": 0.027648256306211094, "MRR_negative": 0.0, "MRR_positive": 0.027648256306211094, "P_AT_1": 0.0149812734082397, "P_AT_10": 0.07422540006809669, "P_AT_K": 0.26149131767109296, "P_AT_K_positive": 0.26149131767109296, "P_AT_K_negative": 0.0}], "date_of_birth": [{"MRR": 0.029128113647535633, "MRR_negative": 0.0, "MRR_positive": 0.029128113647535633, "P_AT_1": 0.012054794520547946, "P_AT_10": 0.06958904109589041, "P_AT_K": 0.4586301369863014, "P_AT_K_positive": 0.4586301369863014, "P_AT_K_negative": 0.0}], "place_of_death": [{"MRR": 0.00857706144257546, "MRR_negative": 0.0, "MRR_positive": 0.00857706144257546, "P_AT_1": 0.0013054830287206266, "P_AT_10": 0.016971279373368148, "P_AT_K": 0.0835509138381201, "P_AT_K_positive": 0.0835509138381201, "P_AT_K_negative": 0.0}]}, "TREx": {"means": ["Mean P@1,10,k: 0.03664378590446344, 0.16400600784715066, 0.4217311558238474"], "P19": [{"MRR": 0.030089213065287706, "MRR_negative": 0.0, "MRR_positive": 0.0, "P_AT_1": 0.00423728813559322, "P_AT_10": 0.06673728813559322, "P_AT_K": 0.2923728813559322, "P_AT_K_positive": 0.0, "P_AT_K_negative": 0.0}], "P20": [{"MRR": 0.023159069210788988, "MRR_negative": 0.0, "MRR_positive": 0.0, "P_AT_1": 0.005246589716684155, "P_AT_10": 0.04931794333683106, "P_AT_K": 0.21511017838405036, "P_AT_K_positive": 0.0, "P_AT_K_negative": 0.0}], "P279": [{"MRR": 0.06011991775096744, "MRR_negative": 0.0, "MRR_positive": 0.0, "P_AT_1": 0.016597510373443983, "P_AT_10": 0.1441908713692946, "P_AT_K": 0.3112033195020747, "P_AT_K_positive": 0.0, "P_AT_K_negative": 0.0}], "P37": [{"MRR": 0.06032203274691179, "MRR_negative": 0.0, "MRR_positive": 0.0, "P_AT_1": 0.008281573498964804, "P_AT_10": 0.16252587991718426, "P_AT_K": 0.5973084886128365, "P_AT_K_positive": 0.0, "P_AT_K_negative": 0.0}], "P413": [{"MRR": 0.005902646392886029, "MRR_negative": 0.0, "MRR_positive": 0.0, "P_AT_1": 0.0, "P_AT_10": 0.0010504201680672268, "P_AT_K": 0.16911764705882354, "P_AT_K_positive": 0.0, "P_AT_K_negative": 0.0}], "P449": [{"MRR": 0.11881183366149231, "MRR_negative": 0.0, "MRR_positive": 0.0, "P_AT_1": 0.25113636363636366, "P_AT_10": 0.553409090909091, "P_AT_K": 0.7727272727272727, "P_AT_K_positive": 0.0, "P_AT_K_negative": 0.0}], "P47": [{"MRR": 0.05494213794824791, "MRR_negative": 0.0, "MRR_positive": 0.0, "P_AT_1": 0.011956521739130435, "P_AT_10": 0.14456521739130435, "P_AT_K": 0.42391304347826086, "P_AT_K_positive": 0.0, "P_AT_K_negative": 0.0}], "P138": [{"MRR": 0.022017804532756993, "MRR_negative": 0.0, "MRR_positive": 0.0, "P_AT_1": 0.003115264797507788, "P_AT_10": 0.0529595015576324, "P_AT_K": 0.2087227414330218, "P_AT_K_positive": 0.0, "P_AT_K_negative": 0.0}], "P364": [{"MRR": 0.05709489520890386, "MRR_negative": 0.0, "MRR_positive": 0.0, "P_AT_1": 0.008177570093457943, "P_AT_10": 0.14953271028037382, "P_AT_K": 0.5969626168224299, "P_AT_K_positive": 0.0, "P_AT_K_negative": 0.0}], "P463": [{"MRR": 0.24071926192816184, "MRR_negative": 0.0, "MRR_positive": 0.0, "P_AT_1": 0.14666666666666667, "P_AT_10": 0.5066666666666667, "P_AT_K": 0.6, "P_AT_K_positive": 0.0, "P_AT_K_negative": 0.0}], "P101": [{"MRR": 0.05102847379336411, "MRR_negative": 0.0, "MRR_positive": 0.0, "P_AT_1": 0.0, "P_AT_10": 0.15517241379310345, "P_AT_K": 0.41954022988505746, "P_AT_K_positive": 0.0, "P_AT_K_negative": 0.0}], "P106": [{"MRR": 0.11277140112900508, "MRR_negative": 0.0, "MRR_positive": 0.0, "P_AT_1": 0.05219206680584551, "P_AT_10": 0.3079331941544885, "P_AT_K": 0.6106471816283925, "P_AT_K_positive": 0.0, "P_AT_K_negative": 0.0}], "P527": [{"MRR": 0.043786250868216234, "MRR_negative": 0.0, "MRR_positive": 0.0, "P_AT_1": 0.03483606557377049, "P_AT_10": 0.12704918032786885, "P_AT_K": 0.36885245901639346, "P_AT_K_positive": 0.0, "P_AT_K_negative": 0.0}], "P530": [{"MRR": 0.04672717740739383, "MRR_negative": 0.0, "MRR_positive": 0.0, "P_AT_1": 0.01104417670682731, "P_AT_10": 0.10441767068273092, "P_AT_K": 0.7198795180722891, "P_AT_K_positive": 0.0, "P_AT_K_negative": 0.0}], "P176": [{"MRR": 0.05647958821227426, "MRR_negative": 0.0, "MRR_positive": 0.0, "P_AT_1": 0.040082219938335044, "P_AT_10": 0.1747173689619733, "P_AT_K": 0.44912641315519014, "P_AT_K_positive": 0.0, "P_AT_K_negative": 0.0}], "P27": [{"MRR": 0.0009116119160053344, "MRR_negative": 0.0, "MRR_positive": 0.0, "P_AT_1": 0.0, "P_AT_10": 0.0, "P_AT_K": 0.012422360248447204, "P_AT_K_positive": 0.0, "P_AT_K_negative": 0.0}], "P407": [{"MRR": 0.08203975553163598, "MRR_negative": 0.0, "MRR_positive": 0.0, "P_AT_1": 0.046750285062713795, "P_AT_10": 0.21664766248574688, "P_AT_K": 0.6590649942987458, "P_AT_K_positive": 0.0, "P_AT_K_negative": 0.0}], "P30": [{"MRR": 0.03507514002717713, "MRR_negative": 0.0, "MRR_positive": 0.0, "P_AT_1": 0.003076923076923077, "P_AT_10": 0.09846153846153846, "P_AT_K": 0.3261538461538461, "P_AT_K_positive": 0.0, "P_AT_K_negative": 0.0}], "P178": [{"MRR": 0.10975195937938634, "MRR_negative": 0.0, "MRR_positive": 0.0, "P_AT_1": 0.3096446700507614, "P_AT_10": 0.4720812182741117, "P_AT_K": 0.6125211505922166, "P_AT_K_positive": 0.0, "P_AT_K_negative": 0.0}], "P1376": [{"MRR": 0.075438666193898, "MRR_negative": 0.0, "MRR_positive": 0.0, "P_AT_1": 0.03862660944206009, "P_AT_10": 0.2145922746781116, "P_AT_K": 0.5622317596566524, "P_AT_K_positive": 0.0, "P_AT_K_negative": 0.0}], "P131": [{"MRR": 0.06989110524848247, "MRR_negative": 0.0, "MRR_positive": 0.0, "P_AT_1": 0.04199772985244041, "P_AT_10": 0.20658342792281498, "P_AT_K": 0.5380249716231555, "P_AT_K_positive": 0.0, "P_AT_K_negative": 0.0}], "P1412": [{"MRR": 0.12099076675179256, "MRR_negative": 0.0, "MRR_positive": 0.0, "P_AT_1": 0.08978328173374613, "P_AT_10": 0.3364293085655315, "P_AT_K": 0.6140350877192983, "P_AT_K_positive": 0.0, "P_AT_K_negative": 0.0}], "P108": [{"MRR": 0.0224435621176428, "MRR_negative": 0.0, "MRR_positive": 0.0, "P_AT_1": 0.0, "P_AT_10": 0.04960835509138381, "P_AT_K": 0.26370757180156656, "P_AT_K_positive": 0.0, "P_AT_K_negative": 0.0}], "P136": [{"MRR": 0.023508760588152995, "MRR_negative": 0.0, "MRR_positive": 0.0, "P_AT_1": 0.0, "P_AT_10": 0.04296455424274973, "P_AT_K": 0.5123523093447906, "P_AT_K_positive": 0.0, "P_AT_K_negative": 0.0}], "P17": [{"MRR": 0.12967471092360494, "MRR_negative": 0.0, "MRR_positive": 0.0, "P_AT_1": 0.06451612903225806, "P_AT_10": 0.34301075268817205, "P_AT_K": 0.6741935483870968, "P_AT_K_positive": 0.0, "P_AT_K_negative": 0.0}], "P39": [{"MRR": 0.0781853642272592, "MRR_negative": 0.0, "MRR_positive": 0.0, "P_AT_1": 0.021300448430493273, "P_AT_10": 0.19170403587443946, "P_AT_K": 0.5538116591928252, "P_AT_K_positive": 0.0, "P_AT_K_negative": 0.0}], "P264": [{"MRR": 0.021488544896684718, "MRR_negative": 0.0, "MRR_positive": 0.0, "P_AT_1": 0.0, "P_AT_10": 0.04895104895104895, "P_AT_K": 0.372960372960373, "P_AT_K_positive": 0.0, "P_AT_K_negative": 0.0}], "P276": [{"MRR": 0.05231502753663811, "MRR_negative": 0.0, "MRR_positive": 0.0, "P_AT_1": 0.026096033402922755, "P_AT_10": 0.1419624217118998, "P_AT_K": 0.44154488517745305, "P_AT_K_positive": 0.0, "P_AT_K_negative": 0.0}], "P937": [{"MRR": 0.06936649477408004, "MRR_negative": 0.0, "MRR_positive": 0.0, "P_AT_1": 0.014675052410901468, "P_AT_10": 0.1708595387840671, "P_AT_K": 0.4528301886792453, "P_AT_K_positive": 0.0, "P_AT_K_negative": 0.0}], "P140": [{"MRR": 0.004145136043317077, "MRR_negative": 0.0, "MRR_positive": 0.0, "P_AT_1": 0.0, "P_AT_10": 0.006342494714587738, "P_AT_K": 0.012684989429175475, "P_AT_K_positive": 0.0, "P_AT_K_negative": 0.0}], "P1303": [{"MRR": 0.04366913660110774, "MRR_negative": 0.0, "MRR_positive": 0.0, "P_AT_1": 0.0547945205479452, "P_AT_10": 0.1475237091675448, "P_AT_K": 0.3540569020021075, "P_AT_K_positive": 0.0, "P_AT_K_negative": 0.0}], "P127": [{"MRR": 0.07688638532918661, "MRR_negative": 0.0, "MRR_positive": 0.0, "P_AT_1": 0.026200873362445413, "P_AT_10": 0.2052401746724891, "P_AT_K": 0.4512372634643377, "P_AT_K_positive": 0.0,