{"Google_RE": {"means": ["Mean P@1,10,k: 0.0032281828082902767, 0.03883306753116519, 0.2555054122512492"], "place_of_birth": [{"MRR": 0.030919505341255697, "MRR_negative": 0.0, "MRR_positive": 0.030919505341255697, "P_AT_1": 0.007831120190670752, "P_AT_10": 0.07967313585291114, "P_AT_K": 0.2843037112700034, "P_AT_K_positive": 0.2843037112700034, "P_AT_K_negative": 0.0}], "date_of_birth": [{"MRR": 0.01930112617662904, "MRR_negative": 0.0, "MRR_positive": 0.01930112617662904, "P_AT_1": 0.000547945205479452, "P_AT_10": 0.022465753424657533, "P_AT_K": 0.4104109589041096, "P_AT_K_positive": 0.4104109589041096, "P_AT_K_negative": 0.0}], "place_of_death": [{"MRR": 0.00645042054861268, "MRR_negative": 0.0, "MRR_positive": 0.00645042054861268, "P_AT_1": 0.0013054830287206266, "P_AT_10": 0.014360313315926894, "P_AT_K": 0.07180156657963446, "P_AT_K_positive": 0.07180156657963446, "P_AT_K_negative": 0.0}]}, "TREx": {"means": ["Mean P@1,10,k: 0.02306526346860177, 0.12494535168095963, 0.36868325665069485"], "P19": [{"MRR": 0.04234660037431536, "MRR_negative": 0.0, "MRR_positive": 0.0, "P_AT_1": 0.005296610169491525, "P_AT_10": 0.09851694915254237, "P_AT_K": 0.3241525423728814, "P_AT_K_positive": 0.0, "P_AT_K_negative": 0.0}], "P20": [{"MRR": 0.009728104969278555, "MRR_negative": 0.0, "MRR_positive": 0.0, "P_AT_1": 0.002098635886673662, "P_AT_10": 0.017838405036726127, "P_AT_K": 0.14270724029380902, "P_AT_K_positive": 0.0, "P_AT_K_negative": 0.0}], "P279": [{"MRR": 0.024148327459332073, "MRR_negative": 0.0, "MRR_positive": 0.0, "P_AT_1": 0.0031120331950207467, "P_AT_10": 0.054979253112033194, "P_AT_K": 0.23132780082987553, "P_AT_K_positive": 0.0, "P_AT_K_negative": 0.0}], "P37": [{"MRR": 0.019463487807481902, "MRR_negative": 0.0, "MRR_positive": 0.0, "P_AT_1": 0.0010351966873706005, "P_AT_10": 0.048654244306418216, "P_AT_K": 0.19875776397515527, "P_AT_K_positive": 0.0, "P_AT_K_negative": 0.0}], "P413": [{"MRR": 0.005226536959164069, "MRR_negative": 0.0, "MRR_positive": 0.0, "P_AT_1": 0.0, "P_AT_10": 0.0, "P_AT_K": 0.1334033613445378, "P_AT_K_positive": 0.0, "P_AT_K_negative": 0.0}], "P449": [{"MRR": 0.09886445051392283, "MRR_negative": 0.0, "MRR_positive": 0.0, "P_AT_1": 0.31022727272727274, "P_AT_10": 0.6090909090909091, "P_AT_K": 0.7965909090909091, "P_AT_K_positive": 0.0, "P_AT_K_negative": 0.0}], "P47": [{"MRR": 0.04289754621945172, "MRR_negative": 0.0, "MRR_positive": 0.0, "P_AT_1": 0.010869565217391304, "P_AT_10": 0.09891304347826087, "P_AT_K": 0.3826086956521739, "P_AT_K_positive": 0.0, "P_AT_K_negative": 0.0}], "P138": [{"MRR": 0.011835289430471897, "MRR_negative": 0.0, "MRR_positive": 0.0, "P_AT_1": 0.001557632398753894, "P_AT_10": 0.018691588785046728, "P_AT_K": 0.12461059190031153, "P_AT_K_positive": 0.0, "P_AT_K_negative": 0.0}], "P364": [{"MRR": 0.011747222315481327, "MRR_negative": 0.0, "MRR_positive": 0.0, "P_AT_1": 0.0, "P_AT_10": 0.018691588785046728, "P_AT_K": 0.17523364485981308, "P_AT_K_positive": 0.0, "P_AT_K_negative": 0.0}], "P463": [{"MRR": 0.1693502220848138, "MRR_negative": 0.0, "MRR_positive": 0.0, "P_AT_1": 0.057777777777777775, "P_AT_10": 0.4622222222222222, "P_AT_K": 0.6755555555555556, "P_AT_K_positive": 0.0, "P_AT_K_negative": 0.0}], "P101": [{"MRR": 0.028232105586464475, "MRR_negative": 0.0, "MRR_positive": 0.0, "P_AT_1": 0.004310344827586207, "P_AT_10": 0.07183908045977011, "P_AT_K": 0.4454022988505747, "P_AT_K_positive": 0.0, "P_AT_K_negative": 0.0}], "P106": [{"MRR": 0.024593500525309172, "MRR_negative": 0.0, "MRR_positive": 0.0, "P_AT_1": 0.007306889352818371, "P_AT_10": 0.05741127348643006, "P_AT_K": 0.4175365344467641, "P_AT_K_positive": 0.0, "P_AT_K_negative": 0.0}], "P527": [{"MRR": 0.02666044027542738, "MRR_negative": 0.0, "MRR_positive": 0.0, "P_AT_1": 0.011270491803278689, "P_AT_10": 0.07274590163934426, "P_AT_K": 0.3555327868852459, "P_AT_K_positive": 0.0, "P_AT_K_negative": 0.0}], "P530": [{"MRR": 0.06952441244990219, "MRR_negative": 0.0, "MRR_positive": 0.0, "P_AT_1": 0.015060240963855422, "P_AT_10": 0.18373493975903615, "P_AT_K": 0.6877510040160643, "P_AT_K_positive": 0.0, "P_AT_K_negative": 0.0}], "P176": [{"MRR": 0.029154178931043825, "MRR_negative": 0.0, "MRR_positive": 0.0, "P_AT_1": 0.0051387461459403904, "P_AT_10": 0.05858170606372045, "P_AT_K": 0.2970195272353546, "P_AT_K_positive": 0.0, "P_AT_K_negative": 0.0}], "P27": [{"MRR": 4.204239878096466e-05, "MRR_negative": 0.0, "MRR_positive": 0.0, "P_AT_1": 0.0, "P_AT_10": 0.0, "P_AT_K": 0.0, "P_AT_K_positive": 0.0, "P_AT_K_negative": 0.0}], "P407": [{"MRR": 0.03196733074482884, "MRR_negative": 0.0, "MRR_positive": 0.0, "P_AT_1": 0.012542759407069556, "P_AT_10": 0.08551881413911061, "P_AT_K": 0.338654503990878, "P_AT_K_positive": 0.0, "P_AT_K_negative": 0.0}], "P30": [{"MRR": 0.05754769758417564, "MRR_negative": 0.0, "MRR_positive": 0.0, "P_AT_1": 0.012307692307692308, "P_AT_10": 0.13743589743589743, "P_AT_K": 0.6953846153846154, "P_AT_K_positive": 0.0, "P_AT_K_negative": 0.0}], "P178": [{"MRR": 0.23799031587333572, "MRR_negative": 0.0, "MRR_positive": 0.0, "P_AT_1": 0.04230118443316413, "P_AT_10": 0.3637901861252115, "P_AT_K": 0.5736040609137056, "P_AT_K_positive": 0.0, "P_AT_K_negative": 0.0}], "P1376": [{"MRR": 0.0631676776080085, "MRR_negative": 0.0, "MRR_positive": 0.0, "P_AT_1": 0.012875536480686695, "P_AT_10": 0.12446351931330472, "P_AT_K": 0.4592274678111588, "P_AT_K_positive": 0.0, "P_AT_K_negative": 0.0}], "P131": [{"MRR": 0.06626460091840332, "MRR_negative": 0.0, "MRR_positive": 0.0, "P_AT_1": 0.02383654937570942, "P_AT_10": 0.16345062429057888, "P_AT_K": 0.5209988649262202, "P_AT_K_positive": 0.0, "P_AT_K_negative": 0.0}], "P1412": [{"MRR": 0.10017032055488621, "MRR_negative": 0.0, "MRR_positive": 0.0, "P_AT_1": 0.04437564499484004, "P_AT_10": 0.2724458204334365, "P_AT_K": 0.6367389060887513, "P_AT_K_positive": 0.0, "P_AT_K_negative": 0.0}], "P108": [{"MRR": 0.005092693483883241, "MRR_negative": 0.0, "MRR_positive": 0.0, "P_AT_1": 0.0, "P_AT_10": 0.010443864229765013, "P_AT_K": 0.06266318537859007, "P_AT_K_positive": 0.0, "P_AT_K_negative": 0.0}], "P136": [{"MRR": 0.029557204982357956, "MRR_negative": 0.0, "MRR_positive": 0.0, "P_AT_1": 0.0, "P_AT_10": 0.06766917293233082, "P_AT_K": 0.527389903329753, "P_AT_K_positive": 0.0, "P_AT_K_negative": 0.0}], "P17": [{"MRR": 0.09660142335844533, "MRR_negative": 0.0, "MRR_positive": 0.0, "P_AT_1": 0.034408602150537634, "P_AT_10": 0.2752688172043011, "P_AT_K": 0.6849462365591398, "P_AT_K_positive": 0.0, "P_AT_K_negative": 0.0}], "P39": [{"MRR": 0.06648550168351099, "MRR_negative": 0.0, "MRR_positive": 0.0, "P_AT_1": 0.007847533632286996, "P_AT_10": 0.15807174887892378, "P_AT_K": 0.6681614349775785, "P_AT_K_positive": 0.0, "P_AT_K_negative": 0.0}], "P264": [{"MRR": 0.057635381879341814, "MRR_negative": 0.0, "MRR_positive": 0.0, "P_AT_1": 0.013986013986013986, "P_AT_10": 0.1445221445221445, "P_AT_K": 0.2400932400932401, "P_AT_K_positive": 0.0, "P_AT_K_negative": 0.0}], "P276": [{"MRR": 0.04399329428309567, "MRR_negative": 0.0, "MRR_positive": 0.0, "P_AT_1": 0.013569937369519834, "P_AT_10": 0.12212943632567849, "P_AT_K": 0.3883089770354906, "P_AT_K_positive": 0.0, "P_AT_K_negative": 0.0}], "P937": [{"MRR": 0.09429242015657908, "MRR_negative": 0.0, "MRR_positive": 0.0, "P_AT_1": 0.03249475890985325, "P_AT_10": 0.23060796645702306, "P_AT_K": 0.44549266247379454, "P_AT_K_positive": 0.0, "P_AT_K_negative": 0.0}], "P140": [{"MRR": 0.010803887924778615, "MRR_negative": 0.0, "MRR_positive": 0.0, "P_AT_1": 0.006342494714587738, "P_AT_10": 0.006342494714587738, "P_AT_K": 0.4164904862579281, "P_AT_K_positive": 0.0, "P_AT_K_negative": 0.0}], "P1303": [{"MRR": 0.032930461624994, "MRR_negative": 0.0, "MRR_positive": 0.0, "P_AT_1": 0.015806111696522657, "P_AT_10": 0.0737618545837724, "P_AT_K": 0.2602739726027397, "P_AT_K_positive": 0.0, "P_AT_K_negative": 0.0}], "P127": [{"MRR": 0.037193690617799494, "MRR_negative": 0.0, "MRR_positive": 0.0, "P_AT_1": 0.013100436681222707, "P_AT_10": 0.11062590975254731,