{"Google_RE": {"means": ["Mean P@1,10,k: 0.005062911709056084, 0.03546669454931593, 0.23799648924938724"], "place_of_birth": [{"MRR": 0.03271903277345899, "MRR_negative": 0.0, "MRR_positive": 0.03271903277345899, "P_AT_1": 0.014640789921688798, "P_AT_10": 0.08069458631256383, "P_AT_K": 0.264896152536602, "P_AT_K_positive": 0.264896152536602, "P_AT_K_negative": 0.0}], "date_of_birth": [{"MRR": 0.015004994206383874, "MRR_negative": 0.0, "MRR_positive": 0.015004994206383874, "P_AT_1": 0.000547945205479452, "P_AT_10": 0.019178082191780823, "P_AT_K": 0.38904109589041097, "P_AT_K_positive": 0.38904109589041097, "P_AT_K_negative": 0.0}], "place_of_death": [{"MRR": 0.004470937543930403, "MRR_negative": 0.0, "MRR_positive": 0.004470937543930403, "P_AT_1": 0.0, "P_AT_10": 0.006527415143603133, "P_AT_K": 0.06005221932114883, "P_AT_K_positive": 0.06005221932114883, "P_AT_K_negative": 0.0}]}, "TREx": {"means": ["Mean P@1,10,k: 0.024404814405524916, 0.11464789240726869, 0.34383104455209423"], "P19": [{"MRR": 0.031434328890984964, "MRR_negative": 0.0, "MRR_positive": 0.0, "P_AT_1": 0.013771186440677966, "P_AT_10": 0.08898305084745763, "P_AT_K": 0.274364406779661, "P_AT_K_positive": 0.0, "P_AT_K_negative": 0.0}], "P20": [{"MRR": 0.00919602092464616, "MRR_negative": 0.0, "MRR_positive": 0.0, "P_AT_1": 0.0031479538300104933, "P_AT_10": 0.017838405036726127, "P_AT_K": 0.11437565582371459, "P_AT_K_positive": 0.0, "P_AT_K_negative": 0.0}], "P279": [{"MRR": 0.02416124758657894, "MRR_negative": 0.0, "MRR_positive": 0.0, "P_AT_1": 0.005186721991701245, "P_AT_10": 0.06950207468879668, "P_AT_K": 0.25622406639004147, "P_AT_K_positive": 0.0, "P_AT_K_negative": 0.0}], "P37": [{"MRR": 0.01408979382875065, "MRR_negative": 0.0, "MRR_positive": 0.0, "P_AT_1": 0.003105590062111801, "P_AT_10": 0.039337474120082816, "P_AT_K": 0.19047619047619047, "P_AT_K_positive": 0.0, "P_AT_K_negative": 0.0}], "P413": [{"MRR": 0.003965954825134478, "MRR_negative": 0.0, "MRR_positive": 0.0, "P_AT_1": 0.0, "P_AT_10": 0.0, "P_AT_K": 0.08403361344537816, "P_AT_K_positive": 0.0, "P_AT_K_negative": 0.0}], "P449": [{"MRR": 0.1314194222007989, "MRR_negative": 0.0, "MRR_positive": 0.0, "P_AT_1": 0.2875, "P_AT_10": 0.6034090909090909, "P_AT_K": 0.7806818181818181, "P_AT_K_positive": 0.0, "P_AT_K_negative": 0.0}], "P47": [{"MRR": 0.04011125990422196, "MRR_negative": 0.0, "MRR_positive": 0.0, "P_AT_1": 0.009782608695652175, "P_AT_10": 0.09021739130434783, "P_AT_K": 0.35434782608695653, "P_AT_K_positive": 0.0, "P_AT_K_negative": 0.0}], "P138": [{"MRR": 0.012815251426615461, "MRR_negative": 0.0, "MRR_positive": 0.0, "P_AT_1": 0.006230529595015576, "P_AT_10": 0.03115264797507788, "P_AT_K": 0.13707165109034267, "P_AT_K_positive": 0.0, "P_AT_K_negative": 0.0}], "P364": [{"MRR": 0.01094863407477923, "MRR_negative": 0.0, "MRR_positive": 0.0, "P_AT_1": 0.0, "P_AT_10": 0.017523364485981307, "P_AT_K": 0.17990654205607476, "P_AT_K_positive": 0.0, "P_AT_K_negative": 0.0}], "P463": [{"MRR": 0.07722466579499054, "MRR_negative": 0.0, "MRR_positive": 0.0, "P_AT_1": 0.017777777777777778, "P_AT_10": 0.28, "P_AT_K": 0.6266666666666667, "P_AT_K_positive": 0.0, "P_AT_K_negative": 0.0}], "P101": [{"MRR": 0.03125622371203707, "MRR_negative": 0.0, "MRR_positive": 0.0, "P_AT_1": 0.004310344827586207, "P_AT_10": 0.08333333333333333, "P_AT_K": 0.3577586206896552, "P_AT_K_positive": 0.0, "P_AT_K_negative": 0.0}], "P106": [{"MRR": 0.031188810628239343, "MRR_negative": 0.0, "MRR_positive": 0.0, "P_AT_1": 0.007306889352818371, "P_AT_10": 0.04801670146137787, "P_AT_K": 0.3893528183716075, "P_AT_K_positive": 0.0, "P_AT_K_negative": 0.0}], "P527": [{"MRR": 0.028495624632180926, "MRR_negative": 0.0, "MRR_positive": 0.0, "P_AT_1": 0.007172131147540984, "P_AT_10": 0.07172131147540983, "P_AT_K": 0.29815573770491804, "P_AT_K_positive": 0.0, "P_AT_K_negative": 0.0}], "P530": [{"MRR": 0.057340168189698115, "MRR_negative": 0.0, "MRR_positive": 0.0, "P_AT_1": 0.010040160642570281, "P_AT_10": 0.13654618473895583, "P_AT_K": 0.6887550200803213, "P_AT_K_positive": 0.0, "P_AT_K_negative": 0.0}], "P176": [{"MRR": 0.03603025194831178, "MRR_negative": 0.0, "MRR_positive": 0.0, "P_AT_1": 0.024665981500513873, "P_AT_10": 0.08941418293936279, "P_AT_K": 0.30421377183967113, "P_AT_K_positive": 0.0, "P_AT_K_negative": 0.0}], "P27": [{"MRR": 7.94711336296557e-05, "MRR_negative": 0.0, "MRR_positive": 0.0, "P_AT_1": 0.0, "P_AT_10": 0.0, "P_AT_K": 0.0010351966873706005, "P_AT_K_positive": 0.0, "P_AT_K_negative": 0.0}], "P407": [{"MRR": 0.04300860483017884, "MRR_negative": 0.0, "MRR_positive": 0.0, "P_AT_1": 0.02508551881413911, "P_AT_10": 0.12086659064994298, "P_AT_K": 0.39110604332953247, "P_AT_K_positive": 0.0, "P_AT_K_negative": 0.0}], "P30": [{"MRR": 0.06602541922461368, "MRR_negative": 0.0, "MRR_positive": 0.0, "P_AT_1": 0.006153846153846154, "P_AT_10": 0.14666666666666667, "P_AT_K": 0.6625641025641026, "P_AT_K_positive": 0.0, "P_AT_K_negative": 0.0}], "P178": [{"MRR": 0.1065811854840031, "MRR_negative": 0.0, "MRR_positive": 0.0, "P_AT_1": 0.2098138747884941, "P_AT_10": 0.43147208121827413, "P_AT_K": 0.626057529610829, "P_AT_K_positive": 0.0, "P_AT_K_negative": 0.0}], "P1376": [{"MRR": 0.05777752442001501, "MRR_negative": 0.0, "MRR_positive": 0.0, "P_AT_1": 0.017167381974248927, "P_AT_10": 0.1459227467811159, "P_AT_K": 0.44635193133047213, "P_AT_K_positive": 0.0, "P_AT_K_negative": 0.0}], "P131": [{"MRR": 0.06569387601401219, "MRR_negative": 0.0, "MRR_positive": 0.0, "P_AT_1": 0.03064699205448354, "P_AT_10": 0.19182746878547105, "P_AT_K": 0.547105561861521, "P_AT_K_positive": 0.0, "P_AT_K_negative": 0.0}], "P1412": [{"MRR": 0.08759837648406674, "MRR_negative": 0.0, "MRR_positive": 0.0, "P_AT_1": 0.0196078431372549, "P_AT_10": 0.2435500515995872, "P_AT_K": 0.6233230134158927, "P_AT_K_positive": 0.0, "P_AT_K_negative": 0.0}], "P108": [{"MRR": 0.0032652186967564783, "MRR_negative": 0.0, "MRR_positive": 0.0, "P_AT_1": 0.0, "P_AT_10": 0.0026109660574412533, "P_AT_K": 0.07049608355091384, "P_AT_K_positive": 0.0, "P_AT_K_negative": 0.0}], "P136": [{"MRR": 0.02470906969386106, "MRR_negative": 0.0, "MRR_positive": 0.0, "P_AT_1": 0.0, "P_AT_10": 0.04618689581095596, "P_AT_K": 0.5155746509129968, "P_AT_K_positive": 0.0, "P_AT_K_negative": 0.0}], "P17": [{"MRR": 0.09404883185721884, "MRR_negative": 0.0, "MRR_positive": 0.0, "P_AT_1": 0.034408602150537634, "P_AT_10": 0.25161290322580643, "P_AT_K": 0.6602150537634408, "P_AT_K_positive": 0.0, "P_AT_K_negative": 0.0}], "P39": [{"MRR": 0.03966630464139852, "MRR_negative": 0.0, "MRR_positive": 0.0, "P_AT_1": 0.004484304932735426, "P_AT_10": 0.10650224215246637, "P_AT_K": 0.5358744394618834, "P_AT_K_positive": 0.0, "P_AT_K_negative": 0.0}], "P264": [{"MRR": 0.005258688984503875, "MRR_negative": 0.0, "MRR_positive": 0.0, "P_AT_1": 0.0, "P_AT_10": 0.013986013986013986, "P_AT_K": 0.0979020979020979, "P_AT_K_positive": 0.0, "P_AT_K_negative": 0.0}], "P276": [{"MRR": 0.03974004436888728, "MRR_negative": 0.0, "MRR_positive": 0.0, "P_AT_1": 0.013569937369519834, "P_AT_10": 0.10960334029227557, "P_AT_K": 0.3778705636743215, "P_AT_K_positive": 0.0, "P_AT_K_negative": 0.0}], "P937": [{"MRR": 0.06964867312336018, "MRR_negative": 0.0, "MRR_positive": 0.0, "P_AT_1": 0.03039832285115304, "P_AT_10": 0.1761006289308176, "P_AT_K": 0.4161425576519916, "P_AT_K_positive": 0.0, "P_AT_K_negative": 0.0}], "P140": [{"MRR": 0.006811250512459314, "MRR_negative": 0.0, "MRR_positive": 0.0, "P_AT_1": 0.0, "P_AT_10": 0.006342494714587738, "P_AT_K": 0.11627906976744186, "P_AT_K_positive": 0.0, "P_AT_K_negative": 0.0}], "P1303": [{"MRR": 0.020359095512692334, "MRR_negative": 0.0, "MRR_positive": 0.0, "P_AT_1": 0.005268703898840885, "P_AT_10": 0.0547945205479452, "P_AT_K": 0.20337197049525815, "P_AT_K_positive": 0.0, "P_AT_K_negative": 0.0}], "P127": [{"MRR": 0.042158522131888525, "MRR_negative": 0.0, "MRR_positive": 0.0, "P_AT_1": 0.008733624454148471, "P_AT_10": 0.12081513828238719, "P_AT_K": 0.3799126637554585, "P_AT_K_positive": 0.0, "P_AT_K_negative": 0.0}],