{"Google_RE": {"means": ["Mean P@1,10,k: 0.006271468676860843, 0.0676749503197219, 0.29897660699390843"], "place_of_birth": [{"MRR": 0.05585702910424949, "MRR_negative": 0.0, "MRR_positive": 0.05585702910424949, "P_AT_1": 0.006469186244467144, "P_AT_10": 0.1195097037793667, "P_AT_K": 0.30575417092271023, "P_AT_K_positive": 0.30575417092271023, "P_AT_K_negative": 0.0}], "date_of_birth": [{"MRR": 0.02786128476104666, "MRR_negative": 0.0, "MRR_positive": 0.02786128476104666, "P_AT_1": 0.007123287671232876, "P_AT_10": 0.0547945205479452, "P_AT_K": 0.4789041095890411, "P_AT_K_positive": 0.4789041095890411, "P_AT_K_negative": 0.0}], "place_of_death": [{"MRR": 0.009423517280463506, "MRR_negative": 0.0, "MRR_positive": 0.009423517280463506, "P_AT_1": 0.005221932114882507, "P_AT_10": 0.028720626631853787, "P_AT_K": 0.1122715404699739, "P_AT_K_positive": 0.1122715404699739, "P_AT_K_negative": 0.0}]}, "TREx": {"means": ["Mean P@1,10,k: 0.022752484254381485, 0.11417333623337785, 0.337376404505709"], "P19": [{"MRR": 0.048472509872100375, "MRR_negative": 0.0, "MRR_positive": 0.0, "P_AT_1": 0.005296610169491525, "P_AT_10": 0.11970338983050847, "P_AT_K": 0.3125, "P_AT_K_positive": 0.0, "P_AT_K_negative": 0.0}], "P20": [{"MRR": 0.02323515075277152, "MRR_negative": 0.0, "MRR_positive": 0.0, "P_AT_1": 0.017838405036726127, "P_AT_10": 0.06400839454354669, "P_AT_K": 0.2161594963273872, "P_AT_K_positive": 0.0, "P_AT_K_negative": 0.0}], "P279": [{"MRR": 0.04643000924657567, "MRR_negative": 0.0, "MRR_positive": 0.0, "P_AT_1": 0.0031120331950207467, "P_AT_10": 0.10995850622406639, "P_AT_K": 0.27074688796680496, "P_AT_K_positive": 0.0, "P_AT_K_negative": 0.0}], "P37": [{"MRR": 0.025884647669717254, "MRR_negative": 0.0, "MRR_positive": 0.0, "P_AT_1": 0.0, "P_AT_10": 0.08074534161490683, "P_AT_K": 0.2070393374741201, "P_AT_K_positive": 0.0, "P_AT_K_negative": 0.0}], "P413": [{"MRR": 0.0019957910291433243, "MRR_negative": 0.0, "MRR_positive": 0.0, "P_AT_1": 0.0, "P_AT_10": 0.0, "P_AT_K": 0.01995798319327731, "P_AT_K_positive": 0.0, "P_AT_K_negative": 0.0}], "P449": [{"MRR": 0.06968593403662089, "MRR_negative": 0.0, "MRR_positive": 0.0, "P_AT_1": 0.31136363636363634, "P_AT_10": 0.5522727272727272, "P_AT_K": 0.8045454545454546, "P_AT_K_positive": 0.0, "P_AT_K_negative": 0.0}], "P47": [{"MRR": 0.03423243216484315, "MRR_negative": 0.0, "MRR_positive": 0.0, "P_AT_1": 0.005434782608695652, "P_AT_10": 0.07065217391304347, "P_AT_K": 0.3076086956521739, "P_AT_K_positive": 0.0, "P_AT_K_negative": 0.0}], "P138": [{"MRR": 0.012591895925706528, "MRR_negative": 0.0, "MRR_positive": 0.0, "P_AT_1": 0.001557632398753894, "P_AT_10": 0.0264797507788162, "P_AT_K": 0.12149532710280374, "P_AT_K_positive": 0.0, "P_AT_K_negative": 0.0}], "P364": [{"MRR": 0.021089732082358724, "MRR_negative": 0.0, "MRR_positive": 0.0, "P_AT_1": 0.002336448598130841, "P_AT_10": 0.054906542056074766, "P_AT_K": 0.26401869158878505, "P_AT_K_positive": 0.0, "P_AT_K_negative": 0.0}], "P463": [{"MRR": 0.0897642166846654, "MRR_negative": 0.0, "MRR_positive": 0.0, "P_AT_1": 0.0, "P_AT_10": 0.29777777777777775, "P_AT_K": 0.6, "P_AT_K_positive": 0.0, "P_AT_K_negative": 0.0}], "P101": [{"MRR": 0.059469779410312486, "MRR_negative": 0.0, "MRR_positive": 0.0, "P_AT_1": 0.008620689655172414, "P_AT_10": 0.1278735632183908, "P_AT_K": 0.4698275862068966, "P_AT_K_positive": 0.0, "P_AT_K_negative": 0.0}], "P106": [{"MRR": 0.01937831332820293, "MRR_negative": 0.0, "MRR_positive": 0.0, "P_AT_1": 0.0010438413361169101, "P_AT_10": 0.04384133611691023, "P_AT_K": 0.33298538622129437, "P_AT_K_positive": 0.0, "P_AT_K_negative": 0.0}], "P527": [{"MRR": 0.0359591202288757, "MRR_negative": 0.0, "MRR_positive": 0.0, "P_AT_1": 0.017418032786885244, "P_AT_10": 0.1014344262295082, "P_AT_K": 0.35655737704918034, "P_AT_K_positive": 0.0, "P_AT_K_negative": 0.0}], "P530": [{"MRR": 0.07923221324351698, "MRR_negative": 0.0, "MRR_positive": 0.0, "P_AT_1": 0.01706827309236948, "P_AT_10": 0.24899598393574296, "P_AT_K": 0.7108433734939759, "P_AT_K_positive": 0.0, "P_AT_K_negative": 0.0}], "P176": [{"MRR": 0.026664244317936795, "MRR_negative": 0.0, "MRR_positive": 0.0, "P_AT_1": 0.012332990750256937, "P_AT_10": 0.05960945529290853, "P_AT_K": 0.22918807810894143, "P_AT_K_positive": 0.0, "P_AT_K_negative": 0.0}], "P27": [{"MRR": 0.0002571526432963586, "MRR_negative": 0.0, "MRR_positive": 0.0, "P_AT_1": 0.0, "P_AT_10": 0.0, "P_AT_K": 0.005175983436853002, "P_AT_K_positive": 0.0, "P_AT_K_negative": 0.0}], "P407": [{"MRR": 0.01993763269771529, "MRR_negative": 0.0, "MRR_positive": 0.0, "P_AT_1": 0.005701254275940707, "P_AT_10": 0.04218928164196123, "P_AT_K": 0.30216647662485746, "P_AT_K_positive": 0.0, "P_AT_K_negative": 0.0}], "P30": [{"MRR": 0.0384292054630581, "MRR_negative": 0.0, "MRR_positive": 0.0, "P_AT_1": 0.003076923076923077, "P_AT_10": 0.09025641025641026, "P_AT_K": 0.4707692307692308, "P_AT_K_positive": 0.0, "P_AT_K_negative": 0.0}], "P178": [{"MRR": 0.1304343901984008, "MRR_negative": 0.0, "MRR_positive": 0.0, "P_AT_1": 0.15228426395939088, "P_AT_10": 0.38578680203045684, "P_AT_K": 0.5702199661590525, "P_AT_K_positive": 0.0, "P_AT_K_negative": 0.0}], "P1376": [{"MRR": 0.04284076966283427, "MRR_negative": 0.0, "MRR_positive": 0.0, "P_AT_1": 0.017167381974248927, "P_AT_10": 0.11158798283261803, "P_AT_K": 0.3776824034334764, "P_AT_K_positive": 0.0, "P_AT_K_negative": 0.0}], "P131": [{"MRR": 0.0671271530365102, "MRR_negative": 0.0, "MRR_positive": 0.0, "P_AT_1": 0.021566401816118047, "P_AT_10": 0.16458569807037457, "P_AT_K": 0.5312145289443814, "P_AT_K_positive": 0.0, "P_AT_K_negative": 0.0}], "P1412": [{"MRR": 0.04224137873847155, "MRR_negative": 0.0, "MRR_positive": 0.0, "P_AT_1": 0.0030959752321981426, "P_AT_10": 0.11248710010319918, "P_AT_K": 0.5314757481940144, "P_AT_K_positive": 0.0, "P_AT_K_negative": 0.0}], "P108": [{"MRR": 0.004322290042730712, "MRR_negative": 0.0, "MRR_positive": 0.0, "P_AT_1": 0.0, "P_AT_10": 0.0026109660574412533, "P_AT_K": 0.0391644908616188, "P_AT_K_positive": 0.0, "P_AT_K_negative": 0.0}], "P136": [{"MRR": 0.019358092556829968, "MRR_negative": 0.0, "MRR_positive": 0.0, "P_AT_1": 0.0, "P_AT_10": 0.02577873254564984, "P_AT_K": 0.48442534908700324, "P_AT_K_positive": 0.0, "P_AT_K_negative": 0.0}], "P17": [{"MRR": 0.09126430269537161, "MRR_negative": 0.0, "MRR_positive": 0.0, "P_AT_1": 0.07741935483870968, "P_AT_10": 0.2913978494623656, "P_AT_K": 0.7311827956989247, "P_AT_K_positive": 0.0, "P_AT_K_negative": 0.0}], "P39": [{"MRR": 0.04616578395716134, "MRR_negative": 0.0, "MRR_positive": 0.0, "P_AT_1": 0.011210762331838564, "P_AT_10": 0.1132286995515695, "P_AT_K": 0.5033632286995515, "P_AT_K_positive": 0.0, "P_AT_K_negative": 0.0}], "P264": [{"MRR": 0.003343983181575917, "MRR_negative": 0.0, "MRR_positive": 0.0, "P_AT_1": 0.0, "P_AT_10": 0.002331002331002331, "P_AT_K": 0.07925407925407925, "P_AT_K_positive": 0.0, "P_AT_K_negative": 0.0}], "P276": [{"MRR": 0.03531268115951671, "MRR_negative": 0.0, "MRR_positive": 0.0, "P_AT_1": 0.005219206680584551, "P_AT_10": 0.08768267223382047, "P_AT_K": 0.3288100208768267, "P_AT_K_positive": 0.0, "P_AT_K_negative": 0.0}], "P937": [{"MRR": 0.0556269712859088, "MRR_negative": 0.0, "MRR_positive": 0.0, "P_AT_1": 0.012578616352201259, "P_AT_10": 0.14675052410901468, "P_AT_K": 0.3312368972746331, "P_AT_K_positive": 0.0, "P_AT_K_negative": 0.0}], "P140": [{"MRR": 0.0035461185961064073, "MRR_negative": 0.0, "MRR_positive": 0.0, "P_AT_1": 0.004228329809725159, "P_AT_10": 0.006342494714587738, "P_AT_K": 0.0507399577167019, "P_AT_K_positive": 0.0, "P_AT_K_negative": 0.0}], "P1303": [{"MRR": 0.038485541741408336, "MRR_negative": 0.0, "MRR_positive": 0.0, "P_AT_1": 0.012644889357218124, "P_AT_10": 0.09799789251844046, "P_AT_K": 0.2992623814541623, "P_AT_K_positive": 0.0, "P_AT_K_negative": 0.0}], "P127": [{"MRR": 0.04628872468439113, "MRR_negative": 0.0, "MRR_positive": 0.0, "P_AT_1": 0.002911208151382824, "P_AT_10": 0.12954876273653565, "P_AT_K": 0.37700145560407566, "P_AT_K_positive": 0.0,