{"Google_RE": {"means": ["Mean P@1,10,k: 0.025828147056245504, 0.14915974596441703, 0.5206486473259689"], "place_of_birth": [{"MRR": 0.0665155498275944, "MRR_negative": 0.0, "MRR_positive": 0.0665155498275944, "P_AT_1": 0.026217228464419477, "P_AT_10": 0.18386108273748722, "P_AT_K": 0.5430711610486891, "P_AT_K_positive": 0.5430711610486891, "P_AT_K_negative": 0.0}], "date_of_birth": [{"MRR": 0.05743342128572696, "MRR_negative": 0.0, "MRR_positive": 0.05743342128572696, "P_AT_1": 0.01863013698630137, "P_AT_10": 0.136986301369863, "P_AT_K": 0.7238356164383561, "P_AT_K_positive": 0.7238356164383561, "P_AT_K_negative": 0.0}], "place_of_death": [{"MRR": 0.0444297444050503, "MRR_negative": 0.0, "MRR_positive": 0.0444297444050503, "P_AT_1": 0.03263707571801567, "P_AT_10": 0.12663185378590078, "P_AT_K": 0.2950391644908616, "P_AT_K_positive": 0.2950391644908616, "P_AT_K_negative": 0.0}]}, "TREx": {"means": ["Mean P@1,10,k: 0.05191226990080666, 0.21542786921739265, 0.5666116400278044"], "P19": [{"MRR": 0.08178786601787695, "MRR_negative": 0.0, "MRR_positive": 0.0, "P_AT_1": 0.03389830508474576, "P_AT_10": 0.2245762711864407, "P_AT_K": 0.6101694915254238, "P_AT_K_positive": 0.0, "P_AT_K_negative": 0.0}], "P20": [{"MRR": 0.08678402922896171, "MRR_negative": 0.0, "MRR_positive": 0.0, "P_AT_1": 0.09758656873032528, "P_AT_10": 0.28436516264428124, "P_AT_K": 0.5498426023084995, "P_AT_K_positive": 0.0, "P_AT_K_negative": 0.0}], "P279": [{"MRR": 0.14865997868041908, "MRR_negative": 0.0, "MRR_positive": 0.0, "P_AT_1": 0.016597510373443983, "P_AT_10": 0.25933609958506226, "P_AT_K": 0.4574688796680498, "P_AT_K_positive": 0.0, "P_AT_K_negative": 0.0}], "P37": [{"MRR": 0.04392422470294724, "MRR_negative": 0.0, "MRR_positive": 0.0, "P_AT_1": 0.004140786749482402, "P_AT_10": 0.11594202898550725, "P_AT_K": 0.7153209109730849, "P_AT_K_positive": 0.0, "P_AT_K_negative": 0.0}], "P413": [{"MRR": 0.1130633844398567, "MRR_negative": 0.0, "MRR_positive": 0.0, "P_AT_1": 0.03466386554621849, "P_AT_10": 0.2762605042016807, "P_AT_K": 0.6554621848739496, "P_AT_K_positive": 0.0, "P_AT_K_negative": 0.0}], "P449": [{"MRR": 0.19084606532922083, "MRR_negative": 0.0, "MRR_positive": 0.0, "P_AT_1": 0.19204545454545455, "P_AT_10": 0.6454545454545455, "P_AT_K": 0.8590909090909091, "P_AT_K_positive": 0.0, "P_AT_K_negative": 0.0}], "P47": [{"MRR": 0.08042480041403584, "MRR_negative": 0.0, "MRR_positive": 0.0, "P_AT_1": 0.03260869565217391, "P_AT_10": 0.22608695652173913, "P_AT_K": 0.5782608695652174, "P_AT_K_positive": 0.0, "P_AT_K_negative": 0.0}], "P138": [{"MRR": 0.0076303934751127175, "MRR_negative": 0.0, "MRR_positive": 0.0, "P_AT_1": 0.001557632398753894, "P_AT_10": 0.012461059190031152, "P_AT_K": 0.102803738317757, "P_AT_K_positive": 0.0, "P_AT_K_negative": 0.0}], "P364": [{"MRR": 0.03936578412318649, "MRR_negative": 0.0, "MRR_positive": 0.0, "P_AT_1": 0.002336448598130841, "P_AT_10": 0.09345794392523364, "P_AT_K": 0.572429906542056, "P_AT_K_positive": 0.0, "P_AT_K_negative": 0.0}], "P463": [{"MRR": 0.1953300401181867, "MRR_negative": 0.0, "MRR_positive": 0.0, "P_AT_1": 0.4, "P_AT_10": 0.7155555555555555, "P_AT_K": 0.7688888888888888, "P_AT_K_positive": 0.0, "P_AT_K_negative": 0.0}], "P101": [{"MRR": 0.10361374003411475, "MRR_negative": 0.0, "MRR_positive": 0.0, "P_AT_1": 0.04310344827586207, "P_AT_10": 0.27586206896551724, "P_AT_K": 0.6235632183908046, "P_AT_K_positive": 0.0, "P_AT_K_negative": 0.0}], "P106": [{"MRR": 0.030140141144212138, "MRR_negative": 0.0, "MRR_positive": 0.0, "P_AT_1": 0.0, "P_AT_10": 0.06367432150313153, "P_AT_K": 0.5073068893528184, "P_AT_K_positive": 0.0, "P_AT_K_negative": 0.0}], "P527": [{"MRR": 0.06649403633587692, "MRR_negative": 0.0, "MRR_positive": 0.0, "P_AT_1": 0.02151639344262295, "P_AT_10": 0.19364754098360656, "P_AT_K": 0.5122950819672131, "P_AT_K_positive": 0.0, "P_AT_K_negative": 0.0}], "P530": [{"MRR": 0.05393124365153231, "MRR_negative": 0.0, "MRR_positive": 0.0, "P_AT_1": 0.009036144578313253, "P_AT_10": 0.10943775100401607, "P_AT_K": 0.8142570281124498, "P_AT_K_positive": 0.0, "P_AT_K_negative": 0.0}], "P176": [{"MRR": 0.09734672292884293, "MRR_negative": 0.0, "MRR_positive": 0.0, "P_AT_1": 0.07810894141829394, "P_AT_10": 0.3103802672147996, "P_AT_K": 0.5806783144912642, "P_AT_K_positive": 0.0, "P_AT_K_negative": 0.0}], "P27": [{"MRR": 0.002975968303398401, "MRR_negative": 0.0, "MRR_positive": 0.0, "P_AT_1": 0.0, "P_AT_10": 0.0, "P_AT_K": 0.046583850931677016, "P_AT_K_positive": 0.0, "P_AT_K_negative": 0.0}], "P407": [{"MRR": 0.17570752351677377, "MRR_negative": 0.0, "MRR_positive": 0.0, "P_AT_1": 0.11288483466362599, "P_AT_10": 0.49942987457240595, "P_AT_K": 0.8278221208665907, "P_AT_K_positive": 0.0, "P_AT_K_negative": 0.0}], "P30": [{"MRR": 0.04511128517163837, "MRR_negative": 0.0, "MRR_positive": 0.0, "P_AT_1": 0.0041025641025641026, "P_AT_10": 0.12205128205128205, "P_AT_K": 0.5015384615384615, "P_AT_K_positive": 0.0, "P_AT_K_negative": 0.0}], "P178": [{"MRR": 0.22125259040766407, "MRR_negative": 0.0, "MRR_positive": 0.0, "P_AT_1": 0.1996615905245347, "P_AT_10": 0.5431472081218274, "P_AT_K": 0.7901861252115059, "P_AT_K_positive": 0.0, "P_AT_K_negative": 0.0}], "P1376": [{"MRR": 0.11068757325521697, "MRR_negative": 0.0, "MRR_positive": 0.0, "P_AT_1": 0.04721030042918455, "P_AT_10": 0.2875536480686695, "P_AT_K": 0.6652360515021459, "P_AT_K_positive": 0.0, "P_AT_K_negative": 0.0}], "P131": [{"MRR": 0.07911403899079057, "MRR_negative": 0.0, "MRR_positive": 0.0, "P_AT_1": 0.014755959137343927, "P_AT_10": 0.17253121452894438, "P_AT_K": 0.6492622020431328, "P_AT_K_positive": 0.0, "P_AT_K_negative": 0.0}], "P1412": [{"MRR": 0.05412578832832003, "MRR_negative": 0.0, "MRR_positive": 0.0, "P_AT_1": 0.006191950464396285, "P_AT_10": 0.14963880288957687, "P_AT_K": 0.717234262125903, "P_AT_K_positive": 0.0, "P_AT_K_negative": 0.0}], "P108": [{"MRR": 0.021393968625366834, "MRR_negative": 0.0, "MRR_positive": 0.0, "P_AT_1": 0.013054830287206266, "P_AT_10": 0.05221932114882506, "P_AT_K": 0.2845953002610966, "P_AT_K_positive": 0.0, "P_AT_K_negative": 0.0}], "P136": [{"MRR": 0.02264817035060263, "MRR_negative": 0.0, "MRR_positive": 0.0, "P_AT_1": 0.0, "P_AT_10": 0.02577873254564984, "P_AT_K": 0.640171858216971, "P_AT_K_positive": 0.0, "P_AT_K_negative": 0.0}], "P17": [{"MRR": 0.06489033524282384, "MRR_negative": 0.0, "MRR_positive": 0.0, "P_AT_1": 0.011827956989247311, "P_AT_10": 0.16344086021505377, "P_AT_K": 0.6419354838709678, "P_AT_K_positive": 0.0, "P_AT_K_negative": 0.0}], "P39": [{"MRR": 0.1972350918608814, "MRR_negative": 0.0, "MRR_positive": 0.0, "P_AT_1": 0.08520179372197309, "P_AT_10": 0.5369955156950673, "P_AT_K": 0.9304932735426009, "P_AT_K_positive": 0.0, "P_AT_K_negative": 0.0}], "P264": [{"MRR": 0.0210904067486879, "MRR_negative": 0.0, "MRR_positive": 0.0, "P_AT_1": 0.19347319347319347, "P_AT_10": 0.22843822843822845, "P_AT_K": 0.37995337995337997, "P_AT_K_positive": 0.0, "P_AT_K_negative": 0.0}], "P276": [{"MRR": 0.06491147679896594, "MRR_negative": 0.0, "MRR_positive": 0.0, "P_AT_1": 0.011482254697286013, "P_AT_10": 0.15762004175365343, "P_AT_K": 0.558455114822547, "P_AT_K_positive": 0.0, "P_AT_K_negative": 0.0}], "P937": [{"MRR": 0.0556541649093574, "MRR_negative": 0.0, "MRR_positive": 0.0, "P_AT_1": 0.09538784067085954, "P_AT_10": 0.18029350104821804, "P_AT_K": 0.48532494758909855, "P_AT_K_positive": 0.0, "P_AT_K_negative": 0.0}], "P140": [{"MRR": 0.011152172744226703, "MRR_negative": 0.0, "MRR_positive": 0.0, "P_AT_1": 0.004228329809725159, "P_AT_10": 0.008456659619450317, "P_AT_K": 0.26215644820295986, "P_AT_K_positive": 0.0, "P_AT_K_negative": 0.0}], "P1303": [{"MRR": 0.14965887731937627, "MRR_negative": 0.0, "MRR_positive": 0.0, "P_AT_1": 0.03582718651211802, "P_AT_10": 0.38777660695468913, "P_AT_K": 0.8018967334035827, "P_AT_K_positive": 0.0, "P_AT_K_negative": 0.0}], "P127": [{"MRR": 0.046955260942162555, "MRR_negative": 0.0, "MRR_positive": 0.0, "P_AT_1": 0.01601164483260553, "P_AT_10": 0.14410480349344978,