{"Google_RE": {"means": ["Mean P@1,10,k: 0.014776731557354547, 0.08765917272161768, 0.4061795550628517"], "place_of_birth": [{"MRR": 0.05261163638613792, "MRR_negative": 0.0, "MRR_positive": 0.05261163638613792, "P_AT_1": 0.025876744977868574, "P_AT_10": 0.12223357167177391, "P_AT_K": 0.4334354783792986, "P_AT_K_positive": 0.4334354783792986, "P_AT_K_negative": 0.0}], "date_of_birth": [{"MRR": 0.043042874088884894, "MRR_negative": 0.0, "MRR_positive": 0.043042874088884894, "P_AT_1": 0.009315068493150684, "P_AT_10": 0.10027397260273972, "P_AT_K": 0.6219178082191781, "P_AT_K_positive": 0.6219178082191781, "P_AT_K_negative": 0.0}], "place_of_death": [{"MRR": 0.018175209606714326, "MRR_negative": 0.0, "MRR_positive": 0.018175209606714326, "P_AT_1": 0.009138381201044387, "P_AT_10": 0.04046997389033943, "P_AT_K": 0.16318537859007834, "P_AT_K_positive": 0.16318537859007834, "P_AT_K_negative": 0.0}]}, "TREx": {"means": ["Mean P@1,10,k: 0.027840691951450957, 0.14900559868532595, 0.45751726332664716"], "P19": [{"MRR": 0.05225647935155605, "MRR_negative": 0.0, "MRR_positive": 0.0, "P_AT_1": 0.026483050847457626, "P_AT_10": 0.1228813559322034, "P_AT_K": 0.4766949152542373, "P_AT_K_positive": 0.0, "P_AT_K_negative": 0.0}], "P20": [{"MRR": 0.031530908919494435, "MRR_negative": 0.0, "MRR_positive": 0.0, "P_AT_1": 0.03777544596012592, "P_AT_10": 0.09548793284365163, "P_AT_K": 0.3095487932843652, "P_AT_K_positive": 0.0, "P_AT_K_negative": 0.0}], "P279": [{"MRR": 0.11028832727814782, "MRR_negative": 0.0, "MRR_positive": 0.0, "P_AT_1": 0.021784232365145227, "P_AT_10": 0.22095435684647302, "P_AT_K": 0.40352697095435686, "P_AT_K_positive": 0.0, "P_AT_K_negative": 0.0}], "P37": [{"MRR": 0.06827355209444645, "MRR_negative": 0.0, "MRR_positive": 0.0, "P_AT_1": 0.007246376811594203, "P_AT_10": 0.16459627329192547, "P_AT_K": 0.45134575569358176, "P_AT_K_positive": 0.0, "P_AT_K_negative": 0.0}], "P413": [{"MRR": 0.011905650281789878, "MRR_negative": 0.0, "MRR_positive": 0.0, "P_AT_1": 0.0, "P_AT_10": 0.008403361344537815, "P_AT_K": 0.35294117647058826, "P_AT_K_positive": 0.0, "P_AT_K_negative": 0.0}], "P449": [{"MRR": 0.14439844674550817, "MRR_negative": 0.0, "MRR_positive": 0.0, "P_AT_1": 0.2840909090909091, "P_AT_10": 0.678409090909091, "P_AT_K": 0.8386363636363636, "P_AT_K_positive": 0.0, "P_AT_K_negative": 0.0}], "P47": [{"MRR": 0.024921780336770158, "MRR_negative": 0.0, "MRR_positive": 0.0, "P_AT_1": 0.002173913043478261, "P_AT_10": 0.04673913043478261, "P_AT_K": 0.3532608695652174, "P_AT_K_positive": 0.0, "P_AT_K_negative": 0.0}], "P138": [{"MRR": 0.0052485147988715515, "MRR_negative": 0.0, "MRR_positive": 0.0, "P_AT_1": 0.001557632398753894, "P_AT_10": 0.014018691588785047, "P_AT_K": 0.08411214953271028, "P_AT_K_positive": 0.0, "P_AT_K_negative": 0.0}], "P364": [{"MRR": 0.08084635921491458, "MRR_negative": 0.0, "MRR_positive": 0.0, "P_AT_1": 0.011682242990654205, "P_AT_10": 0.21261682242990654, "P_AT_K": 0.4766355140186916, "P_AT_K_positive": 0.0, "P_AT_K_negative": 0.0}], "P463": [{"MRR": 0.2584968218195359, "MRR_negative": 0.0, "MRR_positive": 0.0, "P_AT_1": 0.14222222222222222, "P_AT_10": 0.6577777777777778, "P_AT_K": 0.7644444444444445, "P_AT_K_positive": 0.0, "P_AT_K_negative": 0.0}], "P101": [{"MRR": 0.05608146748600707, "MRR_negative": 0.0, "MRR_positive": 0.0, "P_AT_1": 0.015804597701149427, "P_AT_10": 0.14511494252873564, "P_AT_K": 0.6077586206896551, "P_AT_K_positive": 0.0, "P_AT_K_negative": 0.0}], "P106": [{"MRR": 0.05122899064387693, "MRR_negative": 0.0, "MRR_positive": 0.0, "P_AT_1": 0.016701461377870562, "P_AT_10": 0.11064718162839249, "P_AT_K": 0.7682672233820459, "P_AT_K_positive": 0.0, "P_AT_K_negative": 0.0}], "P527": [{"MRR": 0.038876026426368025, "MRR_negative": 0.0, "MRR_positive": 0.0, "P_AT_1": 0.015368852459016393, "P_AT_10": 0.10040983606557377, "P_AT_K": 0.4364754098360656, "P_AT_K_positive": 0.0, "P_AT_K_negative": 0.0}], "P530": [{"MRR": 0.05400388276648787, "MRR_negative": 0.0, "MRR_positive": 0.0, "P_AT_1": 0.009036144578313253, "P_AT_10": 0.1285140562248996, "P_AT_K": 0.7841365461847389, "P_AT_K_positive": 0.0, "P_AT_K_negative": 0.0}], "P176": [{"MRR": 0.027159801728477394, "MRR_negative": 0.0, "MRR_positive": 0.0, "P_AT_1": 0.003083247687564234, "P_AT_10": 0.06680369989722508, "P_AT_K": 0.3484069886947585, "P_AT_K_positive": 0.0, "P_AT_K_negative": 0.0}], "P27": [{"MRR": 0.004245258491002548, "MRR_negative": 0.0, "MRR_positive": 0.0, "P_AT_1": 0.0, "P_AT_10": 0.0, "P_AT_K": 0.09213250517598344, "P_AT_K_positive": 0.0, "P_AT_K_negative": 0.0}], "P407": [{"MRR": 0.10703007226562058, "MRR_negative": 0.0, "MRR_positive": 0.0, "P_AT_1": 0.04218928164196123, "P_AT_10": 0.3124287343215507, "P_AT_K": 0.6351197263397947, "P_AT_K_positive": 0.0, "P_AT_K_negative": 0.0}], "P30": [{"MRR": 0.022359501941529584, "MRR_negative": 0.0, "MRR_positive": 0.0, "P_AT_1": 0.0020512820512820513, "P_AT_10": 0.043076923076923075, "P_AT_K": 0.3251282051282051, "P_AT_K_positive": 0.0, "P_AT_K_negative": 0.0}], "P178": [{"MRR": 0.19405239461351984, "MRR_negative": 0.0, "MRR_positive": 0.0, "P_AT_1": 0.043993231810490696, "P_AT_10": 0.43993231810490696, "P_AT_K": 0.6666666666666666, "P_AT_K_positive": 0.0, "P_AT_K_negative": 0.0}], "P1376": [{"MRR": 0.03101875743603218, "MRR_negative": 0.0, "MRR_positive": 0.0, "P_AT_1": 0.02145922746781116, "P_AT_10": 0.11158798283261803, "P_AT_K": 0.3905579399141631, "P_AT_K_positive": 0.0, "P_AT_K_negative": 0.0}], "P131": [{"MRR": 0.04710939414347817, "MRR_negative": 0.0, "MRR_positive": 0.0, "P_AT_1": 0.01021566401816118, "P_AT_10": 0.11691259931895573, "P_AT_K": 0.47559591373439275, "P_AT_K_positive": 0.0, "P_AT_K_negative": 0.0}], "P1412": [{"MRR": 0.03067564183564288, "MRR_negative": 0.0, "MRR_positive": 0.0, "P_AT_1": 0.0, "P_AT_10": 0.054695562435500514, "P_AT_K": 0.5913312693498453, "P_AT_K_positive": 0.0, "P_AT_K_negative": 0.0}], "P108": [{"MRR": 0.0063722517847371925, "MRR_negative": 0.0, "MRR_positive": 0.0, "P_AT_1": 0.005221932114882507, "P_AT_10": 0.005221932114882507, "P_AT_K": 0.18798955613577023, "P_AT_K_positive": 0.0, "P_AT_K_negative": 0.0}], "P136": [{"MRR": 0.04787657753930311, "MRR_negative": 0.0, "MRR_positive": 0.0, "P_AT_1": 0.0, "P_AT_10": 0.11922663802363051, "P_AT_K": 0.7056928034371643, "P_AT_K_positive": 0.0, "P_AT_K_negative": 0.0}], "P17": [{"MRR": 0.07105223958917066, "MRR_negative": 0.0, "MRR_positive": 0.0, "P_AT_1": 0.016129032258064516, "P_AT_10": 0.17096774193548386, "P_AT_K": 0.5731182795698925, "P_AT_K_positive": 0.0, "P_AT_K_negative": 0.0}], "P39": [{"MRR": 0.07581382650825032, "MRR_negative": 0.0, "MRR_positive": 0.0, "P_AT_1": 0.021300448430493273, "P_AT_10": 0.2365470852017937, "P_AT_K": 0.9103139013452914, "P_AT_K_positive": 0.0, "P_AT_K_negative": 0.0}], "P264": [{"MRR": 0.042439520925404935, "MRR_negative": 0.0, "MRR_positive": 0.0, "P_AT_1": 0.14685314685314685, "P_AT_10": 0.19347319347319347, "P_AT_K": 0.36363636363636365, "P_AT_K_positive": 0.0, "P_AT_K_negative": 0.0}], "P276": [{"MRR": 0.04726835658398759, "MRR_negative": 0.0, "MRR_positive": 0.0, "P_AT_1": 0.009394572025052192, "P_AT_10": 0.09498956158663883, "P_AT_K": 0.430062630480167, "P_AT_K_positive": 0.0, "P_AT_K_negative": 0.0}], "P937": [{"MRR": 0.045158055165932375, "MRR_negative": 0.0, "MRR_positive": 0.0, "P_AT_1": 0.07756813417190776, "P_AT_10": 0.15932914046121593, "P_AT_K": 0.44863731656184486, "P_AT_K_positive": 0.0, "P_AT_K_negative": 0.0}], "P140": [{"MRR": 0.007459104760236965, "MRR_negative": 0.0, "MRR_positive": 0.0, "P_AT_1": 0.0021141649048625794, "P_AT_10": 0.006342494714587738, "P_AT_K": 0.08456659619450317, "P_AT_K_positive": 0.0, "P_AT_K_negative": 0.0}], "P1303": [{"MRR": 0.0936893252385444, "MRR_negative": 0.0, "MRR_positive": 0.0, "P_AT_1": 0.005268703898840885, "P_AT_10": 0.2718651211801897, "P_AT_K": 0.624868282402529, "P_AT_K_positive": 0.0, "P_AT_K_negative": 0.0}], "P127": [{"MRR": 0.03305870753446765, "MRR_negative": 0.0, "MRR_positive": 0.0, "P_AT_1": 0.002911208151382824,