{"Google_RE": {"means": ["Mean P@1,10,k: 0.009207374033582233, 0.11190056297434636, 0.4438094266062346"], "place_of_birth": [{"MRR": 0.05541278792690222, "MRR_negative": 0.0, "MRR_positive": 0.05541278792690222, "P_AT_1": 0.010554988083077971, "P_AT_10": 0.14232209737827714, "P_AT_K": 0.4651004426285325, "P_AT_K_positive": 0.4651004426285325, "P_AT_K_negative": 0.0}], "date_of_birth": [{"MRR": 0.05387936224249585, "MRR_negative": 0.0, "MRR_positive": 0.05387936224249585, "P_AT_1": 0.01315068493150685, "P_AT_10": 0.14246575342465753, "P_AT_K": 0.7057534246575342, "P_AT_K_positive": 0.7057534246575342, "P_AT_K_negative": 0.0}], "place_of_death": [{"MRR": 0.02304149379828887, "MRR_negative": 0.0, "MRR_positive": 0.02304149379828887, "P_AT_1": 0.0039164490861618795, "P_AT_10": 0.050913838120104436, "P_AT_K": 0.16057441253263707, "P_AT_K_positive": 0.16057441253263707, "P_AT_K_negative": 0.0}]}, "TREx": {"means": ["Mean P@1,10,k: 0.05379056953791391, 0.199650105412093, 0.5124924907381891"], "P19": [{"MRR": 0.0648743917277822, "MRR_negative": 0.0, "MRR_positive": 0.0, "P_AT_1": 0.013771186440677966, "P_AT_10": 0.1620762711864407, "P_AT_K": 0.4555084745762712, "P_AT_K_positive": 0.0, "P_AT_K_negative": 0.0}], "P20": [{"MRR": 0.028463826635041333, "MRR_negative": 0.0, "MRR_positive": 0.0, "P_AT_1": 0.001049317943336831, "P_AT_10": 0.07974816369359916, "P_AT_K": 0.3001049317943337, "P_AT_K_positive": 0.0, "P_AT_K_negative": 0.0}], "P279": [{"MRR": 0.07834985841129996, "MRR_negative": 0.0, "MRR_positive": 0.0, "P_AT_1": 0.0508298755186722, "P_AT_10": 0.2074688796680498, "P_AT_K": 0.35684647302904565, "P_AT_K_positive": 0.0, "P_AT_K_negative": 0.0}], "P37": [{"MRR": 0.10570341879831681, "MRR_negative": 0.0, "MRR_positive": 0.0, "P_AT_1": 0.09006211180124224, "P_AT_10": 0.32608695652173914, "P_AT_K": 0.6759834368530021, "P_AT_K_positive": 0.0, "P_AT_K_negative": 0.0}], "P413": [{"MRR": 0.034401179723004396, "MRR_negative": 0.0, "MRR_positive": 0.0, "P_AT_1": 0.0021008403361344537, "P_AT_10": 0.06407563025210083, "P_AT_K": 0.6512605042016807, "P_AT_K_positive": 0.0, "P_AT_K_negative": 0.0}], "P449": [{"MRR": 0.31490184730351944, "MRR_negative": 0.0, "MRR_positive": 0.0, "P_AT_1": 0.30113636363636365, "P_AT_10": 0.7431818181818182, "P_AT_K": 0.8704545454545455, "P_AT_K_positive": 0.0, "P_AT_K_negative": 0.0}], "P47": [{"MRR": 0.037894846466696365, "MRR_negative": 0.0, "MRR_positive": 0.0, "P_AT_1": 0.005434782608695652, "P_AT_10": 0.10217391304347827, "P_AT_K": 0.39021739130434785, "P_AT_K_positive": 0.0, "P_AT_K_negative": 0.0}], "P138": [{"MRR": 0.002286581839362657, "MRR_negative": 0.0, "MRR_positive": 0.0, "P_AT_1": 0.0, "P_AT_10": 0.003115264797507788, "P_AT_K": 0.05763239875389408, "P_AT_K_positive": 0.0, "P_AT_K_negative": 0.0}], "P364": [{"MRR": 0.10578182267276824, "MRR_negative": 0.0, "MRR_positive": 0.0, "P_AT_1": 0.15771028037383178, "P_AT_10": 0.3878504672897196, "P_AT_K": 0.7021028037383178, "P_AT_K_positive": 0.0, "P_AT_K_negative": 0.0}], "P463": [{"MRR": 0.08512784550894915, "MRR_negative": 0.0, "MRR_positive": 0.0, "P_AT_1": 0.49777777777777776, "P_AT_10": 0.6577777777777778, "P_AT_K": 0.7511111111111111, "P_AT_K_positive": 0.0, "P_AT_K_negative": 0.0}], "P101": [{"MRR": 0.07387068133043542, "MRR_negative": 0.0, "MRR_positive": 0.0, "P_AT_1": 0.021551724137931036, "P_AT_10": 0.1896551724137931, "P_AT_K": 0.6839080459770115, "P_AT_K_positive": 0.0, "P_AT_K_negative": 0.0}], "P106": [{"MRR": 0.03521720322499455, "MRR_negative": 0.0, "MRR_positive": 0.0, "P_AT_1": 0.0041753653444676405, "P_AT_10": 0.06784968684759916, "P_AT_K": 0.5720250521920668, "P_AT_K_positive": 0.0, "P_AT_K_negative": 0.0}], "P527": [{"MRR": 0.020097998577407662, "MRR_negative": 0.0, "MRR_positive": 0.0, "P_AT_1": 0.0010245901639344263, "P_AT_10": 0.0389344262295082, "P_AT_K": 0.2858606557377049, "P_AT_K_positive": 0.0, "P_AT_K_negative": 0.0}], "P530": [{"MRR": 0.05303399386115528, "MRR_negative": 0.0, "MRR_positive": 0.0, "P_AT_1": 0.008032128514056224, "P_AT_10": 0.1355421686746988, "P_AT_K": 0.7269076305220884, "P_AT_K_positive": 0.0, "P_AT_K_negative": 0.0}], "P176": [{"MRR": 0.05160963095372577, "MRR_negative": 0.0, "MRR_positive": 0.0, "P_AT_1": 0.009249743062692703, "P_AT_10": 0.12949640287769784, "P_AT_K": 0.29393627954779034, "P_AT_K_positive": 0.0, "P_AT_K_negative": 0.0}], "P27": [{"MRR": 0.005827650188879602, "MRR_negative": 0.0, "MRR_positive": 0.0, "P_AT_1": 0.0, "P_AT_10": 0.0010351966873706005, "P_AT_K": 0.13871635610766045, "P_AT_K_positive": 0.0, "P_AT_K_negative": 0.0}], "P407": [{"MRR": 0.10026632387818815, "MRR_negative": 0.0, "MRR_positive": 0.0, "P_AT_1": 0.4321550741163056, "P_AT_10": 0.6579247434435576, "P_AT_K": 0.9327251995438997, "P_AT_K_positive": 0.0, "P_AT_K_negative": 0.0}], "P30": [{"MRR": 0.019699736155412685, "MRR_negative": 0.0, "MRR_positive": 0.0, "P_AT_1": 0.0010256410256410256, "P_AT_10": 0.033846153846153845, "P_AT_K": 0.3958974358974359, "P_AT_K_positive": 0.0, "P_AT_K_negative": 0.0}], "P178": [{"MRR": 0.09827368810054864, "MRR_negative": 0.0, "MRR_positive": 0.0, "P_AT_1": 0.011844331641285956, "P_AT_10": 0.2470389170896785, "P_AT_K": 0.6294416243654822, "P_AT_K_positive": 0.0, "P_AT_K_negative": 0.0}], "P1376": [{"MRR": 0.03615389058380255, "MRR_negative": 0.0, "MRR_positive": 0.0, "P_AT_1": 0.02575107296137339, "P_AT_10": 0.13304721030042918, "P_AT_K": 0.4678111587982833, "P_AT_K_positive": 0.0, "P_AT_K_negative": 0.0}], "P131": [{"MRR": 0.041401536183592394, "MRR_negative": 0.0, "MRR_positive": 0.0, "P_AT_1": 0.012485811577752554, "P_AT_10": 0.10102156640181612, "P_AT_K": 0.4551645856980704, "P_AT_K_positive": 0.0, "P_AT_K_negative": 0.0}], "P1412": [{"MRR": 0.17983731006401074, "MRR_negative": 0.0, "MRR_positive": 0.0, "P_AT_1": 0.11351909184726522, "P_AT_10": 0.5036119711042312, "P_AT_K": 0.7585139318885449, "P_AT_K_positive": 0.0, "P_AT_K_negative": 0.0}], "P108": [{"MRR": 0.06612960485712555, "MRR_negative": 0.0, "MRR_positive": 0.0, "P_AT_1": 0.013054830287206266, "P_AT_10": 0.17754569190600522, "P_AT_K": 0.639686684073107, "P_AT_K_positive": 0.0, "P_AT_K_negative": 0.0}], "P136": [{"MRR": 0.018331103747853034, "MRR_negative": 0.0, "MRR_positive": 0.0, "P_AT_1": 0.0, "P_AT_10": 0.01611170784103115, "P_AT_K": 0.5435016111707841, "P_AT_K_positive": 0.0, "P_AT_K_negative": 0.0}], "P17": [{"MRR": 0.04891666664943695, "MRR_negative": 0.0, "MRR_positive": 0.0, "P_AT_1": 0.013978494623655914, "P_AT_10": 0.10752688172043011, "P_AT_K": 0.4258064516129032, "P_AT_K_positive": 0.0, "P_AT_K_negative": 0.0}], "P39": [{"MRR": 0.12891657395871733, "MRR_negative": 0.0, "MRR_positive": 0.0, "P_AT_1": 0.05605381165919283, "P_AT_10": 0.3609865470852018, "P_AT_K": 0.9192825112107623, "P_AT_K_positive": 0.0, "P_AT_K_negative": 0.0}], "P264": [{"MRR": 0.039911132743368695, "MRR_negative": 0.0, "MRR_positive": 0.0, "P_AT_1": 0.1258741258741259, "P_AT_10": 0.1864801864801865, "P_AT_K": 0.3076923076923077, "P_AT_K_positive": 0.0, "P_AT_K_negative": 0.0}], "P276": [{"MRR": 0.027858517876228638, "MRR_negative": 0.0, "MRR_positive": 0.0, "P_AT_1": 0.0010438413361169101, "P_AT_10": 0.06263048016701461, "P_AT_K": 0.3079331941544885, "P_AT_K_positive": 0.0, "P_AT_K_negative": 0.0}], "P937": [{"MRR": 0.04686596760132635, "MRR_negative": 0.0, "MRR_positive": 0.0, "P_AT_1": 0.010482180293501049, "P_AT_10": 0.1278825995807128, "P_AT_K": 0.4612159329140461, "P_AT_K_positive": 0.0, "P_AT_K_negative": 0.0}], "P140": [{"MRR": 0.05766643103468503, "MRR_negative": 0.0, "MRR_positive": 0.0, "P_AT_1": 0.0, "P_AT_10": 0.13107822410147993, "P_AT_K": 0.8752642706131079, "P_AT_K_positive": 0.0, "P_AT_K_negative": 0.0}], "P1303": [{"MRR": 0.12989924288383017, "MRR_negative": 0.0, "MRR_positive": 0.0, "P_AT_1": 0.012644889357218124, "P_AT_10": 0.3055848261327713, "P_AT_K": 0.6743940990516333, "P_AT_K_positive": 0.0, "P_AT_K_negative": 0.0}], "P127": [{"MRR": 0.050574411832107126, "MRR_negative": 0.0, "MRR_positive": 0.0, "P_AT_1": 0.008733624454148471,