{"Google_RE": {"means": ["Mean P@1,10,k: 0.02157144976165283, 0.12513007102845916, 0.4929067556722659"], "place_of_birth": [{"MRR": 0.061593354315347335, "MRR_negative": 0.0, "MRR_positive": 0.061593354315347335, "P_AT_1": 0.04153898535921008, "P_AT_10": 0.1814776983316309, "P_AT_K": 0.5161729656111679, "P_AT_K_positive": 0.5161729656111679, "P_AT_K_negative": 0.0}], "date_of_birth": [{"MRR": 0.052536679464348916, "MRR_negative": 0.0, "MRR_positive": 0.052536679464348916, "P_AT_1": 0.015342465753424657, "P_AT_10": 0.12602739726027398, "P_AT_K": 0.6975342465753425, "P_AT_K_positive": 0.6975342465753425, "P_AT_K_negative": 0.0}], "place_of_death": [{"MRR": 0.029974399522177095, "MRR_negative": 0.0, "MRR_positive": 0.029974399522177095, "P_AT_1": 0.007832898172323759, "P_AT_10": 0.06788511749347259, "P_AT_K": 0.2650130548302872, "P_AT_K_positive": 0.2650130548302872, "P_AT_K_negative": 0.0}]}, "TREx": {"means": ["Mean P@1,10,k: 0.0675594977712158, 0.24855878401071776, 0.5545279425968902"], "P19": [{"MRR": 0.0782393911888364, "MRR_negative": 0.0, "MRR_positive": 0.0, "P_AT_1": 0.05614406779661017, "P_AT_10": 0.23728813559322035, "P_AT_K": 0.527542372881356, "P_AT_K_positive": 0.0, "P_AT_K_negative": 0.0}], "P20": [{"MRR": 0.06615786080321125, "MRR_negative": 0.0, "MRR_positive": 0.0, "P_AT_1": 0.024134312696747113, "P_AT_10": 0.1720881427072403, "P_AT_K": 0.459601259181532, "P_AT_K_positive": 0.0, "P_AT_K_negative": 0.0}], "P279": [{"MRR": 0.1362932118301285, "MRR_negative": 0.0, "MRR_positive": 0.0, "P_AT_1": 0.07053941908713693, "P_AT_10": 0.36099585062240663, "P_AT_K": 0.529045643153527, "P_AT_K_positive": 0.0, "P_AT_K_negative": 0.0}], "P37": [{"MRR": 0.1282665372420806, "MRR_negative": 0.0, "MRR_positive": 0.0, "P_AT_1": 0.047619047619047616, "P_AT_10": 0.3416149068322981, "P_AT_K": 0.6853002070393375, "P_AT_K_positive": 0.0, "P_AT_K_negative": 0.0}], "P413": [{"MRR": 0.02731224358566465, "MRR_negative": 0.0, "MRR_positive": 0.0, "P_AT_1": 0.0010504201680672268, "P_AT_10": 0.045168067226890755, "P_AT_K": 0.6271008403361344, "P_AT_K_positive": 0.0, "P_AT_K_negative": 0.0}], "P449": [{"MRR": 0.22895150313597537, "MRR_negative": 0.0, "MRR_positive": 0.0, "P_AT_1": 0.3181818181818182, "P_AT_10": 0.7193181818181819, "P_AT_K": 0.8738636363636364, "P_AT_K_positive": 0.0, "P_AT_K_negative": 0.0}], "P47": [{"MRR": 0.05429928625481771, "MRR_negative": 0.0, "MRR_positive": 0.0, "P_AT_1": 0.017391304347826087, "P_AT_10": 0.1391304347826087, "P_AT_K": 0.45, "P_AT_K_positive": 0.0, "P_AT_K_negative": 0.0}], "P138": [{"MRR": 0.005037046142526657, "MRR_negative": 0.0, "MRR_positive": 0.0, "P_AT_1": 0.0, "P_AT_10": 0.010903426791277258, "P_AT_K": 0.0778816199376947, "P_AT_K_positive": 0.0, "P_AT_K_negative": 0.0}], "P364": [{"MRR": 0.1554912614520765, "MRR_negative": 0.0, "MRR_positive": 0.0, "P_AT_1": 0.10981308411214953, "P_AT_10": 0.4497663551401869, "P_AT_K": 0.8119158878504673, "P_AT_K_positive": 0.0, "P_AT_K_negative": 0.0}], "P463": [{"MRR": 0.0976146995664436, "MRR_negative": 0.0, "MRR_positive": 0.0, "P_AT_1": 0.5111111111111111, "P_AT_10": 0.7111111111111111, "P_AT_K": 0.7377777777777778, "P_AT_K_positive": 0.0, "P_AT_K_negative": 0.0}], "P101": [{"MRR": 0.11679503590183217, "MRR_negative": 0.0, "MRR_positive": 0.0, "P_AT_1": 0.04885057471264368, "P_AT_10": 0.3204022988505747, "P_AT_K": 0.6781609195402298, "P_AT_K_positive": 0.0, "P_AT_K_negative": 0.0}], "P106": [{"MRR": 0.038724662998437326, "MRR_negative": 0.0, "MRR_positive": 0.0, "P_AT_1": 0.006263048016701462, "P_AT_10": 0.09290187891440502, "P_AT_K": 0.5835073068893528, "P_AT_K_positive": 0.0, "P_AT_K_negative": 0.0}], "P527": [{"MRR": 0.03577435827655078, "MRR_negative": 0.0, "MRR_positive": 0.0, "P_AT_1": 0.0030737704918032786, "P_AT_10": 0.0860655737704918, "P_AT_K": 0.42110655737704916, "P_AT_K_positive": 0.0, "P_AT_K_negative": 0.0}], "P530": [{"MRR": 0.04666312281731665, "MRR_negative": 0.0, "MRR_positive": 0.0, "P_AT_1": 0.012048192771084338, "P_AT_10": 0.09437751004016064, "P_AT_K": 0.7590361445783133, "P_AT_K_positive": 0.0, "P_AT_K_negative": 0.0}], "P176": [{"MRR": 0.03867094359198187, "MRR_negative": 0.0, "MRR_positive": 0.0, "P_AT_1": 0.02877697841726619, "P_AT_10": 0.0986639260020555, "P_AT_K": 0.4686536485097636, "P_AT_K_positive": 0.0, "P_AT_K_negative": 0.0}], "P27": [{"MRR": 0.006726285103401777, "MRR_negative": 0.0, "MRR_positive": 0.0, "P_AT_1": 0.0, "P_AT_10": 0.003105590062111801, "P_AT_K": 0.16977225672877846, "P_AT_K_positive": 0.0, "P_AT_K_negative": 0.0}], "P407": [{"MRR": 0.16207737308303805, "MRR_negative": 0.0, "MRR_positive": 0.0, "P_AT_1": 0.26225769669327254, "P_AT_10": 0.5427594070695553, "P_AT_K": 0.7571265678449259, "P_AT_K_positive": 0.0, "P_AT_K_negative": 0.0}], "P30": [{"MRR": 0.03351594485199956, "MRR_negative": 0.0, "MRR_positive": 0.0, "P_AT_1": 0.006153846153846154, "P_AT_10": 0.07179487179487179, "P_AT_K": 0.6153846153846154, "P_AT_K_positive": 0.0, "P_AT_K_negative": 0.0}], "P178": [{"MRR": 0.1382438430644788, "MRR_negative": 0.0, "MRR_positive": 0.0, "P_AT_1": 0.233502538071066, "P_AT_10": 0.5482233502538071, "P_AT_K": 0.7445008460236887, "P_AT_K_positive": 0.0, "P_AT_K_negative": 0.0}], "P1376": [{"MRR": 0.08684435620892214, "MRR_negative": 0.0, "MRR_positive": 0.0, "P_AT_1": 0.03862660944206009, "P_AT_10": 0.22746781115879827, "P_AT_K": 0.4678111587982833, "P_AT_K_positive": 0.0, "P_AT_K_negative": 0.0}], "P131": [{"MRR": 0.08608940241592017, "MRR_negative": 0.0, "MRR_positive": 0.0, "P_AT_1": 0.02724177071509648, "P_AT_10": 0.2122587968217934, "P_AT_K": 0.5788876276958003, "P_AT_K_positive": 0.0, "P_AT_K_negative": 0.0}], "P1412": [{"MRR": 0.13571028089996154, "MRR_negative": 0.0, "MRR_positive": 0.0, "P_AT_1": 0.07327141382868937, "P_AT_10": 0.40144478844169246, "P_AT_K": 0.5706914344685242, "P_AT_K_positive": 0.0, "P_AT_K_negative": 0.0}], "P108": [{"MRR": 0.013541485184327908, "MRR_negative": 0.0, "MRR_positive": 0.0, "P_AT_1": 0.0, "P_AT_10": 0.013054830287206266, "P_AT_K": 0.21671018276762402, "P_AT_K_positive": 0.0, "P_AT_K_negative": 0.0}], "P136": [{"MRR": 0.01895764539938156, "MRR_negative": 0.0, "MRR_positive": 0.0, "P_AT_1": 0.0, "P_AT_10": 0.01288936627282492, "P_AT_K": 0.602577873254565, "P_AT_K_positive": 0.0, "P_AT_K_negative": 0.0}], "P17": [{"MRR": 0.08031305010516883, "MRR_negative": 0.0, "MRR_positive": 0.0, "P_AT_1": 0.01935483870967742, "P_AT_10": 0.19032258064516128, "P_AT_K": 0.5774193548387097, "P_AT_K_positive": 0.0, "P_AT_K_negative": 0.0}], "P39": [{"MRR": 0.060249018977628827, "MRR_negative": 0.0, "MRR_positive": 0.0, "P_AT_1": 0.007847533632286996, "P_AT_10": 0.11659192825112108, "P_AT_K": 0.5829596412556054, "P_AT_K_positive": 0.0, "P_AT_K_negative": 0.0}], "P264": [{"MRR": 0.1493310020007343, "MRR_negative": 0.0, "MRR_positive": 0.0, "P_AT_1": 0.10256410256410256, "P_AT_10": 0.48951048951048953, "P_AT_K": 0.5944055944055944, "P_AT_K_positive": 0.0, "P_AT_K_negative": 0.0}], "P276": [{"MRR": 0.08223854102967486, "MRR_negative": 0.0, "MRR_positive": 0.0, "P_AT_1": 0.05741127348643006, "P_AT_10": 0.20981210855949894, "P_AT_K": 0.5093945720250522, "P_AT_K_positive": 0.0, "P_AT_K_negative": 0.0}], "P937": [{"MRR": 0.09539852437589559, "MRR_negative": 0.0, "MRR_positive": 0.0, "P_AT_1": 0.1090146750524109, "P_AT_10": 0.319706498951782, "P_AT_K": 0.5828092243186582, "P_AT_K_positive": 0.0, "P_AT_K_negative": 0.0}], "P140": [{"MRR": 0.04437671059411767, "MRR_negative": 0.0, "MRR_positive": 0.0, "P_AT_1": 0.0021141649048625794, "P_AT_10": 0.08879492600422834, "P_AT_K": 0.7293868921775899, "P_AT_K_positive": 0.0, "P_AT_K_negative": 0.0}], "P1303": [{"MRR": 0.1250458152037447, "MRR_negative": 0.0, "MRR_positive": 0.0, "P_AT_1": 0.05690200210748156, "P_AT_10": 0.3287671232876712, "P_AT_K": 0.547945205479452, "P_AT_K_positive": 0.0, "P_AT_K_negative": 0.0}], "P127": [{"MRR": 0.07942248835574885, "MRR_negative": 0.0, "MRR_positive": 0.0, "P_AT_1": 0.07132459970887918, "P_AT_10": 0.23871906841339155, "P_AT_K": 0.4570596797671033,