{"Google_RE": {"means": ["Mean P@1,10,k: 0.012506013708344088, 0.0858177371766331, 0.40127917182296563"], "place_of_birth": [{"MRR": 0.04818547153247882, "MRR_negative": 0.0, "MRR_positive": 0.04818547153247882, "P_AT_1": 0.010554988083077971, "P_AT_10": 0.11746680286006128, "P_AT_K": 0.424923391215526, "P_AT_K_positive": 0.424923391215526, "P_AT_K_negative": 0.0}], "date_of_birth": [{"MRR": 0.04915890796774426, "MRR_negative": 0.0, "MRR_positive": 0.04915890796774426, "P_AT_1": 0.012602739726027398, "P_AT_10": 0.10082191780821918, "P_AT_K": 0.6235616438356164, "P_AT_K_positive": 0.6235616438356164, "P_AT_K_negative": 0.0}], "place_of_death": [{"MRR": 0.012854944719340953, "MRR_negative": 0.0, "MRR_positive": 0.012854944719340953, "P_AT_1": 0.014360313315926894, "P_AT_10": 0.0391644908616188, "P_AT_K": 0.15535248041775457, "P_AT_K_positive": 0.15535248041775457, "P_AT_K_negative": 0.0}]}, "TREx": {"means": ["Mean P@1,10,k: 0.0359418132852644, 0.1641832338563688, 0.4270573434876133"], "P19": [{"MRR": 0.056514000887517825, "MRR_negative": 0.0, "MRR_positive": 0.0, "P_AT_1": 0.01694915254237288, "P_AT_10": 0.1451271186440678, "P_AT_K": 0.4523305084745763, "P_AT_K_positive": 0.0, "P_AT_K_negative": 0.0}], "P20": [{"MRR": 0.03252225486734409, "MRR_negative": 0.0, "MRR_positive": 0.0, "P_AT_1": 0.02098635886673662, "P_AT_10": 0.09024134312696747, "P_AT_K": 0.29275970619097585, "P_AT_K_positive": 0.0, "P_AT_K_negative": 0.0}], "P279": [{"MRR": 0.051189731196044745, "MRR_negative": 0.0, "MRR_positive": 0.0, "P_AT_1": 0.007261410788381743, "P_AT_10": 0.13692946058091288, "P_AT_K": 0.3049792531120332, "P_AT_K_positive": 0.0, "P_AT_K_negative": 0.0}], "P37": [{"MRR": 0.09972075248489998, "MRR_negative": 0.0, "MRR_positive": 0.0, "P_AT_1": 0.09109730848861283, "P_AT_10": 0.3053830227743271, "P_AT_K": 0.6149068322981367, "P_AT_K_positive": 0.0, "P_AT_K_negative": 0.0}], "P413": [{"MRR": 0.005406408247423731, "MRR_negative": 0.0, "MRR_positive": 0.0, "P_AT_1": 0.0, "P_AT_10": 0.0031512605042016808, "P_AT_K": 0.12184873949579832, "P_AT_K_positive": 0.0, "P_AT_K_negative": 0.0}], "P449": [{"MRR": 0.17280015809721624, "MRR_negative": 0.0, "MRR_positive": 0.0, "P_AT_1": 0.2863636363636364, "P_AT_10": 0.7113636363636363, "P_AT_K": 0.8670454545454546, "P_AT_K_positive": 0.0, "P_AT_K_negative": 0.0}], "P47": [{"MRR": 0.03613032293294725, "MRR_negative": 0.0, "MRR_positive": 0.0, "P_AT_1": 0.003260869565217391, "P_AT_10": 0.08478260869565217, "P_AT_K": 0.35108695652173916, "P_AT_K_positive": 0.0, "P_AT_K_negative": 0.0}], "P138": [{"MRR": 0.0017900372686571304, "MRR_negative": 0.0, "MRR_positive": 0.0, "P_AT_1": 0.0, "P_AT_10": 0.003115264797507788, "P_AT_K": 0.04361370716510903, "P_AT_K_positive": 0.0, "P_AT_K_negative": 0.0}], "P364": [{"MRR": 0.15709437481132563, "MRR_negative": 0.0, "MRR_positive": 0.0, "P_AT_1": 0.04088785046728972, "P_AT_10": 0.3901869158878505, "P_AT_K": 0.647196261682243, "P_AT_K_positive": 0.0, "P_AT_K_negative": 0.0}], "P463": [{"MRR": 0.2777526748328675, "MRR_negative": 0.0, "MRR_positive": 0.0, "P_AT_1": 0.15555555555555556, "P_AT_10": 0.5466666666666666, "P_AT_K": 0.6533333333333333, "P_AT_K_positive": 0.0, "P_AT_K_negative": 0.0}], "P101": [{"MRR": 0.08755338060898298, "MRR_negative": 0.0, "MRR_positive": 0.0, "P_AT_1": 0.02586206896551724, "P_AT_10": 0.23706896551724138, "P_AT_K": 0.6379310344827587, "P_AT_K_positive": 0.0, "P_AT_K_negative": 0.0}], "P106": [{"MRR": 0.0573703539498935, "MRR_negative": 0.0, "MRR_positive": 0.0, "P_AT_1": 0.014613778705636743, "P_AT_10": 0.15031315240083507, "P_AT_K": 0.6492693110647182, "P_AT_K_positive": 0.0, "P_AT_K_negative": 0.0}], "P527": [{"MRR": 0.037630842403785565, "MRR_negative": 0.0, "MRR_positive": 0.0, "P_AT_1": 0.004098360655737705, "P_AT_10": 0.10245901639344263, "P_AT_K": 0.34938524590163933, "P_AT_K_positive": 0.0, "P_AT_K_negative": 0.0}], "P530": [{"MRR": 0.05380081270300185, "MRR_negative": 0.0, "MRR_positive": 0.0, "P_AT_1": 0.008032128514056224, "P_AT_10": 0.1144578313253012, "P_AT_K": 0.7158634538152611, "P_AT_K_positive": 0.0, "P_AT_K_negative": 0.0}], "P176": [{"MRR": 0.009383924689047968, "MRR_negative": 0.0, "MRR_positive": 0.0, "P_AT_1": 0.0010277492291880781, "P_AT_10": 0.020554984583761562, "P_AT_K": 0.1223021582733813, "P_AT_K_positive": 0.0, "P_AT_K_negative": 0.0}], "P27": [{"MRR": 0.00917665033959016, "MRR_negative": 0.0, "MRR_positive": 0.0, "P_AT_1": 0.0, "P_AT_10": 0.012422360248447204, "P_AT_K": 0.1915113871635611, "P_AT_K_positive": 0.0, "P_AT_K_negative": 0.0}], "P407": [{"MRR": 0.1319183169058, "MRR_negative": 0.0, "MRR_positive": 0.0, "P_AT_1": 0.3865450399087799, "P_AT_10": 0.6499429874572406, "P_AT_K": 0.8939566704675028, "P_AT_K_positive": 0.0, "P_AT_K_negative": 0.0}], "P30": [{"MRR": 0.006964215212917664, "MRR_negative": 0.0, "MRR_positive": 0.0, "P_AT_1": 0.0, "P_AT_10": 0.009230769230769232, "P_AT_K": 0.10974358974358975, "P_AT_K_positive": 0.0, "P_AT_K_negative": 0.0}], "P178": [{"MRR": 0.021118161063103172, "MRR_negative": 0.0, "MRR_positive": 0.0, "P_AT_1": 0.001692047377326565, "P_AT_10": 0.05922165820642978, "P_AT_K": 0.3130287648054145, "P_AT_K_positive": 0.0, "P_AT_K_negative": 0.0}], "P1376": [{"MRR": 0.0330613571121977, "MRR_negative": 0.0, "MRR_positive": 0.0, "P_AT_1": 0.012875536480686695, "P_AT_10": 0.08583690987124463, "P_AT_K": 0.33476394849785407, "P_AT_K_positive": 0.0, "P_AT_K_negative": 0.0}], "P131": [{"MRR": 0.03481584482496937, "MRR_negative": 0.0, "MRR_positive": 0.0, "P_AT_1": 0.0056753688989784334, "P_AT_10": 0.08286038592508513, "P_AT_K": 0.4335981838819523, "P_AT_K_positive": 0.0, "P_AT_K_negative": 0.0}], "P1412": [{"MRR": 0.12513831066407904, "MRR_negative": 0.0, "MRR_positive": 0.0, "P_AT_1": 0.07017543859649122, "P_AT_10": 0.33746130030959753, "P_AT_K": 0.6976264189886481, "P_AT_K_positive": 0.0, "P_AT_K_negative": 0.0}], "P108": [{"MRR": 0.013775595398162588, "MRR_negative": 0.0, "MRR_positive": 0.0, "P_AT_1": 0.0, "P_AT_10": 0.02610966057441253, "P_AT_K": 0.2584856396866841, "P_AT_K_positive": 0.0, "P_AT_K_negative": 0.0}], "P136": [{"MRR": 0.020829564985041515, "MRR_negative": 0.0, "MRR_positive": 0.0, "P_AT_1": 0.0, "P_AT_10": 0.011815252416756176, "P_AT_K": 0.5660580021482277, "P_AT_K_positive": 0.0, "P_AT_K_negative": 0.0}], "P17": [{"MRR": 0.01836108895716058, "MRR_negative": 0.0, "MRR_positive": 0.0, "P_AT_1": 0.00967741935483871, "P_AT_10": 0.04086021505376344, "P_AT_K": 0.2989247311827957, "P_AT_K_positive": 0.0, "P_AT_K_negative": 0.0}], "P39": [{"MRR": 0.059671066915538334, "MRR_negative": 0.0, "MRR_positive": 0.0, "P_AT_1": 0.005605381165919282, "P_AT_10": 0.14349775784753363, "P_AT_K": 0.7522421524663677, "P_AT_K_positive": 0.0, "P_AT_K_negative": 0.0}], "P264": [{"MRR": 0.04432905228979949, "MRR_negative": 0.0, "MRR_positive": 0.0, "P_AT_1": 0.023310023310023312, "P_AT_10": 0.1561771561771562, "P_AT_K": 0.2540792540792541, "P_AT_K_positive": 0.0, "P_AT_K_negative": 0.0}], "P276": [{"MRR": 0.0158211891906788, "MRR_negative": 0.0, "MRR_positive": 0.0, "P_AT_1": 0.003131524008350731, "P_AT_10": 0.038622129436325675, "P_AT_K": 0.24425887265135698, "P_AT_K_positive": 0.0, "P_AT_K_negative": 0.0}], "P937": [{"MRR": 0.05262492439802628, "MRR_negative": 0.0, "MRR_positive": 0.0, "P_AT_1": 0.04716981132075472, "P_AT_10": 0.1792452830188679, "P_AT_K": 0.3909853249475891, "P_AT_K_positive": 0.0, "P_AT_K_negative": 0.0}], "P140": [{"MRR": 0.024925660240466586, "MRR_negative": 0.0, "MRR_positive": 0.0, "P_AT_1": 0.0, "P_AT_10": 0.016913319238900635, "P_AT_K": 0.6976744186046512, "P_AT_K_positive": 0.0, "P_AT_K_negative": 0.0}], "P1303": [{"MRR": 0.10345543224209623, "MRR_negative": 0.0, "MRR_positive": 0.0, "P_AT_1": 0.02107481559536354, "P_AT_10": 0.27713382507903056, "P_AT_K": 0.4594309799789252, "P_AT_K_positive": 0.0, "P_AT_K_negative": 0.0}], "P127": [{"MRR": 0.01596302449133173, "MRR_negative": 0.0, "MRR_positive": 0.0, "P_AT_1": 0.0, "P_AT_10": 0.050946142649199416, "P_AT_K": 0.2794759825327511, "P_AT_K_positive": 0.0,